Mass,enterococcus_faecium_s_1054_-_d1,enterococcus_faecium_s_1065_-_d1,enterococcus_faecium_s_1269_-_d1,enterococcus_faecium_s_142_-_d1,enterococcus_faecium_s_1508_-_d1,enterococcus_faecium_s_1514_-_d1,enterococcus_faecium_s_1604_-_d1,enterococcus_faecium_s_1841_-_d1,enterococcus_faecium_s_1856_-_d1,enterococcus_faecium_s_1963_-_d1,enterococcus_faecium_s_2090_-_d1,enterococcus_faecium_s_2217_-_d1,enterococcus_faecium_s_276_-_d1,enterococcus_faecium_s_491_-_d1,enterococcus_faecium_s_974_-_d1,enterococcus_faecium_s_g-13_-_d1,enterococcus_faecium_s_g-1_-_d1,enterococcus_faecium_s_g-20_-_d1,enterococcus_faecium_s_g-3_-_d1,enterococcus_faecium_vana_1281_-_d1,enterococcus_faecium_vana_1575_-_d1,enterococcus_faecium_vana_1686_-_d1,enterococcus_faecium_vana_1906_-_d1,enterococcus_faecium_vana_1999_-_d1,enterococcus_faecium_vana_2087_-_d1,enterococcus_faecium_vana_2110_-_d1,enterococcus_faecium_vana_2690_-_d1,enterococcus_faecium_vana_2691_-_d1,enterococcus_faecium_vana_2799_-_d1,enterococcus_faecium_vana_2800_-_d1,enterococcus_faecium_vana_3249_-_d1,enterococcus_faecium_vana_3718_-_d1,enterococcus_faecium_vana_4021_-_d1,enterococcus_faecium_vana_4100_-_d1,enterococcus_faecium_vana_4179_-_d1,enterococcus_faecium_vana_4807_-_d1,enterococcus_faecium_vana_4903_-_d1,enterococcus_faecium_vana_750_-_d1,enterococcus_faecium_vana_918_-_d1,enterococcus_faecium_vana_979_-_d1,enterococcus_faecium_vanb_1080_-_d1,enterococcus_faecium_vanb_1095_-_d1,enterococcus_faecium_vanb_1144_-_d1,enterococcus_faecium_vanb_1213_-_d1,enterococcus_faecium_vanb_1303_-_d1,enterococcus_faecium_vanb_1791_-_d1,enterococcus_faecium_vanb_2038_-_d1,enterococcus_faecium_vanb_2043_-_d1,enterococcus_faecium_vanb_2119_-_d1,enterococcus_faecium_vanb_2167_-_d1,enterococcus_faecium_vanb_2446_-_d1,enterococcus_faecium_vanb_2_-_d1,enterococcus_faecium_vanb_313_-_d1,enterococcus_faecium_vanb_342_-_d1,enterococcus_faecium_vanb_468_-_d1,enterococcus_faecium_vanb_736_-_d1,enterococcus_faecium_vanb_775_-_d1,enterococcus_faecium_vanb_834_-_d1,enterococcus_faecium_vanb_887_-_d1
2000.830835439,0,0,0,0,0,0,0,0,0,0,0,0,0,0,0,0,0,0,0,0,0,0,0,0,0,0,0.0089028949,0.0117559761,0.0120778776,0.0267268878,0,0.0093582097,0,0.00623095,0,0.0224657592,0.0094962185,0,0,0,0,0,0,0.0291904168,0,0,0.0217656363,0,0,0.0242992997,0,0,0,0,0,0,0,0,0
2009.6100076264,0,0,0.0083294108,0,0.0086331245,0.0097579802,0,0,0,0.0079921846,0,0,0.0085761888,0,0.0062066551,0,0,0,0.0081430627,0,0,0,0,0,0,0,0,0,0,0.0068337687,0,0,0,0,0,0.009356251,0,0,0,0,0.007423178,0.0067918917,0.0138718393,0.0111583105,0.006682585,0.010003085,0.0085390741,0,0,0.0103930604,0.0097915917,0.0084068056,0,0.0066321441,0,0,0.0075854204,0,0
2016.0929995353,0.0201517812,0.0064186836,0.0258110992,0.0161074527,0.0276695323,0.0387565489,0.024011776,0.0182345083,0.0078482697,0.0135105332,0.0119359749,0.0125759702,0.0242020534,0.0148438203,0.0153015307,0,0.0079154489,0.0067591464,0.0345970943,0.0131307201,0.0080252608,0.0154177695,0.0110588173,0.0133761181,0.0068693529,0.0108855773,0.0219306083,0.0197933781,0.0215529577,0.0367396784,0.0066484261,0.014216215,0.0156510749,0.0107349032,0.0077804825,0.0315371894,0.0149032606,0.0167269433,0.0061200308,0.019892833,0.0257176053,0.0224548359,0.0470895392,0.0526743146,0.021783438,0.0338838955,0.0403087666,0.0109519854,0.0234764742,0.0514369132,0.026477719,0.0260637561,0.0113265979,0.0168099842,0.0159912052,0.0097785512,0.0148562971,0.0099379783,0.0141698127
2033.5362398934,0,0,0.0050408865,0,0,0.0069453439,0,0,0,0,0,0,0,0,0,0,0,0,0,0,0,0,0,0,0,0,0,0,0,0,0,0,0,0,0,0,0,0,0,0,0,0,0,0.0079166412,0,0.0065679269,0,0,0,0.0086283225,0,0,0,0,0,0,0,0,0
2041.1213615263,0,0,0,0,0,0,0,0,0,0,0,0,0,0,0,0,0,0,0,0,0,0,0,0,0,0,0,0,0,0.0071001884,0,0,0,0,0,0,0,0,0,0,0,0,0.0098795092,0.0080566822,0,0.0066638437,0,0,0,0,0.0065202789,0,0,0,0,0,0,0,0
2049.9885484832,0,0,0.0061008698,0,0,0,0,0,0,0,0,0,0,0,0,0,0,0,0,0,0,0,0,0,0,0,0,0,0,0,0,0,0,0,0,0.0069562465,0,0,0,0,0,0,0,0.0096300489,0,0.0073718782,0.0069358088,0,0,0.0088154349,0.0082717912,0,0,0,0,0,0,0,0
2058.8749893012,0.0082072051,0,0.0223731486,0.0193279654,0.0223961718,0.0229727516,0.0204508012,0.019326273,0.0123970188,0.0414686682,0.0093670942,0.0191738356,0.0202626961,0.0079791954,0.0247066599,0,0,0.0055193431,0.0196211569,0.0296578643,0.0097921539,0.0215306718,0.0155906606,0.0103733463,0.0171846099,0.0090295643,0.0112339839,0.0138035204,0.0136339312,0.0210969948,0.0105402339,0,0.0167987292,0,0,0.0234291673,0.0106426362,0.012754732,0,0.0230170214,0.0160053608,0.0243444024,0.0369749577,0.0322183337,0.018402601,0.0364748477,0.0236508605,0.0365525225,0.0164233925,0.037800334,0.0490452146,0.0133597551,0,0.0197107343,0.0132561989,0.0114369044,0.0205934586,0,0.012163759
2065.234235232,0,0,0.0099065124,0,0.0088017726,0.0086510819,0.0071702116,0.0069373522,0,0.009026663,0,0,0,0,0.0062428832,0,0,0,0,0,0,0,0,0,0,0,0,0,0,0,0,0,0,0,0,0.0085193548,0,0,0,0,0,0,0.0182289289,0.0142283167,0.0069699843,0.0101758897,0.0106140508,0.0076361917,0,0.0127667697,0.0103442517,0,0,0,0,0,0,0,0
2080.5365058962,0,0,0.0058109834,0,0,0,0,0,0,0,0,0,0,0,0,0,0,0,0,0,0,0,0,0,0,0,0,0,0,0.0068713572,0,0,0,0,0,0,0,0,0,0,0,0,0.0094438268,0.0081130259,0,0,0,0,0,0.0078157449,0,0,0,0,0,0,0,0,0
2089.4889616701,0,0,0.011266987,0.0089572329,0.0110632614,0.011946668,0.0096945503,0.007602322,0,0.0116294899,0.0054370816,0,0.0132768684,0.0057821933,0.0096451133,0,0,0,0.014032138,0.0098708558,0.0061139845,0.0101223393,0.0074566951,0.0061030343,0.0071230864,0.0071146537,0,0.0097968442,0.0107296382,0.0162885244,0,0,0.0086054523,0,0,0.0185674188,0.0076717086,0.0084393599,0,0.0095884377,0.0111461469,0.0109951677,0.0089666454,0.0191710613,0.0083395722,0.0105602386,0.0133489882,0.0109090929,0,0.0166962296,0.0108032852,0.012118664,0,0.0092615874,0.007955419,0,0.0080087246,0,0.007008193
2097.1778204813,0,0,0.0051433093,0,0,0,0,0,0,0,0,0,0,0,0,0,0,0,0,0,0,0,0,0,0,0,0,0,0.005500006,0.0075807375,0,0,0.0062967378,0,0,0,0,0,0,0,0,0,0,0.0079953256,0,0,0,0,0,0.0094426259,0.006134268,0,0,0,0,0,0,0,0
2107.4516380338,0,0,0.0059486167,0,0,0,0,0,0,0,0,0,0,0,0,0,0,0,0,0,0,0,0,0,0,0,0,0,0,0,0,0,0,0,0,0.0069486501,0,0,0,0,0.0064771099,0,0.0086994217,0.0101083752,0,0,0.0067816535,0,0,0.0082256389,0,0.0063968185,0,0,0,0,0,0,0
2130.6596819984,0,0,0,0,0,0,0,0,0,0,0,0,0,0,0,0,0,0,0,0,0,0,0,0,0,0,0,0,0,0,0,0,0,0,0,0,0,0,0,0,0,0,0,0.0081674656,0,0,0,0,0,0,0,0,0,0,0,0,0,0,0
2181.3805768837,0,0,0,0,0,0,0,0,0,0,0,0,0,0,0,0,0,0,0,0,0,0,0,0,0,0,0,0,0,0,0,0,0,0,0,0,0,0,0,0,0,0,0,0.0065917952,0,0,0,0,0,0,0,0,0,0,0,0,0,0,0
2187.9264852485,0,0,0.0059634997,0.0068277266,0,0,0,0,0,0.0103840186,0,0,0,0,0.0065288528,0,0,0,0,0.0072712627,0,0,0,0,0,0,0,0,0,0,0,0,0,0,0,0.0065429716,0,0,0,0,0.0062357261,0.0083778416,0,0.0091159626,0,0.0085311472,0.006461403,0.0090326581,0,0.0098788407,0.0109811539,0,0,0.0073373061,0,0,0,0,0
2206.3072988025,0,0,0,0,0,0,0,0,0,0,0,0,0,0,0,0,0,0,0,0,0,0,0,0,0,0,0,0,0,0.0095153448,0,0,0,0,0,0.0075080163,0,0,0,0,0,0,0,0.0084803068,0,0,0,0,0,0,0,0,0,0,0,0,0,0,0
2212.890543227,0.0091320573,0.0039834506,0.0075305542,0.0177022625,0.0088818133,0.0093275919,0.0107602294,0.0114774908,0.0078724435,0.0171247661,0.0072466194,0.0153483912,0.0098160305,0.0072771864,0.0123985349,0,0,0.0055726432,0.0101010036,0.016331437,0.0067154515,0.009159049,0.0121719538,0.0061447726,0.0103152529,0,0.0090786459,0.0078571732,0.007424537,0.0109901492,0.0072178765,0,0.0091081755,0,0,0.0078028839,0.0100494755,0.0079407754,0,0.0156149267,0.0143115656,0.0153110322,0.0216789326,0.0103250936,0.014295159,0.0225837974,0.0139805075,0.0169804055,0.0083812408,0.0137606701,0.0223919302,0.0107735642,0.0054521103,0.0132762744,0.0084430557,0.0111685949,0.0166949556,0,0.0096252214
2220.8034061731,0,0,0.0051141605,0.0063758238,0.007460282,0.0073321644,0.0062448799,0,0,0.0069616098,0,0,0,0,0,0,0,0,0.0085849939,0,0,0,0,0.0055520239,0,0,0,0.0066831481,0.0064026203,0.0139782896,0,0,0.0057491755,0,0,0.0116539201,0.00683418,0,0,0,0.008001017,0.0069991911,0.0089102553,0.0155840713,0.0072550451,0.0103904385,0.0108842522,0,0,0.012305426,0.0093136208,0.0071422016,0,0.0059571729,0,0,0,0,0
2241.9735464701,0,0,0.0073474958,0,0.0075341071,0.0080238094,0.0065995154,0,0,0.0106737384,0,0,0,0,0.0071940996,0,0,0,0,0,0,0,0,0,0,0,0,0,0,0.0083118691,0,0,0,0,0,0.008908963,0,0,0,0,0,0.0066515431,0.0105741949,0.0120037219,0,0.0090285781,0.0081872936,0.0090731135,0,0.0118164862,0.0105343967,0,0,0,0,0,0,0,0
2251.2671218947,0,0,0,0,0,0,0,0,0,0,0,0,0,0,0,0,0,0,0,0,0,0,0,0,0,0,0,0,0,0,0,0,0,0,0,0,0,0,0,0,0,0,0.0110248388,0,0,0,0,0,0,0,0,0,0,0,0,0,0,0,0
2265.9102227177,0,0,0,0,0,0,0,0,0,0,0,0,0,0,0,0,0,0,0,0,0,0,0,0,0,0,0,0,0,0,0,0,0,0,0,0,0,0,0,0,0,0,0.0128373063,0,0,0,0,0,0,0,0,0,0,0,0,0,0,0,0
2328.8992798815,0,0,0,0,0,0,0,0,0,0,0,0,0,0,0,0,0,0,0,0,0,0,0,0,0,0,0,0,0,0,0,0,0,0,0,0,0,0,0,0,0,0,0,0.0078455948,0,0,0,0,0,0,0.0061331426,0,0,0,0,0,0,0,0
2406.3610733402,0.0081409951,0,0.0268528393,0.0151065008,0.0284905101,0.0276472014,0.0240495859,0.0197283684,0.0130448631,0.035950908,0.0115320248,0.0156257363,0.020982127,0.0081840533,0.0247505291,0,0,0.0054372386,0.0226418841,0.0223020643,0.0107256282,0.0205194772,0.0142426342,0.0111504912,0.0149536918,0.011632551,0.0104402316,0.0161007156,0.0177931772,0.0266622008,0.0112543293,0,0.0153015091,0.0079847656,0,0.0327324772,0.0134479802,0.0144130193,0,0.0184843565,0.0182134932,0.0201883287,0.031676218,0.0430616442,0.0212515292,0.0321617369,0.0318914956,0.0319926962,0.0157883167,0.041783831,0.0358146435,0.0187451771,0.0061341612,0.0161919426,0.012680766,0.0092281379,0.015134157,0,0.0106700132
2427.8224054138,0,0,0,0.0080651781,0,0,0,0,0,0.0101410382,0,0.0076346736,0,0,0,0,0,0,0,0.0090566994,0,0,0,0,0.0059903099,0,0,0,0,0.0072796383,0,0,0,0,0,0,0,0,0,0,0,0,0,0.006264327,0.0060347406,0.0067952505,0,0,0,0,0.0119480776,0,0,0,0,0,0,0,0
2446.8381548641,0,0,0,0,0,0,0,0,0,0,0,0,0,0,0,0,0,0,0,0,0,0,0,0,0,0,0,0,0,0,0,0,0,0,0,0,0,0,0,0,0,0,0,0.0074902529,0,0,0,0,0,0.0078541329,0,0,0,0,0,0,0,0,0
2536.561111744,0,0,0.0051484935,0,0,0,0,0,0,0.0071568196,0,0,0,0,0,0,0,0,0,0,0,0,0,0,0,0,0,0,0,0,0,0,0,0,0,0.0069380859,0,0,0,0,0,0,0,0.0091942178,0,0,0.0068093438,0,0,0.0083498383,0.0067488497,0,0,0,0,0,0,0,0
2545.6224410987,0,0,0,0,0,0,0,0,0,0,0,0,0,0,0,0,0,0,0,0,0,0,0,0,0,0,0,0,0,0,0,0,0,0,0,0,0.0062795483,0,0,0,0,0.0073902157,0.0103770502,0,0,0,0,0,0,0,0.0106394532,0,0,0,0,0,0,0,0
2554.6999590905,0,0,0.0080808097,0,0.0094207601,0.0077905449,0.0067835834,0,0,0.011331537,0,0,0.0078653168,0,0.0069461801,0,0,0,0.0090672809,0,0,0,0,0,0,0,0,0,0,0.0081715932,0,0,0,0,0,0.0112086098,0,0,0,0,0.0081011537,0.0086865327,0.0108543742,0.0142916724,0.0072625811,0.0100040813,0.0111154387,0.0095498665,0,0.0125965946,0.0111463867,0.0084160246,0,0.0066716205,0,0,0,0,0
2675.5091152361,0.0081751201,0.0034431858,0.0075129344,0.0133056352,0.0136176529,0.0075936266,0.0074866623,0.0080147678,0.0084156404,0.0109875419,0.0056702043,0.0136143022,0.0088645338,0.0061269449,0.0086244903,0,0,0.0067932162,0.0093370774,0.0249834276,0.0056144948,0.0083224812,0.0101180824,0.0071340111,0.0147483535,0,0.010620231,0,0.0064656915,0,0.0078372802,0,0.0078315466,0,0,0.0066229765,0,0,0,0.0097151593,0.0099320896,0.0111070971,0.0307206764,0,0.0128461474,0.024354278,0.0094771696,0.0168352866,0.0087701046,0.0092865114,0.0148926295,0.0067809748,0,0.0097604555,0.0071802367,0.0122089885,0.009942137,0,0.0098927808
2689.039089763,0,0,0,0,0,0,0,0,0,0,0,0,0,0,0,0,0,0,0,0,0,0,0,0,0,0,0,0,0,0,0,0,0,0,0,0,0,0,0,0,0,0.0071858747,0,0,0,0,0,0,0,0,0,0,0,0,0,0,0,0,0
3021.2578574343,0,0,0,0.0075790719,0,0,0,0,0,0.0081596564,0,0.0072218339,0,0,0.0055478829,0,0,0,0,0.007932658,0,0,0,0,0.0055232784,0,0,0,0,0,0,0,0,0,0,0,0,0,0,0.0083090102,0.0064697996,0,0.0129863731,0,0,0.0093521103,0,0,0,0,0.008082861,0,0,0,0,0,0.0078903815,0,0
3126.3645339988,0,0,0,0,0,0,0,0,0,0,0,0,0,0,0,0,0,0,0,0,0,0,0,0,0,0,0,0,0,0,0,0,0,0,0,0,0,0,0,0,0,0.0097498486,0,0,0,0,0,0,0,0,0,0,0,0,0,0,0,0,0
3156.5971667249,0,0,0,0,0,0,0,0,0,0,0,0,0,0,0,0,0,0,0,0,0,0,0,0,0,0,0,0,0,0,0,0,0,0,0,0,0,0,0,0,0,0.0077232862,0,0,0,0,0,0,0,0,0,0,0,0,0,0,0,0,0
3170.7876346025,0,0,0,0,0,0,0,0,0,0.0076167334,0,0,0,0,0,0,0,0,0,0.010337698,0,0,0,0,0,0,0,0,0,0,0,0,0,0,0,0,0,0,0,0,0,0,0.0092762094,0,0,0.0089037499,0,0,0,0,0.0068253606,0,0,0,0,0,0,0,0
3201.7621273214,0,0,0,0,0,0,0,0,0,0,0,0,0,0,0,0,0,0,0,0,0,0,0,0,0,0,0,0,0,0,0,0,0,0,0,0,0,0,0,0.0194613324,0,0,0,0,0,0,0,0,0,0,0,0,0,0,0,0,0,0,0
3247.907921832,0,0,0,0,0,0,0,0,0,0,0,0,0,0,0,0,0,0,0,0,0,0,0,0,0,0,0,0,0,0,0,0,0,0,0,0,0,0,0,0,0,0,0.008747293,0,0,0,0,0,0,0,0,0,0,0,0,0,0,0,0
3254.5652532869,0,0,0.005250869,0.010866199,0.0078103956,0,0,0.0075783698,0.0070493669,0.0097817502,0,0.0116585857,0,0,0.0071562009,0,0,0,0,0.0156081224,0,0,0,0,0,0,0.0077293004,0,0,0,0.006276857,0,0,0,0,0,0,0,0,0.0121536844,0.0061634942,0.0073552476,0.0143206232,0,0.0066881748,0.0120504194,0,0.0103511434,0,0,0.0087174305,0,0,0.0071433388,0,0.009897208,0.0082524112,0,0.0077859186
3262.9632175311,0.0069780923,0,0,0.0063801094,0,0,0,0,0,0,0,0.0076532607,0,0,0,0,0,0,0,0,0,0.0088998982,0.009066436,0,0.0093136039,0,0,0,0,0,0,0,0.0061175947,0,0,0,0,0,0,0,0,0,0,0,0,0,0,0,0,0,0,0,0,0,0,0,0,0,0
3300.0162794393,0,0,0,0.0075688327,0,0,0,0,0,0,0,0.0075897361,0,0,0.0057494273,0,0,0,0,0.008147986,0,0,0,0,0,0,0,0,0,0,0,0,0,0,0,0,0,0,0,0,0,0,0,0,0,0.0066888083,0,0.0072896454,0,0,0.0076136772,0,0,0.0063282886,0,0.0070593136,0.0081735867,0,0
3413.6614108271,0,0.0036659682,0.0062958785,0.011154072,0.009227846,0,0.0066282448,0.0073334508,0.0075160658,0.0088405785,0.0055245314,0.0119984604,0,0,0,0,0,0.0057540046,0,0.0153003042,0.0055825609,0.0084675331,0.0082168514,0,0.0100273192,0,0,0,0,0,0.0073171045,0,0.0060838401,0,0,0,0,0,0,0.0108999933,0,0,0.0155190321,0,0.0058023423,0.0100072523,0,0.0109018714,0.0078103301,0,0.0076504814,0,0,0.0063290564,0,0.0088955557,0.0073699833,0,0.0073312867
3443.7442737307,0.010226929,0.0054270381,0.0075851263,0.0138228784,0.0107790708,0.0079011904,0.0095855596,0.0108811172,0.0102266725,0.0126365266,0.0076924579,0.0155036282,0.0084144214,0.0068502232,0.0088628493,0,0.0072161473,0.0080606765,0.010162056,0.0194644072,0.0082665706,0.0133009529,0.0129898321,0.0079254838,0.0132658732,0.007074801,0.0108501212,0.0083310134,0.0067681934,0.0087661597,0.0095708724,0,0.009380651,0,0.006562635,0.0081704001,0.0079683386,0.0093872317,0,0.0138981073,0.0083011763,0.0083547877,0.0189950401,0,0.0089810911,0.0136898236,0.0076334659,0.0138025363,0.0100415089,0.0078657582,0.0120676046,0.0069087261,0,0.0098303003,0.0075105767,0.0135156502,0.0125229648,0,0.0102504269
3496.0171594856,0,0,0,0,0,0,0,0,0,0,0,0,0,0,0,0,0,0,0,0,0,0,0,0,0,0,0,0,0,0,0,0,0,0,0,0,0,0,0,0,0,0,0,0,0,0,0,0,0,0,0.0084610028,0,0,0,0,0,0,0,0
3516.7598391564,0.0069706015,0.0040933315,0.005400283,0.0099959747,0,0,0.0072644984,0.00791315,0.0059248694,0.0096178026,0.0053452346,0.0106606709,0,0,0,0,0,0,0,0.0128360283,0,0.0093016025,0.0091719654,0.0063498941,0.0090206803,0,0,0.0065084983,0,0.0070311987,0.0071986304,0,0.006027794,0,0,0,0.0067716777,0.0080250318,0,0.0100048091,0,0,0.0115277977,0,0,0.0090494946,0,0.0072834457,0.0081338794,0,0.0081719418,0,0,0.005829477,0,0.0076346908,0.0074518613,0,0
3642.6556352824,0.0454203615,0.0249407342,0.0505570816,0.0755687823,0.0327547642,0.0282337189,0.0574246593,0.0601444744,0.0451977092,0.0622516942,0.0320818739,0.0753482283,0.035043366,0.0302093089,0.0444173599,0.0117077497,0.0113558349,0,0.023690699,0,0.0355107213,0.0664975552,0.0586392888,0.0377091929,0.0684584786,0.0290604083,0.0500379779,0.040890678,0.0236137623,0,0.050000173,0.0106519077,0,0.0237890302,0.0179950763,0,0,0.0290654467,0.0215271839,0.0450956218,0.0301097984,0.0318767306,0.0139859065,0.0217461465,0.0602045507,0.0400956933,0.0345778425,0.054858789,0.0451931634,0.0422353324,0.0750798128,0.0179359286,0.0246161583,0.0530905944,0.0331774866,0.0535762384,0.058756212,0.0089183259,0.0476192779
3650.9693543298,0,0,0,0,0,0,0,0,0,0.0315237913,0,0,0,0,0,0,0,0.0265211717,0,0.0597282463,0,0,0,0,0,0,0,0,0,0.0371746266,0,0,0.0338589703,0,0.0109336465,0.0177254103,0.0269957168,0,0,0,0,0,0,0,0,0.0214680142,0,0,0,0,0,0.0096811434,0,0,0,0,0,0,0
3662.267197114,0.0111503728,0.0048260808,0.0087779589,0.0161744233,0,0.0066610398,0.0106800783,0.0099135846,0.0075150027,0,0.0061117975,0,0.0082911681,0.0071928741,0.0099407216,0,0,0.0084838806,0,0.0127663979,0,0.0145683111,0.0125364837,0.0100495876,0,0,0.0130133271,0.0097876899,0.0062204429,0.0107145335,0.0086193039,0,0.0088414937,0,0,0,0,0.0077294749,0,0.0111229862,0.0077520038,0,0,0,0.0121119765,0.0087861852,0,0,0.0097238424,0.0091131424,0,0,0.0056927649,0.0099844592,0.0072107426,0.009816957,0.0114104053,0,0.0105432934
3672.1671615374,0.0112075481,0.0056200495,0.0083697811,0.0172531288,0.007350814,0.0071580456,0.0107471389,0.0116323148,0.0085136215,0.0135757521,0.0072534127,0.0143540586,0.0094684252,0.0093294407,0.0094097112,0,0,0.0089173022,0.0098380105,0.0199000229,0.0090955799,0.0164335535,0.0132120117,0.009494274,0.0142175372,0,0.0104495978,0.0106530506,0.0076996654,0.0114634965,0.0114019481,0,0.0095800584,0,0.0075269811,0.0082735289,0.0126324174,0.0113286175,0,0.0161718934,0.0093480021,0.0081381599,0.0142553949,0.0066570045,0.009596055,0.0135841989,0.0082782859,0.0108508778,0.0110715732,0.0094687997,0.014638223,0.0077970714,0.0060571351,0.0107955988,0.0075021521,0.0103143952,0.0131695909,0,0.0108907489
3680.8137558073,0,0,0,0,0,0,0,0,0,0,0,0,0,0,0,0,0,0.0089149551,0,0,0,0,0,0,0,0,0,0,0,0,0,0,0,0,0,0,0,0,0,0,0,0,0,0,0,0,0,0,0,0,0,0,0,0,0,0,0,0,0
3687.7513125645,0,0,0,0.0091782219,0,0,0,0,0,0.0079375805,0,0.0075446398,0,0,0.0060939631,0,0,0,0,0.0126170876,0.005740988,0.008729953,0.0072048463,0,0.0075685515,0,0,0,0,0,0,0,0.0057274202,0,0,0,0,0.0073787234,0,0,0,0,0,0,0,0.007131583,0,0,0,0,0,0,0,0,0,0,0,0,0
3841.2278701649,0,0.003611178,0.0092825328,0,0.0095453179,0,0,0.006539068,0.0081762414,0,0.0063387739,0.0108897335,0,0,0,0.009699048,0.0077438531,0.0092930658,0.0080119143,0,0,0,0.0091406505,0.0064444222,0.0104285716,0,0,0,0,0,0.0065065281,0.0081048458,0.010830253,0,0,0,0,0,0.0067030653,0.0105836698,0,0,0,0,0,0,0,0,0.0097023771,0,0.0069343602,0,0,0,0,0.0078606876,0,0,0.0074993103
3881.7056461088,0,0,0,0,0,0,0,0,0.0061207857,0,0,0,0,0.0060209937,0,0.0230413788,0,0,0,0,0,0,0,0,0,0,0,0,0,0,0,0,0.0053602207,0,0,0,0,0,0,0,0,0,0,0,0,0,0.0106864287,0,0,0,0.0072740217,0,0,0,0,0,0,0.0196725595,0
3896.2708588926,0,0,0.0070767049,0,0,0,0,0,0,0,0,0,0,0,0,0,0,0,0,0,0,0,0,0,0,0,0,0,0,0,0,0,0,0,0,0,0,0,0,0,0,0,0,0,0,0,0,0,0,0,0,0,0,0,0,0,0,0,0
3905.1862860856,0,0,0,0,0,0,0,0,0,0,0,0,0,0,0,0,0,0.005483716,0,0,0,0,0,0,0,0,0,0,0,0,0,0,0,0,0,0,0,0,0,0,0,0,0,0,0,0,0,0,0,0,0,0,0,0,0,0,0,0,0
4295.2746968892,0,0,0,0,0,0,0,0,0,0,0,0,0,0,0,0,0,0,0,0,0,0,0,0,0,0,0,0,0,0,0,0,0,0,0,0,0,0,0,0,0,0,0,0,0,0,0,0.0132569901,0,0,0,0,0,0,0,0,0,0,0
4364.6362739294,0,0,0,0,0,0,0,0,0,0,0,0,0,0,0,0,0,0,0,0,0,0,0,0,0,0,0,0,0,0,0,0,0,0,0,0,0,0,0,0,0,0.0159698832,0,0,0,0,0,0,0,0,0,0,0,0,0,0,0,0,0
4387.8170097106,0,0.0035079462,0,0,0,0,0,0,0,0,0,0,0,0,0,0,0,0,0,0,0,0,0,0,0,0,0,0,0,0,0,0,0,0,0,0,0,0,0,0,0,0,0,0,0,0,0,0,0,0,0,0,0,0,0,0,0,0,0
4397.1065432721,0,0.0044036687,0,0,0,0,0,0,0,0,0,0,0,0,0,0,0,0,0,0,0,0,0,0,0,0,0,0,0,0,0,0,0,0,0,0,0,0,0,0,0.0059591427,0,0,0,0,0,0.0062759748,0,0,0,0,0.0077647535,0.0054206355,0,0,0,0,0,0
4412.413773898,0.0117964162,0.0098582388,0.0091710902,0.0106331827,0.0094537367,0.0131364366,0.0105650587,0.0092549435,0.0097551439,0.0073911438,0.0118876942,0.007354797,0.0130628669,0.0109183314,0.01082397,0.0086100935,0.011946534,0.009154463,0.0148307237,0,0.0119704949,0.009890931,0.0115830408,0.009858139,0.009037272,0.0111732192,0.0095681166,0.012125378,0.0114755631,0.013339193,0.0077723335,0.0073268203,0.0108495635,0.0119580624,0.0094266494,0.0126060955,0.0132492803,0.0108220551,0.007808884,0.0099159826,0.0135005646,0.0106154427,0.0092439433,0.0115231578,0.0108136371,0.009061919,0.0144364784,0.0102484056,0.0087580424,0.0109362154,0.0081437541,0.0170553451,0.0124574121,0.0085236299,0.0111716122,0.0084913142,0.0104100514,0.0120081901,0.0096473203
4427.9444397481,0.098268534,0.0738808435,0.0799720061,0.0837446261,0.0785542779,0.1038155278,0.0921702229,0.0888244409,0.0810009042,0.0707229833,0.0959579386,0.0726571456,0.0986630042,0.0830551827,0.0904733603,0.0721119983,0.0871396419,0.0722488693,0.1060892158,0.0626526862,0.0881739586,0.0749833471,0.0901466333,0.0729298738,0.0696617532,0.0808092269,0.0776002915,0.0948682213,0.097089929,0.0999250754,0.0686254268,0.0747329303,0.0922686074,0.0916892654,0.0748897464,0.0929332803,0.098230475,0.0795547755,0.0584934018,0.0764288276,0.1166164273,0.0918420426,0.0892678275,0.103365195,0.0942315243,0.0924105322,0.1238318892,0.0977469037,0.0695389542,0.1040666515,0.082760847,0.1271472652,0.0885555034,0.0893356396,0.0885220573,0.0787718375,0.0897931505,0.0831365407,0.0800212629
4442.144830696,0.0089102003,0.0067763611,0,0.0094906059,0.0094554695,0.0131555371,0.0095915179,0.009017585,0.0081495607,0.0075732396,0.0087207701,0.0079311297,0.0121232438,0.0080847439,0.0126120219,0,0.0094240816,0.0063766583,0.0116481708,0,0,0,0,0,0,0,0,0,0,0,0,0,0,0,0,0,0,0,0,0,0.0118726993,0.0099209889,0.0082060775,0.0097178759,0.0093638103,0.0103502294,0.0120123451,0.0110271385,0,0,0.0082023035,0.0130027576,0.0083085511,0.0084728299,0.0092558599,0.0079275683,0.0090033468,0.0095043247,0.0075296417
4448.6426135452,0,0,0,0,0,0,0,0,0,0,0,0,0,0,0,0,0,0,0,0,0.0061994232,0,0.0063154252,0.007615044,0,0,0.0079409819,0.0089851572,0.0082505616,0.0127489327,0,0,0,0.0069164391,0,0.0080144837,0.0077751961,0.0073376816,0,0,0,0,0,0,0.0076106248,0,0,0,0,0.0111713587,0,0,0,0,0,0,0,0.0102084506,0
4465.3296546766,0.0134161981,0.006351498,0.0073940346,0.010615608,0.0079962102,0.0116337202,0.0097812332,0.0079434921,0.0068958126,0,0.0089207733,0,0.011662107,0.0097948347,0.0096409551,0.0085631754,0.0093609589,0.007139622,0.0149038837,0,0.0086643912,0.0092686858,0.0099593934,0.010156742,0.0065845629,0.0086326771,0.0129557766,0.0119140082,0.0113231945,0.0143168126,0.0063469667,0.0073893012,0.0116202444,0.009118597,0.0080443174,0.0100658708,0.0108502329,0.0100239881,0.0059726319,0.0104412911,0.013109387,0.0099259602,0,0.0103213899,0.0089101428,0.0091603642,0.012517649,0.007288525,0.0088439778,0.0110663152,0.0075186616,0.0138891975,0.0095630972,0.0086217418,0.0091029096,0.0076887803,0.0088104659,0.012796571,0.009087552
4490.3406759977,0.0073443053,0.0048149763,0.0057150348,0.0067177094,0,0.0069296759,0.0070167986,0.0075180838,0.0059574289,0.0081792479,0.0062655968,0.0079395121,0,0.0064338666,0.0060574743,0.0085721629,0,0,0.009069581,0.007659975,0.0069830742,0.0080461347,0.0070120627,0.0062466172,0.0072259174,0,0,0.0073072274,0.005594883,0.0078867846,0.006931787,0,0.0062817414,0,0.0055205696,0,0.0070367292,0.0076025682,0,0,0.0065324105,0,0,0,0,0,0,0,0,0,0.0061956115,0.0082731587,0,0,0,0,0,0,0
4511.1843939465,0,0,0,0,0,0,0,0,0,0,0,0,0,0,0,0,0,0,0,0,0,0,0,0,0,0,0,0,0,0,0,0,0.0058044428,0,0,0,0,0,0,0,0,0,0,0,0,0,0,0,0,0,0,0,0,0,0,0,0,0,0
4529.7666233338,0.0093414893,0.0041562109,0.0084883305,0.0128175062,0.0128943662,0.0090873721,0.0096860946,0.0122808649,0.0106706897,0.0138683979,0.0085665386,0.0159625299,0.0093032849,0.0070794281,0.0093729093,0,0.0078611878,0.0079595032,0.0109006373,0.0164022965,0.0087166025,0.0141727625,0.0131883214,0.0081367703,0.0140039509,0.0072710604,0.0091765998,0.0077854445,0.0057320314,0.0085188437,0.0094718145,0,0.0109555916,0,0,0.0075513281,0.0060795164,0.007892886,0,0.0144690565,0.0068564587,0.0118680442,0.0137329922,0,0.0091112517,0.010000958,0.0067192147,0.0136755385,0.0097425795,0.0080604594,0.0114874172,0.0076085843,0,0.0097768202,0.0078604752,0.0129737184,0.0116611805,0,0.0104166397
4621.6858437957,0,0,0,0,0,0,0,0,0,0,0,0,0,0,0,0,0,0,0,0.0074364813,0,0,0,0,0.0057478624,0,0,0,0,0,0,0,0,0,0,0,0,0,0,0,0,0,0,0,0,0,0,0,0,0,0,0,0,0,0,0,0,0,0
4768.6963716542,0,0,0,0,0,0,0,0,0,0,0,0,0,0,0,0,0,0,0,0,0,0,0,0,0,0,0,0,0,0,0,0,0,0,0,0,0,0,0,0,0,0.0073272798,0,0,0,0,0,0,0,0,0,0,0,0,0,0,0,0,0
4776.5410635805,0.007456271,0,0,0.0090833629,0,0,0.0064168174,0.0098849837,0,0.0197858958,0,0.0114383642,0,0.0066091939,0.0069607073,0,0,0.0059894477,0,0.0211950353,0.0069412696,0.0113429218,0.0104191523,0.0061533595,0.0136725235,0,0,0.0063550483,0,0,0.0077235168,0,0.0067734727,0,0.0056318506,0.0081714371,0.0105099969,0,0,0.0089981861,0.0073367497,0.0164284635,0.0158046874,0,0.0061283536,0.0109005849,0.0062062332,0.0103039466,0,0.0080755451,0.0184990236,0,0,0.0066049192,0.0066401307,0.0102981729,0.0149094301,0,0.0088082991
4794.8038414881,0,0,0,0,0,0,0,0,0,0,0,0,0,0,0,0,0,0,0,0,0,0,0,0,0,0,0,0,0,0.0074415813,0,0,0,0,0,0,0,0,0,0,0,0,0,0,0,0,0,0,0,0,0,0,0,0,0,0,0,0,0
4830.2029833264,0,0,0,0,0,0,0,0,0,0,0,0,0,0,0,0,0,0.007656382,0,0,0,0,0,0,0,0,0,0,0,0,0,0,0,0,0,0,0,0,0,0,0,0,0,0,0,0,0,0,0,0,0,0,0,0,0,0,0,0,0
4844.8282370686,0,0,0,0,0,0,0,0,0,0,0,0,0,0,0,0,0,0.0448035074,0,0,0,0,0,0,0,0,0,0,0,0,0,0,0,0,0,0,0,0,0,0,0,0,0,0,0,0,0,0,0,0,0,0,0,0,0,0,0,0,0
4870.8834401057,0,0,0,0,0,0,0,0,0,0,0,0,0,0,0,0,0,0,0,0,0,0,0,0,0,0,0,0,0,0,0,0,0,0,0,0,0,0,0,0,0,0.0089786434,0,0,0,0,0,0,0,0,0,0,0,0,0,0,0,0,0
4883.9373229904,0,0,0,0,0,0,0,0,0,0,0,0,0,0,0,0,0,0.0066231169,0,0,0,0,0,0,0,0,0,0,0,0,0,0,0,0,0,0,0,0,0,0,0,0,0,0,0,0,0,0,0,0,0,0,0,0,0,0,0,0,0
4937.7304237436,0,0,0,0,0,0,0,0,0,0,0,0,0,0,0,0,0,0,0,0,0,0,0,0,0,0,0,0,0,0,0,0,0,0,0.0075041718,0,0.0158225841,0,0,0,0,0,0.0125602903,0.0119534571,0,0,0.0100550513,0,0,0,0.0091859655,0,0,0,0,0,0,0,0
5038.3847105206,0,0,0,0,0,0,0,0.0078886687,0,0,0,0,0,0,0,0,0,0,0,0,0,0,0,0,0,0,0,0,0,0,0,0,0,0,0,0,0,0,0,0,0,0,0,0,0,0,0,0,0,0,0,0,0,0,0,0,0,0,0
5080.4302965317,0,0,0,0,0,0,0,0,0,0,0,0,0,0,0,0,0,0,0,0,0,0,0,0,0,0,0,0,0,0,0,0,0,0,0,0,0.0073978574,0,0,0,0,0,0,0,0,0,0,0,0,0,0,0,0,0,0,0,0,0,0
5093.2615556386,0,0,0,0,0,0,0,0,0,0.0324469022,0.0274898894,0,0,0,0.022290207,0,0,0,0,0.0108269716,0,0,0,0,0,0,0,0.0156235667,0,0,0.0113871431,0,0,0.0099816828,0.0451473719,0.0180153761,0.0748033772,0.0308367365,0.0117004778,0.0169471977,0.0237338836,0.0311650906,0.0418341195,0.050497296,0.0273781403,0.0213746038,0.0438000409,0,0.0098605401,0.0343837581,0.0439100588,0.0285124523,0.0406789697,0.0205258688,0.0247830333,0.0243895097,0.026606707,0.0144842718,0
5117.1340942941,0,0,0,0,0,0,0,0,0,0,0,0,0,0,0,0,0,0,0,0,0,0,0,0,0,0,0,0,0,0,0,0,0,0,0,0,0.0083405592,0,0,0,0,0,0,0,0,0,0,0,0,0,0,0,0,0,0,0,0,0,0
5133.3592172232,0,0,0,0,0,0,0,0,0,0,0,0,0,0,0,0,0,0,0,0,0,0,0,0,0,0,0,0,0,0,0,0,0,0,0.0079192145,0,0.012252435,0,0,0,0,0,0,0.0076066677,0,0,0.0069878458,0,0,0,0,0,0.0072064272,0,0,0,0,0,0
5246.1330253826,0,0,0.004896615,0,0,0,0,0.0070545812,0.0060634645,0.0085221911,0.0053770321,0.0089274025,0,0,0,0,0,0,0,0,0.005707783,0.0084688076,0.0065227664,0,0.0081724423,0,0,0,0,0,0.0079826049,0,0.0059596174,0,0,0,0,0,0,0.0080660239,0,0,0,0,0,0,0,0,0.0091277254,0,0,0,0,0,0,0,0,0,0.0068403133
5307.2354554223,0,0,0,0,0,0,0,0,0,0,0,0,0,0,0,0,0,0,0,0,0,0,0,0,0,0,0,0,0,0,0,0,0,0,0,0,0,0,0,0,0,0,0,0,0,0,0,0.0185728062,0,0,0,0,0,0,0,0,0,0,0
5313.8092906182,0,0.0039910693,0.0049679372,0,0.0074564012,0,0,0,0.0058484276,0,0.0053879014,0,0,0,0,0,0,0.0060931519,0,0,0.0057090952,0,0,0.005899852,0.0074689667,0.0070649408,0,0,0,0,0,0,0.0055691546,0,0,0,0,0,0,0,0,0,0,0,0,0,0,0,0,0,0,0,0,0,0,0,0,0,0
5324.5461097208,0,0.0038276931,0,0,0,0,0,0,0,0,0,0,0,0,0,0,0.0073608614,0.005345772,0,0,0,0,0,0,0,0,0,0,0,0,0,0,0,0,0,0,0,0,0,0,0,0,0,0,0,0,0,0,0,0,0,0,0,0,0,0,0,0,0
5338.3665639716,0.0079021436,0.0061769589,0.0070877163,0.0065874987,0.0111690335,0.0075215914,0,0,0.0082322692,0,0.0074975059,0,0.0089421396,0.0070615678,0.0055963418,0,0.0116920961,0.0087613331,0.0104240133,0.0084378184,0.0080508078,0,0.0081207862,0.0090793852,0.0107207558,0.0102493417,0.0092588096,0.0068809786,0.0069592246,0,0.0073910294,0.0081836602,0.0081880069,0.0068543395,0.0064011189,0.007328804,0,0,0.0079521081,0,0.0074101839,0.0069083882,0.0111420967,0,0.0081124122,0.008411027,0.0067848423,0.0092557155,0.0081211338,0,0,0.0079414173,0.0069879578,0,0.0079992658,0.0075400175,0,0.0084313582,0.0083881971
5353.7436993868,0.0442267148,0.032046872,0.0422226579,0.0369323408,0.0636586586,0.0408403493,0.0328820966,0.0333131008,0.0459705792,0.0253826651,0.0390972232,0.0394248181,0.0443866517,0.0353330394,0.0329379212,0.041761184,0.0522019253,0.0449691519,0.0480426873,0.0576079693,0.0377055993,0.0347355849,0.0407175925,0.0428160271,0.0541649903,0.0459876893,0.0495684805,0.0340454785,0.0406927737,0.0272007762,0.0427867861,0.0435834847,0.0429772325,0.0336293613,0.0331978356,0.034503026,0.0253285185,0.0287368041,0.0370918765,0.0276827556,0.041589862,0.037079545,0.0755514697,0.0165743894,0.0472125493,0.0585821759,0.0391447175,0.0530856503,0.0412164896,0.0324741076,0.0291771092,0.0384863952,0.0322266304,0.0378583844,0.0421218631,0.047651354,0.0301157609,0.0385487117,0.0455009197
5367.6020891233,0,0.0034624036,0,0,0,0,0,0,0.0056658896,0,0,0,0,0,0.0056407453,0,0.007521692,0,0,0,0,0,0,0,0,0,0,0,0,0,0,0,0,0,0,0,0,0,0,0,0,0.0072163246,0,0,0,0,0,0,0,0,0,0,0,0,0,0,0,0,0
5373.8301528393,0,0,0,0,0.0091705819,0,0,0,0,0,0,0,0,0,0,0,0,0,0,0.0071272102,0,0,0,0,0,0,0,0,0,0,0,0,0,0,0,0,0,0,0,0,0,0,0.0089183024,0,0.0058128532,0.0084991256,0,0.0083440251,0,0,0,0,0,0,0,0,0,0,0
5381.4784486412,0,0,0,0,0,0,0,0,0,0,0,0,0,0,0,0,0.0075501248,0.0063833598,0,0,0,0,0,0.0056752276,0.0066064786,0,0,0,0,0,0,0.0082139282,0,0,0,0,0,0,0.0086253702,0.018318638,0,0.0227895521,0,0,0,0,0,0,0,0,0,0,0,0,0,0,0,0,0
5392.2835964037,0.0069194002,0,0,0,0,0,0,0,0,0,0,0,0,0,0,0,0.0071543305,0.0055039716,0.0077966097,0,0,0,0,0.0068495144,0.0059522303,0,0.0088164572,0,0.005568754,0,0,0,0.0063666909,0,0,0,0,0,0,0,0,0,0,0,0,0,0,0,0,0,0,0,0,0,0,0,0,0,0
5465.1708882715,0,0,0,0,0,0,0,0,0,0,0,0.0093115034,0,0,0,0,0,0,0,0,0,0,0,0,0,0,0,0.0131933523,0,0,0.0099106364,0,0,0.0095921836,0,0,0,0,0,0,0,0,0,0.0164034711,0,0,0,0.0134548336,0,0,0,0,0,0,0,0,0,0,0
5474.8488121856,0,0,0,0,0,0,0,0,0,0,0,0,0,0,0,0,0,0,0,0,0,0,0,0,0.0058158695,0,0,0,0,0,0,0,0,0,0,0,0,0,0,0,0,0,0,0,0,0,0,0,0,0,0,0,0,0,0,0,0,0,0
5505.6136845299,0,0,0.0081298999,0,0,0,0.0064000715,0,0,0,0,0,0,0,0,0,0,0,0,0,0,0,0,0,0,0,0,0,0,0,0,0,0.0053305612,0,0,0.0065109827,0,0,0,0,0.0064564457,0,0.0084090392,0.0081203433,0,0,0.0072816835,0,0,0,0.0060591133,0,0,0,0,0,0,0,0
5933.4563410225,0,0.0045687894,0,0,0,0.0074354226,0,0,0,0,0,0,0,0,0,0,0,0,0,0,0,0,0,0,0,0,0,0,0,0,0,0,0,0,0.0056355614,0.0077189836,0,0,0,0,0,0,0,0,0,0,0,0,0,0,0,0,0,0,0,0,0,0,0
5948.0256061234,0,0,0,0,0,0,0,0,0,0,0,0,0,0,0,0,0,0.0067253442,0,0,0,0,0,0,0,0,0,0,0,0,0,0,0,0,0,0,0,0,0,0,0,0,0,0,0,0,0,0,0,0,0,0,0,0,0,0,0,0,0
5972.3844510849,0.010521001,0.0053941638,0.0074951935,0,0,0.0084597371,0.008232575,0.0079989384,0.0078161057,0.0112465736,0.007687654,0,0.0078544698,0.0116291623,0.009838565,0.0128377263,0,0.0060718396,0.0091854217,0,0.0079865172,0.0112537219,0.0079444165,0.0105963307,0.0103408147,0.009811388,0.0151589851,0.0100122052,0.0110620345,0.0094263038,0,0,0.0121961623,0,0.0180470535,0.009599952,0.0095385765,0.0092408115,0.0072922796,0,0.0104478761,0.0064297506,0,0.0074494197,0.007027379,0.0113112961,0.0143271466,0.0113161421,0.0122881593,0.0109354392,0.0107451685,0,0.0067301591,0.0064838127,0.008211014,0.0069750058,0.0102028162,0,0.0067050261
5997.172105808,0,0,0,0,0,0,0,0,0,0,0,0,0,0,0,0,0,0,0,0,0,0,0,0,0,0,0,0,0,0,0,0,0,0,0.0056638239,0,0,0,0,0,0,0,0,0,0,0,0,0,0,0,0,0,0,0,0,0,0,0,0
6009.8316786634,0.010222987,0.0082451697,0.0085715631,0.0071342746,0,0.0088032112,0.0088347039,0.0073759283,0.0082634241,0,0.0090283926,0.0068662983,0.0092158787,0.0091606335,0.0082817636,0.0100116373,0.0094720331,0.0103110287,0.0119666896,0,0.0088829995,0,0,0,0,0,0,0,0,0,0,0,0,0,0,0,0,0.0093263893,0.0064274481,0,0.0093523736,0,0.0088330475,0.0068547843,0.0066552231,0.0083443281,0,0,0.0086383739,0,0,0.0104828843,0.0083579103,0.0059365336,0.0087098807,0.0078569215,0,0.0086762855,0.0089400467
6016.7340714899,0,0,0,0,0,0,0,0,0,0,0,0,0,0,0,0,0,0,0,0,0,0.0093101778,0.0096022637,0.0096261142,0.008215123,0.009576349,0.0104599976,0.0098323472,0.0110445173,0.0107573663,0.0065961127,0,0.0103486026,0.0070119459,0.0107044401,0.0113258967,0.0098080903,0,0,0,0,0,0,0,0,0,0.0098391087,0.0092326204,0,0.0077446421,0.0076933784,0,0,0,0,0,0.0077005568,0,0
6022.8990807699,0,0.0058777962,0,0,0,0.006724786,0,0,0,0,0.0068895373,0,0,0,0.0067720639,0,0,0,0,0,0,0,0,0,0,0,0,0,0,0,0,0,0,0.0062062111,0,0,0,0.0077203512,0.0056727565,0,0,0,0,0,0,0,0,0,0,0,0,0,0.0065615159,0,0.0069988975,0,0,0.0075955301,0
6029.7931326567,0,0,0,0,0,0,0,0,0,0,0,0,0,0,0,0,0,0,0,0,0,0,0,0,0,0,0,0,0,0,0,0,0.006975821,0,0,0,0,0,0,0,0,0,0,0,0,0,0,0,0,0,0,0,0,0,0,0,0,0,0
6037.585534188,0.0118015094,0.0099008524,0.0112539156,0.010526807,0.0120570202,0.0129298107,0.0109443166,0.0113896556,0.0125214305,0.0090634866,0.0135829854,0.012007103,0.0131721287,0.0117035899,0.0127927916,0.0129249836,0.0111216025,0.0097070011,0.0147064739,0,0.0125065386,0,0,0,0,0,0,0,0,0,0,0,0,0,0,0,0,0.0138321672,0.008893435,0.0085403399,0.0116114841,0.0081953618,0.0089041076,0,0.0093263004,0.0112488298,0,0,0.0098651663,0,0,0.0131064393,0.0110888376,0.0086960727,0.0129247359,0,0.0103367238,0.0117390031,0.0097583612
6044.501550795,0,0,0,0,0,0,0,0,0,0,0,0,0,0,0,0,0,0,0,0.0117152492,0,0.0111336845,0.0127604358,0.0105117918,0.0102111924,0.0121418156,0.0110716646,0.0117014681,0.012012583,0.0134588127,0.0101328687,0.0094244199,0.012574794,0.0120656467,0.0097682983,0.0124278333,0.0115142897,0,0,0,0,0,0,0.0086365366,0,0,0.0127491061,0.015055263,0,0.0103961223,0.0070555217,0,0,0,0,0.0112990061,0,0,0
6052.304722926,0.0187892429,0.0162255466,0.0137737861,0.0156338397,0.0169173802,0.0178752802,0.018071603,0.0196660225,0.0159203682,0.0153459464,0.017766246,0.0153199691,0.0188050677,0.0166956301,0.0182025958,0.0167131449,0.0178972885,0.0154220676,0.0231753123,0.0134410784,0.0171924385,0.0164743739,0.0179955939,0.0173732227,0.0153792982,0.0156889895,0.0185114406,0.019442873,0.0205585224,0.021580803,0.016379342,0.0105541819,0.0188169065,0.0172286234,0.0178266634,0.0190885046,0.0203761891,0.0176407097,0.0193170274,0.017556214,0.0230107181,0.0159251002,0.0246716963,0.0156635961,0.0165058078,0.0181223504,0.0210747926,0.0176265007,0.0150652823,0.0202007,0.014161774,0.0202212481,0.017341144,0.0159712004,0.0182447356,0.0172083991,0.0188753463,0.0157388367,0.0184596257
6068.6804650737,0,0.0040148561,0,0,0,0,0,0,0,0,0,0,0,0,0,0,0,0,0,0,0,0,0,0,0,0,0,0,0,0,0,0,0,0,0,0,0,0,0,0,0,0,0,0,0,0,0,0.0076002935,0,0,0,0,0,0,0,0,0,0,0
6090.0021161892,0,0,0,0,0,0,0,0,0,0,0,0,0,0,0,0,0,0,0,0,0,0,0,0,0,0,0,0,0,0,0,0,0,0,0,0,0,0,0,0,0,0,0,0,0,0,0,0,0,0,0,0,0,0,0,0,0,0,0.0094283116
6140.9974489495,0,0.0035306617,0,0,0,0,0,0,0,0,0,0,0,0,0,0,0,0,0,0,0,0,0,0,0,0,0,0,0,0,0,0,0,0,0,0,0,0,0,0,0,0,0,0,0,0,0,0,0,0,0,0,0,0,0,0,0,0,0
6255.2690856429,0,0,0,0,0,0,0,0,0,0,0,0,0,0,0,0,0,0,0,0,0,0,0,0,0,0,0,0,0,0,0,0,0,0,0,0,0,0,0,0,0,0.0322075432,0,0,0,0,0,0,0,0,0,0,0,0,0,0,0,0,0
6298.6021474294,0,0,0,0,0,0,0,0,0,0,0,0,0,0,0,0,0,0,0,0,0,0,0,0,0,0,0,0,0,0,0,0,0,0,0,0,0,0,0,0,0,0.0075031752,0,0,0,0,0,0,0,0,0,0,0,0,0,0,0,0,0
6316.9805473803,0,0,0,0,0,0,0,0,0,0,0,0,0,0,0,0,0,0,0,0,0,0,0,0,0,0,0,0,0,0,0,0,0,0,0,0,0,0,0,0,0,0.0207435827,0,0,0,0,0,0,0,0,0,0,0,0,0,0,0,0,0
6328.6898804758,0,0,0,0,0,0,0,0,0,0,0,0,0,0,0,0,0,0.0120229545,0,0,0,0,0,0,0,0,0,0,0,0,0,0,0,0,0,0,0,0,0,0,0,0,0,0,0,0,0,0,0,0,0,0,0,0,0,0,0,0,0
6340.3972024494,0.015697666,0.0131906201,0.0107527291,0.016189481,0.0119541076,0.0193227318,0.0153553478,0.0176751485,0.0124695392,0.0227305224,0.0158163129,0.0161148128,0.0223026432,0.0199598958,0.0188739087,0.0117843639,0.0073657227,0,0.0208598737,0.0293122503,0.0213547221,0.0234550642,0.0182042935,0.0188878395,0.0206885479,0.0198124116,0.0159945441,0.020971111,0.0318441861,0.0280882246,0.0205639751,0.010377344,0.0270873033,0.0153799861,0.018854391,0.0322873949,0.027553626,0.0261308621,0.0149005257,0.0175751828,0.0222058478,0.0161159523,0.02610624,0.0196168234,0.014397588,0.0253101827,0.0239422485,0.0242367636,0.0169279895,0.0217067301,0.0178562546,0.0205191084,0.0170864917,0.0164598677,0.0221217655,0.0161347405,0.0243759549,0,0.0148578971
6357.5304119788,0,0,0,0,0,0,0,0,0,0,0,0.0077582273,0,0,0,0,0,0,0,0,0,0,0,0,0,0,0,0,0,0,0,0,0,0,0,0,0,0,0.0059397432,0,0,0,0,0,0,0,0,0,0,0,0,0,0,0,0,0,0,0,0
6363.8681193997,0,0,0,0.0064245234,0,0,0,0.0060630156,0,0,0,0,0,0,0,0,0,0,0,0,0.0057472903,0.0098466205,0.0077097881,0.0068599074,0.0087067547,0,0,0.0060899085,0,0.0074898651,0.0080751023,0,0.0059291184,0,0,0,0,0,0,0.0088921783,0,0,0,0,0,0,0,0.0078822233,0,0,0,0,0,0,0,0,0.0073047789,0,0.0070489131
6384.3941681133,0,0,0,0,0,0,0,0,0,0,0,0,0,0,0,0,0,0,0,0,0,0,0,0,0,0,0,0,0.0058559049,0.0069370408,0,0,0.00557187,0,0,0,0,0,0,0,0,0,0,0,0,0,0,0,0,0,0,0,0,0,0,0,0,0,0
6391.118984961,0,0,0,0,0,0,0,0,0,0,0,0,0,0,0,0,0,0,0,0,0,0,0,0,0,0,0,0,0,0,0,0,0,0,0,0,0,0,0.0071409247,0.0138395009,0,0,0,0,0,0,0,0,0,0,0,0,0,0,0,0,0,0,0.0074970744
6402.5219200852,0.0109138317,0.0065401755,0,0.0089577087,0.0081552604,0,0,0,0.0056489269,0,0,0,0.0114380006,0.0104790762,0,0,0,0.0073154726,0,0,0.006306131,0,0,0,0,0,0,0,0,0,0,0,0,0,0,0,0,0,0.0313362391,0,0,0.0073392239,0,0,0,0,0,0.0086719277,0,0,0,0.0108711834,0,0,0.0078585205,0,0,0,0
6409.6305420225,0,0,0,0,0,0,0,0,0,0.0070582924,0,0,0,0,0,0,0,0,0,0,0,0.0078441652,0,0.0094329317,0.0069254542,0,0.0081455872,0.0112793667,0.0069152239,0.0085134795,0.0076969055,0,0.0067809232,0.008148384,0.0071457019,0,0.0060497979,0,0,0.0717926397,0.0097924259,0,0,0,0,0,0,0,0,0,0,0,0.0094167899,0.0089126224,0,0.0075466923,0.0090977572,0,0.0343272977
6421.4246066579,0,0,0,0,0,0,0,0,0,0,0,0,0,0,0,0,0,0,0,0,0,0,0,0,0,0,0,0,0,0,0,0,0,0,0,0,0,0,0,0.0130207793,0,0,0,0,0,0,0,0,0,0,0,0,0,0,0,0,0,0,0.0071111249
6443.3567234679,0,0,0,0,0,0,0,0,0,0,0,0,0,0,0,0,0,0,0,0,0,0,0,0,0,0,0,0,0,0,0,0,0,0,0,0,0,0,0,0.0120484728,0,0,0,0,0,0,0,0,0,0,0,0,0,0,0,0,0,0,0
6454.8062933596,0,0,0,0,0,0,0,0,0,0,0,0,0,0,0,0,0,0,0,0,0,0,0,0,0,0,0,0,0,0,0,0,0,0,0,0,0,0,0,0.0083379516,0,0,0,0,0,0,0,0.0086379091,0,0,0,0,0,0,0,0,0,0,0
6470.4015919253,0,0,0,0,0,0,0,0,0.0056061492,0,0.0055567351,0,0,0,0,0,0,0,0,0,0,0,0,0,0,0,0,0,0,0,0,0,0,0.0061624036,0.0064847681,0,0,0,0.0070942776,0,0,0,0,0,0,0,0,0,0,0,0,0,0.0059107179,0,0,0,0,0,0
6477.1716874254,0,0,0,0,0,0,0,0,0.0055965156,0,0.0055698042,0,0,0.006340794,0,0,0.0073783623,0,0,0,0,0,0,0,0,0,0,0,0.0055726047,0,0,0,0,0,0.0063912417,0,0,0,0.0071296592,0.0095467906,0,0,0,0,0,0,0,0,0,0,0,0,0,0,0,0,0,0,0.0069031839
6497.5032823384,0,0,0,0,0,0,0,0,0,0,0,0,0,0,0,0,0,0,0,0,0,0,0,0.0058454109,0,0,0,0,0,0,0,0,0,0,0,0,0,0,0,0,0,0,0,0,0,0,0,0,0,0,0,0,0,0,0,0,0,0,0
6510.6982400418,0,0,0.0289091683,0.028276653,0.037887632,0.0351233775,0.0294650288,0.0317322043,0.0370451543,0.0218545956,0.0354574825,0.0314299494,0.0342691149,0.032514881,0.0279102178,0.0384682953,0.0450422773,0.0363460896,0.0382953932,0.0339591823,0,0,0,0,0,0,0.0331992418,0,0.0326356496,0.0293880094,0.0334639013,0.0377728162,0,0.0356129285,0.0392786915,0.0336001329,0.0278062614,0.0345082088,0.0367208568,0.0335444828,0.0306904011,0.0241321279,0.0300971745,0.019715906,0.0261458666,0.0271249557,0.0271875206,0.0296280378,0.0325226912,0.0237805361,0.0168670601,0.0356304874,0.0316600372,0.0305186529,0.0359614257,0.038042936,0.0260999866,0.0307922578,0.0353880627
6526.3610896807,0.034515642,0.0297333648,0,0,0,0,0,0,0,0,0,0,0,0,0,0,0,0,0,0,0.038582379,0.0364863652,0.0337652278,0.0317650454,0.0310816378,0.0368582666,0,0.0325867816,0,0,0,0,0.0336931978,0,0,0,0,0,0,0,0,0,0,0,0,0,0,0,0,0,0,0,0,0,0,0,0,0,0
6534.4830016978,0,0,0.0200998254,0.0173278718,0.020283246,0.0172843472,0.0217323108,0.0218798464,0.0246636131,0.0152985297,0.0277053639,0.0212035023,0.0194002065,0.0196036155,0.0185509233,0.0134982836,0.0169384337,0.0197140246,0,0,0.0313347816,0.0296494024,0,0.0211547085,0,0,0,0,0,0,0,0,0,0,0,0,0,0.0190212668,0.0237751638,0.0148258286,0.0152448302,0.0100507586,0,0,0.0224660722,0.0130938115,0,0,0.0207451099,0,0,0.0174692066,0.0213126435,0.0163559428,0.0200150902,0.0207340238,0.0144437453,0.0145784693,0.0151640047
6541.6647227955,0,0,0,0,0,0,0,0,0,0,0,0,0,0,0,0,0,0,0,0.0136947104,0,0,0.0255401783,0,0,0.0268798455,0.021237133,0,0.0212708662,0.0196721147,0.0243279306,0.0184691444,0,0.0256307108,0.0256931169,0.0143387289,0.0187729293,0,0,0,0,0,0,0.0121927941,0,0,0.018270005,0.0130330463,0,0.0147231152,0.0064115364,0,0,0,0,0,0,0,0
6548.0938275023,0,0,0,0,0.0080468415,0.0083216761,0.0072733085,0.0064524516,0,0,0,0,0.0089489541,0,0,0.008823963,0.0102170428,0.0070796382,0,0,0,0,0,0,0,0,0,0,0,0,0,0,0,0,0,0,0,0,0.0084691426,0,0,0,0,0,0.0061391732,0,0,0,0.0082333703,0,0,0.0076434094,0.0086723707,0,0.0088532849,0,0,0.0103513616,0
6555.2830463569,0,0,0,0.0071422452,0,0,0,0,0,0,0,0,0,0.0088426163,0,0,0,0,0,0,0,0,0,0,0,0,0.0089651533,0,0.0079932095,0,0,0.0077384476,0,0.0085821646,0.0092258069,0.0073155732,0.0072230039,0.0092424383,0,0.0101765147,0.0071491778,0,0,0,0,0,0,0,0,0,0,0,0,0.0058450445,0,0.0080554626,0,0,0.0091170437
6561.7188596169,0,0.0079441856,0,0.0066697964,0.0102654989,0.0103654283,0,0.006080469,0.0080698785,0,0.0083400165,0,0.0103165235,0.0102120439,0.0103091242,0.0095721945,0.0113279849,0,0,0,0,0,0,0,0,0,0,0,0,0.0088858296,0,0.0074414109,0,0,0,0.0072178156,0,0.010764941,0.0074295808,0,0.0071573102,0,0,0,0.0065474913,0,0.0063982492,0,0,0,0,0.0074657751,0,0.0069844213,0.013458133,0,0,0.0113299235,0
6568.9155763041,0.010794147,0,0,0,0,0,0,0,0,0,0,0,0,0,0,0,0.0098633809,0,0,0.0076475765,0.0085281744,0.007925698,0.0069285169,0.0072988427,0.0060141091,0.0086567874,0.0074782066,0.0089022168,0,0,0.0070375089,0,0.0073339498,0.0087258302,0.010679275,0,0.0079674747,0,0,0,0,0,0,0,0,0,0,0.0086947953,0,0,0,0,0.0109301281,0,0,0.0097028828,0,0,0
6575.358098185,0.0090367166,0.0074372695,0.0052287789,0.0066253391,0.007388098,0.0072553338,0.0071188673,0,0,0,0,0,0.0079519188,0.0088483798,0.0076484459,0.008709112,0,0.0054552265,0,0,0.0083745626,0.0082033831,0,0.0070486604,0,0.0077750164,0,0,0,0,0,0.007388672,0,0,0.0086874146,0,0,0,0.0077570869,0,0.0065834816,0,0,0,0,0,0,0,0.0076165296,0,0,0.0069492949,0.0085823365,0,0,0.0072460544,0,0.0092959612,0.0073009182
6582.5623127806,0,0,0,0,0,0,0,0,0,0,0,0,0,0,0,0,0,0,0,0,0,0,0.0068345909,0,0.0059863834,0,0.0078736801,0.0097409208,0.0075955449,0.0085886048,0,0,0.0066637805,0.0083346162,0,0,0.0074674746,0,0,0,0,0,0,0,0,0,0,0,0,0,0,0.0068725452,0,0,0,0,0,0,0
6590.7557316438,0.0089625928,0.0078032956,0.005056833,0,0.0073298839,0,0,0,0,0,0,0,0.0073402164,0,0,0,0,0,0,0,0,0,0,0,0,0,0,0,0,0,0,0.0080816704,0,0,0,0,0,0,0,0,0,0,0,0,0,0,0,0,0,0,0,0,0,0,0,0,0,0,0
6600.9699618317,0.0295442131,0.0254421501,0,0.0224089784,0.0196883838,0.0204337341,0.0282686613,0.026574221,0.027723774,0.0157842799,0.0284178386,0.0226305599,0,0.0366902594,0.024120912,0.0371685052,0.0358310638,0,0,0.019705804,0,0,0,0,0,0,0.0169028166,0.0280979639,0.0237172377,0.0228235101,0.0286453954,0.0285483455,0,0.0290207242,0.0232815044,0.0250170221,0.0235217775,0.0354601394,0.0239286376,0.0150187109,0.0257591395,0.017624638,0.0098967016,0.015625184,0.0186222404,0.0160980427,0.0240322734,0.022589208,0.027735594,0.0207128323,0.0157910687,0.0172611554,0.0331240103,0.029153626,0.0311814687,0.0296647633,0.0289812194,0.0329992822,0.0287315249
6616.4000716723,0,0,0,0,0,0,0,0,0,0,0,0,0.007634047,0,0,0,0,0,0,0,0,0,0,0,0,0,0,0,0,0,0,0,0,0,0,0,0,0,0,0,0,0,0,0,0,0,0,0,0,0,0,0,0,0,0,0,0,0.0090122689,0
6630.0974843379,0,0.0038958716,0,0,0,0,0,0,0,0,0,0,0.0220295668,0,0,0,0,0,0,0,0,0,0,0,0,0,0,0,0,0,0,0,0,0,0,0,0,0,0,0,0,0,0,0,0,0,0,0,0,0,0,0,0,0,0,0,0,0,0
6638.66558493,0,0.004443769,0.0188020414,0,0,0,0,0,0,0,0,0,0,0.0069163756,0,0,0.0070785783,0,0,0,0,0,0,0,0,0,0,0.0066022756,0,0,0,0,0,0,0,0,0,0.0072520609,0,0,0,0,0,0,0,0,0,0,0,0,0,0,0.0062659179,0,0,0,0,0.0106402811,0
6654.1021573227,0,0.0036072753,0,0,0,0,0,0,0,0,0,0,0,0,0,0,0,0,0,0,0,0,0,0,0,0,0,0,0,0,0,0,0,0,0,0,0,0,0,0,0,0,0,0,0,0,0,0,0,0,0,0,0,0,0,0,0,0,0
6664.7410767914,0,0,0,0,0,0,0,0,0,0,0,0,0,0,0,0,0,0,0.0177928487,0,0,0,0,0,0,0,0,0,0.0058765673,0,0,0,0,0,0,0,0,0,0,0,0,0,0,0,0,0,0,0,0,0,0,0,0,0,0,0,0,0,0
6681.9260294854,0,0,0,0,0,0,0,0,0,0,0,0,0,0,0,0,0,0.0196498919,0,0,0.0084480242,0.0089233972,0.007931958,0.0084473909,0.0073254142,0.0082419788,0,0.0097911583,0,0,0,0,0.0112552772,0,0,0,0,0,0,0,0,0,0,0,0,0,0,0.0135448012,0,0,0,0,0,0,0,0,0,0,0
6691.8652318568,0,0,0,0,0,0,0,0,0,0.0078334326,0,0,0,0,0,0,0,0,0,0,0,0,0,0,0,0,0.0069644437,0,0.0083267774,0.0101029801,0,0,0,0,0,0,0,0,0,0,0,0,0,0,0,0,0,0,0,0,0,0,0,0,0,0,0,0,0
6698.7505593881,0,0.0050254775,0.0060977205,0,0,0,0.0064257621,0.0064700902,0,0,0.0056940066,0,0.0073812255,0.0075381863,0,0,0,0.0068881915,0.0087776035,0,0.007751274,0.0075209692,0,0.006219537,0.0060083,0,0,0.0077717715,0.0067848482,0,0.0070871246,0,0.005635238,0,0.0061443027,0.0068560983,0.0083187207,0.0091898167,0,0,0.0063059339,0,0,0,0,0,0,0,0,0,0,0,0.0061703321,0,0.0064470927,0,0,0,0
6766.4531974793,0,0,0,0,0,0,0,0,0,0,0,0,0,0,0,0,0,0,0,0,0,0,0,0,0,0,0,0,0.0057171183,0,0,0,0,0,0,0,0,0,0,0,0,0,0,0,0,0,0,0,0,0,0,0,0,0,0,0,0,0.0073190463,0
6785.172797593,0,0.0057907471,0,0,0,0,0,0,0.0059551508,0,0.006032717,0,0,0,0,0.008507392,0,0,0,0,0,0,0,0.0059465332,0,0,0,0,0,0,0,0.0072810836,0,0.0061481045,0.0057983226,0,0,0,0.0060599456,0,0,0,0,0,0,0,0,0,0,0,0,0,0,0,0,0,0,0.0086543495,0
6800.7792751899,0,0,0,0,0,0,0,0,0,0,0,0,0,0,0,0,0,0,0,0,0,0,0,0,0,0,0,0,0,0,0,0,0,0,0,0,0,0,0,0,0,0,0,0,0,0,0,0,0,0,0,0,0,0,0,0,0,0.0098030286,0
6814.6668033611,0,0,0,0,0,0.0083156061,0,0,0,0,0,0.0083593038,0.0110877966,0.0089115574,0,0.0153119498,0.0155398817,0,0,0,0,0,0,0,0,0.0112646813,0,0,0,0,0,0,0,0.0105710687,0.0104366899,0,0,0,0.0109863091,0.0093437435,0.0061425666,0,0,0,0,0,0,0,0,0,0,0,0,0.0065937643,0,0,0.0078399376,0,0
6826.7698245796,0.0168968695,0.0181734633,0.0177205734,0.0169934024,0.0231122206,0.0149066576,0.016747298,0.0165681881,0.0209984334,0.0123396182,0.019573803,0.0189247496,0.017298593,0.014732687,0.0113250986,0.0278811729,0.0267714442,0.0204054719,0.0226188345,0,0.0203936348,0,0,0,0,0,0,0,0,0,0,0,0,0,0,0,0,0.0159615339,0.0203533391,0.017432808,0.0109607691,0.0113499994,0.0188842049,0.0063463125,0.0117008573,0.0129496881,0,0.0196257608,0.0201739671,0,0,0.0134177686,0.0138781366,0.0144023234,0.0144821154,0.0191721501,0.0132595005,0.0206611858,0.0185392421
6834.1108893083,0,0,0,0,0,0,0,0,0,0,0,0,0,0,0,0,0,0,0,0.0197018914,0,0.019403249,0.0175808416,0.0182848353,0.0187830064,0.0187948685,0.0145442251,0.0169101561,0.0121944134,0.0115299551,0.0202749367,0.0259341637,0.0178280629,0.0177621241,0.0177822733,0.014070299,0.0113825308,0,0,0,0,0,0,0,0,0,0.0113174575,0,0,0.0099213163,0.0090866017,0,0,0,0,0,0,0,0
6842.4845059132,0,0,0,0,0,0.0076293619,0,0,0.0085443118,0,0,0,0,0,0.0058443262,0,0,0,0,0,0,0,0,0,0,0,0,0,0,0,0,0,0,0,0,0,0,0,0,0,0,0.0110459747,0,0,0,0,0,0.011272597,0,0,0,0,0,0,0,0,0,0.012573053,0
6849.385244017,0.0080353965,0.0089646199,0,0.0068063626,0.0088700891,0,0.0073200591,0.0066105659,0,0,0.0087920361,0,0.0085985274,0.0078603734,0,0.0129590081,0.0127888339,0.0091219588,0.0114596867,0,0.0100553522,0.0098087182,0,0,0.0082090919,0.010358955,0.0078341556,0,0.0072399911,0,0.0081166738,0.0125411335,0,0.009524192,0.0097039452,0,0,0.0095470206,0.0095817369,0,0.005959921,0,0,0,0,0,0,0,0,0,0,0.0080017523,0.0080285721,0,0.0077055167,0.0075100415,0,0.0146818971,0.0084947635
6856.3513833548,0,0,0,0,0,0,0,0,0,0,0,0,0,0,0,0,0,0,0,0,0,0,0,0,0,0,0,0,0,0,0,0,0,0,0,0.0085191252,0.0069230744,0,0,0,0,0.0064466474,0,0,0,0,0,0,0.0113320523,0,0,0,0,0,0,0,0,0,0
6866.8716407395,0,0,0,0,0,0,0,0,0,0,0,0,0,0,0,0,0,0,0,0,0,0,0,0,0,0,0,0,0,0,0,0,0,0,0,0,0,0,0,0,0,0,0,0,0,0,0,0,0.0121998404,0,0,0,0,0,0,0,0,0.0182106926,0
6873.7822734026,0.0112450718,0.0124417235,0.0092123385,0.0097002861,0.0120999805,0.0109170393,0.0102690649,0.0095532091,0.0122139964,0,0.0126970806,0.0090666043,0.0120455205,0.0108669068,0.0083133235,0.0170291681,0.0180500734,0.0129001125,0.0154540039,0.0095792355,0.0140539452,0.013912444,0.012601877,0.0131871657,0,0.0142403727,0.0112697986,0,0.0101079101,0,0.011594153,0.0158471277,0.01232186,0.0132546681,0.0135735732,0.0120153698,0.0095436278,0.0132726294,0.0131981605,0.0100782942,0.0086052342,0.0065043027,0.0087218485,0,0.0075343223,0,0.0079802011,0,0,0,0,0.011257602,0.0112352125,0.0078058309,0.011013116,0.0110275935,0.0086428382,0.0171258192,0.011701501
6887.7429713412,0.0292671627,0.0315723883,0.0241840765,0.0243351401,0.0316967604,0.028116475,0.0269713849,0.028738172,0.0322351625,0.0208866234,0.0319639068,0.0284370475,0.0282475684,0.0258964074,0.0224632314,0.0403333223,0.0417353591,0.0318144349,0.0352696712,0,0.0327997665,0,0,0,0,0,0,0,0,0,0,0,0,0,0,0,0,0.0308581839,0.03383614,0.0243255708,0.024050435,0.0182932341,0.0276665062,0,0.0211266752,0.0206523591,0,0,0.029268965,0,0,0.0285360753,0.0262842491,0.0258184267,0.028605283,0.0325972755,0.0246224689,0.0370227378,0.0295980004
6895.1168463581,0,0,0,0,0,0,0,0,0,0,0,0,0,0,0,0,0,0,0,0.029298523,0,0.0325023598,0.0297687277,0.0296281325,0.0276703446,0.0331162392,0.0295335812,0.0291292858,0.0271200051,0.024711915,0.0311270947,0.0373442515,0.029912099,0.0315699481,0.0340063475,0.0289720965,0.0227799401,0,0,0,0,0,0,0.0157554587,0,0,0.0212315543,0.0265628721,0,0.0190741898,0.0167871019,0,0,0,0,0,0,0,0
6903.465741734,0.0085946065,0,0,0.0079430491,0.010117003,0.0096032632,0,0,0,0,0,0.007738743,0.0099240407,0,0.0079217699,0.0135189351,0,0,0,0,0,0,0,0,0,0,0,0,0,0,0,0,0,0,0,0,0,0,0,0,0.0068980261,0,0,0,0.0057961111,0,0,0,0.0092596375,0,0,0.008393492,0.008092386,0.006595781,0.0089127513,0.0089429963,0,0.0142777145,0
6910.8480539167,0,0,0,0,0,0,0,0,0,0,0,0,0,0,0,0,0,0,0,0.0074416137,0.0106101009,0.0110477484,0.0093717473,0.011184564,0,0.0112205927,0.0091739819,0.0106045589,0.0081955489,0.0094995158,0,0.0107977043,0.0105491434,0,0,0,0,0,0,0,0,0,0,0,0,0,0,0,0,0,0,0,0,0,0,0,0,0,0
6919.5953847969,0,0,0,0,0,0,0,0,0,0,0,0,0,0,0,0,0,0,0,0,0,0,0,0,0,0,0,0,0,0,0.0065951012,0,0,0.0074775378,0,0,0,0,0,0,0,0,0,0,0,0,0,0,0,0,0,0,0,0,0,0,0,0,0
6926.2787943524,0.0074497611,0.0070097716,0.0052001841,0,0,0,0.0063302816,0,0.006302766,0,0.0067398127,0,0.0072914554,0.0065159888,0,0.0104193984,0.0100390143,0.0068469861,0.0096275478,0,0,0,0,0,0,0.0082579592,0,0,0,0,0,0,0,0,0,0,0,0.0081533046,0.0074586445,0,0,0,0,0,0,0,0,0,0.007725495,0,0,0.0066647363,0,0,0,0,0,0.0118184479,0.0071450712
6933.6026599843,0,0,0,0,0,0,0,0,0,0,0,0,0,0,0,0,0,0,0,0,0.0077604807,0.0081691393,0.0071065748,0.0088135157,0.0061748877,0,0.0078435614,0.008198355,0.0070392492,0.0075801464,0.0063080693,0.0094781824,0.0077589206,0.0074963355,0.0080341836,0.0069899544,0.0062290973,0,0,0,0,0,0,0,0,0,0,0,0,0,0,0,0.0066694179,0,0,0,0,0,0
6941.9748935754,0,0.0063825568,0,0,0,0,0,0,0.0058515423,0,0.0061621693,0,0,0,0,0.0091163507,0.0092878732,0.0060887301,0,0,0,0,0,0,0,0,0,0,0,0,0,0.007480673,0,0.0066619453,0.0071129996,0,0,0.0075424429,0.0066442483,0,0,0,0,0,0,0,0,0,0,0,0,0,0,0,0,0,0,0.0096888143,0
6949.0611556024,0,0,0,0,0,0,0,0,0,0,0,0,0,0.0058773113,0,0,0,0,0.0082802967,0,0.0073765604,0,0.0063888038,0.0075063275,0.0055964514,0.0075416307,0,0,0.005726053,0,0,0.0074883629,0.0063540135,0.0066627808,0,0,0,0,0.0066135377,0,0,0,0,0,0,0,0,0,0,0,0,0,0.0059220831,0,0,0,0,0.0097945177,0
6956.0786655738,0,0.0063870476,0,0,0,0,0,0,0.0058419134,0,0.006302741,0,0,0.0063330027,0,0,0,0.005842588,0.0081991164,0,0.007465499,0,0,0.0073368411,0,0,0,0.0073086101,0,0,0,0.0074513187,0,0,0,0,0,0.0078621591,0,0,0,0,0,0,0,0,0,0,0,0,0,0,0.0061166294,0,0,0,0,0,0
6963.4153026234,0,0,0,0,0,0,0,0,0,0,0,0,0,0,0,0.0090324969,0.008794776,0,0,0,0,0,0,0.0073266132,0.0059029096,0.0075958415,0,0,0.0060733548,0,0.0063335893,0,0.0062022244,0.0068833397,0.007107498,0,0.0061487461,0,0,0,0,0,0,0,0,0,0,0,0,0,0,0,0,0,0,0,0,0,0
6970.0490486941,0,0.0068693114,0.0049663711,0,0,0,0,0,0.0061360122,0,0.0067838865,0,0,0.0063585961,0,0.0092625691,0,0.0060814621,0.0084249988,0,0.0078850771,0.0077950708,0.0068456714,0.007632322,0.0061150586,0.0080325189,0,0.0076472809,0.0060937216,0.0068805318,0.0063000919,0,0.0067202273,0.0068553925,0.0073015401,0.0066740243,0.0059701876,0.0082457698,0.0067188135,0,0,0,0,0,0,0,0,0,0,0,0,0,0.0065123109,0,0,0,0,0.0081933795,0
6985.9427350454,0,0,0,0,0,0,0,0,0.0071674537,0,0,0,0,0,0,0,0.0083612528,0,0,0,0,0,0,0,0,0,0,0,0,0,0,0,0,0,0,0,0,0,0,0,0,0,0,0,0,0,0,0,0.008440598,0,0,0,0,0,0,0,0,0.0082745006,0
6992.9011545924,0.0073517912,0.0080350976,0.005831025,0.0065263071,0,0,0.0069755177,0.0065393995,0,0,0.0078809553,0,0.0076755779,0.0071182979,0,0.0107504017,0,0.0065679011,0.0092428756,0,0.008791951,0,0.0078580437,0.0087195742,0.0073043513,0.0087317353,0,0.0088335485,0.0066660337,0,0.0076094935,0.008265461,0.0071399033,0.0076412642,0.0082603754,0.0074700998,0.0067297672,0.0091928264,0.0075122906,0,0,0,0,0,0,0,0,0,0,0,0.0120596562,0.0069390794,0.0073706128,0,0.0065191004,0,0,0,0.0074943865
7000.0186291459,0.0072893335,0.0084795932,0,0.0064856284,0,0,0.0071574044,0,0.0071838476,0,0.0080784925,0,0.0077388324,0.0074498616,0,0.0116591054,0.0085735776,0,0,0,0,0,0,0,0,0,0,0,0,0,0,0,0,0,0,0,0,0,0,0,0,0,0,0,0,0,0,0,0.0086934913,0,0,0.0071684136,0,0,0.0065435625,0,0,0.0082448862,0
7007.0619077099,0,0,0.0060676908,0,0,0,0,0.0065982314,0,0,0,0,0,0,0,0,0,0.0075265331,0.0096653182,0,0.0089759979,0.0091951147,0.0081855008,0.0088085677,0.0073316728,0.0089556266,0,0.008940042,0.0070024046,0.007786212,0.007771211,0.0089048371,0.0072901201,0.0078841008,0.0085811576,0.00782406,0.0071514799,0.0097430993,0.0077515801,0,0,0,0,0,0,0,0,0,0,0,0,0,0.0074454643,0,0,0,0,0.0080801554,0.0073276967
7014.028713024,0.0068298803,0.0076311948,0,0,0,0,0.006826241,0.0060182321,0.0065758084,0,0.0075273039,0,0,0.006732896,0,0,0.0079503252,0,0,0,0.0085783136,0,0,0,0,0.0084365341,0,0,0,0,0,0,0,0.0073562047,0,0,0,0.0092028612,0,0,0,0,0,0,0,0,0,0,0.0079654184,0,0,0.0067275572,0.0070873444,0,0,0,0,0.0078946951,0.0068093637
7021.4700880517,0,0,0,0,0,0,0,0,0,0,0,0,0,0,0,0,0,0,0,0,0,0,0.0076620597,0.0084317429,0,0.0084735212,0,0,0.0064081955,0,0.0072605314,0,0,0,0,0.0072619265,0.0067837465,0,0.0072389234,0,0,0,0,0,0,0,0,0,0,0,0,0,0,0,0,0,0,0.0077167176,0
7031.6594370877,0.0184390885,0.0208131893,0.0159096092,0.0161188215,0.0155353682,0.0144179143,0.018700695,0.0193300843,0.0179794473,0,0.0204908134,0.0177332786,0.0168713386,0.0165376713,0.0126356974,0.0278811043,0.0180706367,0.0163007166,0.0213067955,0,0.020761383,0,0,0,0,0,0,0,0,0,0,0,0,0,0,0,0,0.0222032444,0.0199192841,0.0168835872,0.0134894162,0.0092932974,0.0146918742,0,0.0100811405,0.0125303308,0,0,0.0213158588,0,0,0.0172010929,0.0170477207,0.0132451701,0.0155010399,0,0,0.0142465801,0
7039.1101876024,0,0,0,0,0,0,0,0,0,0.014054745,0,0,0,0,0,0,0,0,0,0.0175976008,0,0.021116252,0.0192882323,0.0198619713,0.0175436901,0.0202292348,0.0129121369,0.0200155064,0.017898986,0.0171533605,0.0208919611,0.0223236174,0.0177871423,0.0180194894,0.0199255384,0.0180932211,0.0167636834,0,0,0,0,0,0,0.00936567,0,0,0.0128159533,0.0130505401,0,0.012326287,0.0109480557,0,0,0,0,0.0169160017,0.0140033616,0,0.0177927878
7051.1629281535,0,0,0,0,0,0,0,0,0,0,0,0,0,0.0057810585,0,0,0,0,0,0,0,0,0,0,0,0,0,0,0,0,0,0,0,0,0,0,0,0,0,0,0,0,0,0,0,0,0,0,0,0,0,0,0.0057230671,0,0,0,0,0,0
7070.6113636681,0,0.0057459219,0,0,0,0,0,0,0,0,0,0,0,0,0,0.0085259672,0,0,0,0,0.0061453621,0,0,0.0066219438,0,0,0,0.0065214106,0,0,0,0,0.0056070925,0,0.0056663523,0,0,0,0,0,0,0,0,0,0,0,0,0,0,0,0,0,0,0,0,0,0,0,0
7085.0783679387,0,0.0058369656,0,0,0,0,0,0,0,0,0,0,0,0,0,0,0,0,0,0,0.0061158487,0,0,0,0,0,0,0,0,0,0,0,0,0,0,0,0,0,0,0,0,0,0,0,0,0,0,0,0,0,0,0,0,0,0,0,0,0,0
7092.163719177,0,0,0,0,0,0,0,0,0,0,0,0,0,0,0,0,0,0,0,0,0,0,0,0.0059454436,0,0,0,0.0059899933,0,0,0,0,0,0,0,0,0,0,0,0,0,0,0,0,0,0,0,0,0,0,0,0,0,0,0,0,0,0,0
7107.814840819,0,0.0050547579,0,0,0,0,0,0,0,0,0,0,0,0,0,0,0,0,0,0,0,0,0,0,0,0,0,0,0,0,0,0,0,0,0,0,0,0,0,0,0,0,0,0,0,0,0,0,0,0,0,0,0,0,0,0,0,0,0
7127.3414773655,0,0.0048781421,0,0,0,0,0,0,0,0,0,0,0,0,0,0,0,0,0,0,0,0,0,0,0,0,0,0,0,0,0,0,0,0,0,0,0,0,0,0,0,0,0,0,0,0,0,0,0,0,0,0,0,0,0,0,0,0,0
7136.2261079663,0,0.004912678,0,0,0,0,0,0,0,0,0,0,0,0,0,0,0,0,0,0,0,0,0,0,0,0,0,0,0,0,0,0,0,0,0,0,0,0,0,0,0,0,0,0,0,0,0,0,0,0,0,0,0,0,0,0,0,0,0
7173.5046396975,0,0.007012803,0,0.0068517543,0,0,0,0,0.0057669912,0,0.0056397797,0,0.0082123953,0.0072124408,0.0055468798,0,0,0,0,0,0,0,0,0,0,0,0,0,0,0,0,0,0,0,0.0071018939,0,0,0,0.0056721433,0,0.0070295925,0,0.0085742944,0,0,0,0,0,0,0,0,0,0.0081122704,0.0059812648,0.0065425978,0,0.0076027554,0,0.0073120096
7181.0303983708,0,0,0,0,0,0,0,0,0,0,0,0,0,0,0,0,0,0,0,0,0,0,0.0063414154,0,0.0064901974,0,0,0.007538562,0.0063731491,0.0077260629,0.0064239949,0,0,0.0073907687,0,0,0.006472555,0,0,0,0,0,0,0,0,0,0,0,0,0,0,0,0,0,0,0,0,0,0
7202.1450030061,0,0,0,0,0,0,0,0,0,0,0,0,0,0,0,0,0,0,0,0.0075266667,0,0,0,0,0,0,0,0,0,0,0,0,0,0,0,0,0,0,0,0,0,0,0,0,0,0,0,0,0,0,0,0,0,0,0,0,0.0076943704,0.0080471359,0
7271.9563543368,0,0,0,0,0,0,0,0,0,0,0,0,0,0,0,0,0.0357570668,0,0,0,0,0,0,0,0,0,0,0,0,0,0,0,0,0,0,0,0,0,0.0532288912,0,0,0.0253560263,0.0097227158,0,0,0,0,0,0,0,0,0,0,0,0,0,0,0,0
7286.318403215,0,0.1703839158,0,0,0.1038927093,0.1099293368,0,0.1494704239,0.1361654218,0,0.1333519885,0.1313537158,0,0,0.1107931853,0.1036256844,0.0804991341,0,0,0,0,0,0,0,0,0,0,0,0,0,0,0,0,0,0,0,0,0,0.1379694425,0,0,0.0700770164,0.0208249106,0,0.1437410341,0.0631119616,0,0,0.126692361,0,0,0,0,0,0,0,0,0.1138669669,0
7293.3935955666,0.1290318169,0,0.160280465,0.1245549239,0,0,0.1551698428,0,0,0.0983162017,0,0,0.1199586634,0.1146868665,0,0,0,0,0.0859352684,0.0887647027,0.1392229149,0.1498932087,0.124072333,0.138539675,0.129745772,0.1404717367,0.1343727983,0.1429273388,0.1093059752,0.1133781747,0.1475207631,0.1187221019,0.1059853163,0.1517005791,0.1099587233,0.0704201393,0.0839355381,0.1025094349,0,0.0800435643,0.0956114836,0,0,0.0823102343,0,0,0.1007397555,0.0995119079,0,0.1044646605,0.1005828042,0.089305908,0.133820936,0.1431635701,0.1279220985,0.128488288,0.1210394485,0,0.132763012
7300.5826815472,0.0628220668,0,0,0,0.0573501419,0.0629345659,0,0,0,0.0594416083,0,0.0577844796,0,0.0670799404,0.0768907658,0.0485421672,0.0578472656,0.1050384563,0,0.0456874794,0,0,0,0,0,0.0796284032,0.0744013442,0,0.069286464,0,0,0.0617707688,0,0.0717151499,0.0967675974,0.0446205354,0.0720602347,0.0723631225,0.0503984424,0.0340098856,0.0614551372,0.039517596,0.0092835493,0.0538775088,0.0688079628,0.0425404004,0,0,0.0546468217,0,0,0.0612340966,0.0787474354,0.0744925459,0.0766874009,0.0654953486,0.0652540434,0.0708866212,0
7315.0851626279,0,0.0305745534,0,0,0,0,0,0,0,0,0,0,0,0,0,0,0.0215894039,0,0,0,0,0,0,0,0,0,0,0,0,0,0,0,0,0,0,0,0,0,0,0,0,0,0,0,0,0,0,0,0,0,0,0,0,0,0,0,0,0,0
7325.8873625512,0,0.0371652729,0,0,0.0239741138,0.0284510392,0,0,0.0292234455,0,0.0313679947,0.024107069,0,0,0.0278532977,0.034289667,0.0234696029,0,0,0,0,0,0,0,0,0,0,0,0,0,0,0,0,0,0,0,0,0,0.0323135782,0,0,0.0148976895,0,0,0.0298979279,0.0150564127,0,0,0.0350828249,0,0,0,0,0,0,0,0,0.0449463191,0
7332.9775433651,0.0381565925,0,0.0349468083,0.0318493491,0,0,0.0365068873,0.030433249,0,0.0178463144,0,0,0.0350725666,0.034840717,0,0,0,0.0381796,0.0297346737,0.0212216627,0.0378665511,0,0.0344306339,0.0439169236,0,0.0385476465,0.0410384172,0.0452822421,0.0326805494,0.0409709959,0.0338395415,0.0371799184,0.0330907589,0.0398652295,0.033683435,0.0240165455,0.0287638948,0.0340284626,0,0.0236776803,0.0267375956,0,0,0.0205776488,0,0,0.0264517703,0.0186454163,0,0.0267004199,0.0190569991,0.0272789987,0.0376139955,0.0293282302,0.0321029196,0.0270960443,0.0261252707,0,0.0349202397
7342.1056610884,0,0,0,0,0.0306688483,0.0355433421,0,0,0.0378689788,0,0,0.0350384396,0,0,0.0329739202,0.0497010661,0.0339504625,0,0,0,0,0,0,0,0,0,0,0,0,0,0,0,0,0,0,0,0,0,0,0,0,0.0206472971,0,0,0.0334123781,0.0253834023,0,0,0.0422147032,0,0,0,0,0,0,0,0,0.0419746683,0
7349.2019592272,0.0419570444,0.0482163703,0.0404803074,0.0397213209,0,0,0.0424419795,0.0406892261,0,0.028911058,0.0394944712,0,0.0433755722,0.04614571,0,0,0,0.0457323113,0.0412950611,0.0360357498,0.050533169,0.0538061463,0.0417534111,0.0472927458,0.0413711781,0.0466638434,0.0406241867,0.0514625365,0.0408793945,0.0463212004,0.0477055479,0.0418553198,0.0392517855,0.0447465056,0.0493159411,0.036530105,0.0444220197,0.04738108,0.0416070736,0.0349632008,0.0344394844,0,0.0221419516,0.0274102707,0,0,0.0317502889,0.026505598,0,0.0313842934,0.0264218849,0.0419713876,0.0447394001,0.0378980103,0.0396293123,0.0353820936,0.0368203337,0,0.0410321465
7361.9524685028,0,0,0,0,0,0,0,0,0,0,0,0,0,0,0,0,0,0.0683931309,0,0,0,0,0,0,0,0,0,0,0,0,0,0.0261810627,0,0,0,0,0,0,0,0,0,0,0,0,0,0,0,0,0,0,0,0,0,0,0,0,0,0.0275397716,0
7369.0562320491,0.0244008508,0.0257285759,0,0,0.0186414439,0.0231546174,0.0257910157,0.0230139493,0.0222080935,0,0.0232680361,0.0193467691,0,0,0.0232553423,0,0.0197801583,0,0.0215125961,0,0,0,0,0.0291089707,0,0,0.0274048137,0,0,0,0,0,0,0,0,0,0,0,0,0,0,0.0105074924,0,0.0143761073,0.0200902478,0,0.0190286326,0,0.0245998902,0,0,0,0,0,0,0,0,0,0.0225659617
7376.2826307461,0,0,0,0.0224544896,0,0,0,0,0,0.0169396983,0,0,0.0271370281,0.0261293535,0,0.0287758497,0,0,0,0.0224042185,0.0314656353,0,0.0244387125,0,0.023778117,0.0294643913,0,0,0.0236905373,0,0.0263028419,0.027515265,0.0245255022,0.027584565,0,0.0173183314,0,0.0315420611,0,0.0158421243,0.0185553186,0,0,0,0,0.0144434187,0,0.0159417347,0,0.0185077495,0,0,0.0261754921,0.0208406278,0.0263524125,0.0213067464,0.0196856405,0,0
7383.6341958524,0,0,0,0,0,0,0,0,0,0,0,0,0,0,0,0,0,0,0,0,0,0,0,0,0,0,0,0,0,0,0,0,0,0,0,0,0,0,0,0,0,0,0,0,0,0,0,0,0,0,0,0.0151385677,0,0,0,0,0,0,0
7398.1064576481,0,0,0,0,0,0,0,0,0,0,0,0,0,0,0,0,0,0.0187070907,0,0,0,0,0,0,0,0,0,0,0,0,0,0,0,0,0,0,0,0,0,0,0,0,0,0,0,0,0,0,0,0,0,0,0,0,0,0,0,0,0
7407.436881206,0,0,0,0,0,0,0,0,0,0,0,0,0,0,0,0,0,0,0,0,0,0,0,0,0,0,0,0,0,0,0,0.0122299173,0,0,0,0,0,0,0,0,0,0,0,0,0,0,0,0,0,0,0,0,0,0,0,0,0,0,0
7419.7156511569,0,0,0,0,0.0075336912,0,0,0,0.0088041859,0,0,0.0071785943,0,0,0,0.011446099,0,0,0,0,0,0,0,0,0,0,0,0,0,0,0,0,0,0,0,0,0,0,0,0,0,0,0,0,0,0,0,0,0.0100920375,0,0,0,0,0,0,0,0,0.0100424363,0
7426.9669260979,0.010425711,0.0093403684,0,0.0091811565,0,0.0093884375,0,0.0097939283,0,0,0.0092122079,0,0,0.0104099515,0.0095978807,0,0.0078533811,0,0.0098322277,0,0,0.0137741654,0,0,0,0,0.0118187426,0,0.0099956727,0,0,0.0097908651,0.0103484913,0,0,0.0078991473,0.0094831936,0,0.0083121768,0,0.0078901535,0,0,0.0064917613,0.007369417,0,0,0,0,0,0,0.0083709641,0.010643853,0.0079573851,0,0,0.0077662237,0.0100306794,0.0094470662
7434.2217548598,0,0,0.0107630694,0,0,0,0.0106943825,0,0.0087990784,0,0,0.0074099051,0.0112439061,0,0,0,0,0,0,0,0,0,0,0,0.0096635847,0.0115038692,0,0,0,0,0,0,0,0,0,0,0,0,0,0,0,0,0,0,0.0072070856,0,0,0,0.0097315014,0.0080968395,0,0,0,0.0079617905,0.010149331,0.0079350971,0.0077026827,0,0.0093327998
7441.4801374606,0,0,0,0,0,0.0084077109,0.0096657467,0.009063444,0.0080014838,0,0.0082233838,0.0067467381,0,0,0.009711165,0.009241016,0,0,0,0,0.0108991535,0,0,0,0,0,0,0,0,0,0,0,0,0,0,0,0,0.0105223822,0.0070550771,0,0,0,0,0.006345365,0,0,0,0,0.008875438,0,0,0,0,0,0,0,0,0.0076380813,0
7448.7420739184,0,0.0077835376,0,0,0,0,0,0,0,0,0,0,0.010367058,0.0094746638,0,0,0,0,0,0,0,0,0.0091366603,0.0110292446,0,0.0103557009,0.0096143684,0,0,0,0.0090988221,0.008030081,0,0.0097114839,0.0090494901,0,0.0082460511,0,0,0,0.0074399124,0,0,0,0.0075582157,0,0.0075516334,0,0,0.0082188628,0,0.0064572933,0.0099423417,0.0074051974,0.009502857,0.007240453,0.0074023844,0,0
7457.8244921291,0.0071411863,0.0062502164,0.0081241945,0,0,0,0.0079803858,0.0072587954,0.0064023673,0,0.006482,0,0,0,0.0072910763,0,0,0,0,0,0,0,0,0,0,0,0,0,0,0,0,0,0,0,0,0,0,0,0,0,0,0,0,0,0,0,0,0,0,0,0,0,0.0071511123,0,0.0070688418,0,0,0,0
7465.4984141848,0,0,0,0.0064988935,0,0,0,0,0,0,0,0,0,0,0,0,0,0,0,0,0,0.0098038188,0.0073687836,0,0.0071412458,0.0079196378,0.0082649496,0,0,0,0.007357564,0,0,0.0070835768,0.0065311123,0,0,0,0,0,0,0,0,0,0,0,0,0,0,0,0,0,0,0,0,0,0,0,0.0067376347
7477.9581144935,0,0.0045821261,0,0,0,0,0,0,0,0,0,0,0,0,0,0,0,0,0,0,0,0,0,0,0,0,0,0,0,0,0,0,0,0,0,0,0,0,0,0,0,0,0,0,0,0,0,0,0,0,0,0,0,0,0,0,0,0,0
7543.6112943982,0,0.0035858992,0,0,0,0,0,0,0,0,0,0,0,0,0,0,0,0,0,0,0,0,0,0,0,0,0,0,0,0,0,0,0,0,0,0,0,0,0,0,0,0,0,0,0,0,0,0,0,0,0,0,0,0,0,0,0,0,0
7551.1886586964,0,0,0,0,0,0,0,0,0,0,0,0,0,0,0,0,0,0,0,0,0,0,0,0.0058387135,0.0063126131,0,0,0.0058744871,0,0,0.0063012032,0,0,0,0,0,0,0,0,0,0,0,0,0,0,0,0,0.0075573503,0,0,0,0,0,0,0,0,0,0,0
7616.8970746407,0,0.0035759052,0,0,0,0,0,0,0,0,0,0,0,0,0,0,0,0,0,0,0,0,0,0,0,0,0,0,0,0,0,0,0,0,0,0,0,0,0,0,0,0,0,0,0,0,0,0,0,0,0,0,0,0,0,0,0,0,0
7629.7586457941,0,0.0036996533,0,0,0,0,0,0,0,0,0,0,0,0,0,0,0,0,0,0,0,0,0,0,0,0,0,0,0,0,0,0,0,0,0,0,0,0,0,0,0,0,0,0,0,0,0,0,0,0,0,0,0,0,0,0,0,0,0
7640.7915174758,0,0,0,0,0,0,0,0,0.0058410802,0,0.0057490507,0,0,0,0,0.0098434729,0.0089054685,0,0,0,0,0,0,0,0,0,0,0,0,0,0,0,0,0,0,0,0,0,0,0,0,0,0,0,0,0,0,0,0,0,0,0,0,0,0,0,0,0,0
7648.4067371739,0,0.0050469753,0.0062036064,0,0,0,0,0,0,0,0,0,0,0,0,0.0102090796,0,0.0072260064,0,0,0,0,0.0064516236,0.0068980523,0.0062061718,0.0073898166,0,0.0065420046,0,0,0,0.0110310445,0.0081791036,0,0,0,0,0,0.007306049,0,0,0,0,0,0,0,0,0,0,0,0,0,0,0,0,0,0,0,0
7670.095495682,0,0,0,0,0,0,0,0,0,0,0,0,0,0,0,0,0,0,0,0,0,0,0,0,0,0,0,0,0,0,0,0.0158474925,0,0,0,0,0,0,0.0101381539,0,0,0,0,0,0,0,0,0,0.0087237172,0,0,0,0,0,0,0,0,0,0
7683.1583145717,0.0110273841,0.0127097362,0,0.0062783032,0.0186299076,0,0.0107918524,0.0120245482,0.0173696905,0,0.0165825237,0.0142347622,0.0093581056,0.0084940785,0.0059669615,0.0310271416,0.0269627368,0.0227286727,0.0178627977,0,0,0,0,0,0,0,0,0,0,0,0,0,0,0,0,0,0,0,0.0236477831,0.0130486937,0,0,0,0,0.0067088898,0,0,0,0.0188646729,0,0,0.0065014917,0,0.0079995378,0.0080497426,0,0.0091500623,0.0103483574,0
7690.7898693749,0,0,0.0196448324,0,0,0,0,0,0,0.0074379464,0,0,0,0,0,0,0,0,0,0.007222936,0.0110198462,0.0093966717,0.0150503897,0.0154850073,0.0156237485,0.0168060244,0.0081632744,0.012250881,0,0,0.0148791881,0.0358836316,0.0224757493,0.0140329469,0.0088421139,0,0,0,0,0,0,0,0,0,0,0,0,0,0,0,0.0068212303,0,0.0069706451,0,0,0.0127224628,0,0,0.0144688488
7705.5593753583,0,0,0,0,0,0,0,0,0,0,0,0,0,0,0,0,0,0,0,0,0,0,0,0,0,0,0,0,0,0,0,0.0091662237,0,0,0,0,0,0,0,0,0,0,0,0,0,0,0,0,0,0,0,0,0,0,0,0,0,0,0
7723.6303022162,0,0,0.0048770009,0,0,0,0,0,0,0,0,0,0,0,0,0,0,0,0,0,0,0,0,0,0,0,0,0,0,0,0,0.0080157571,0.0060789091,0,0,0,0,0,0,0,0,0,0,0,0,0,0,0,0,0,0,0,0,0,0,0,0,0,0
7829.5745648645,0,0.0034393601,0.0053988962,0,0,0,0,0,0,0,0,0,0,0,0,0,0,0,0,0,0,0,0,0,0,0,0,0,0,0,0,0,0,0,0,0,0,0,0,0,0,0,0,0,0,0,0,0,0,0,0,0,0,0,0,0,0,0,0
7870.5956626429,0,0.0037903689,0,0,0,0,0,0,0,0,0,0,0,0,0,0,0,0,0.0089048991,0,0,0,0,0,0,0,0,0,0,0,0,0,0.0057068272,0,0,0,0,0,0,0,0,0,0.0102758584,0,0,0,0,0,0,0,0,0,0,0,0,0,0,0,0
8325.0880817248,0,0.0034665667,0,0,0,0,0,0,0,0,0,0,0,0,0,0,0.0072472121,0,0,0,0,0,0,0,0,0,0,0,0,0,0,0,0,0,0,0,0,0,0,0,0,0,0,0,0,0,0,0,0,0,0,0,0,0,0,0,0,0,0
8332.9550586796,0,0,0,0,0,0,0,0,0,0,0,0,0,0,0,0,0,0,0,0,0.0064836831,0.0075347278,0,0,0.0053679774,0,0,0,0,0,0,0,0,0,0,0,0,0,0,0,0,0,0,0,0,0,0,0,0,0,0,0,0,0,0,0,0,0,0
8980.9010958347,0,0.0046880323,0,0,0,0,0,0,0.0060257799,0,0.0061313184,0,0,0.0060719384,0,0.0120711876,0,0.0059648707,0,0,0.0077166152,0,0,0,0,0,0,0,0,0,0,0,0,0,0,0,0,0,0.0070024191,0,0,0,0,0,0,0,0,0,0,0,0,0,0,0,0,0,0,0,0
8988.9864609857,0,0,0,0,0,0,0,0,0,0,0,0,0,0,0,0,0,0,0,0,0,0,0,0,0.0064206541,0,0,0,0,0,0.0074811631,0,0,0,0.0060248161,0,0,0,0,0,0,0,0,0,0,0,0,0,0,0,0,0,0,0,0,0,0,0,0
9058.5213744115,0,0.0085718118,0,0,0.0160603705,0.0120101187,0,0,0.0158377629,0,0,0.0145607891,0,0,0.0098164305,0.0098972135,0.0186137624,0,0,0,0,0,0,0,0,0,0,0,0,0,0,0,0,0,0,0,0,0.0111578969,0.0129447983,0.0113839046,0,0,0,0,0,0.0071398894,0,0,0.0124858075,0,0,0.01086625,0,0,0,0,0,0,0
9064.5321936674,0.010308554,0,0.0110084942,0.0106186953,0,0,0.011139558,0.0134962876,0,0.009812978,0.0139473256,0,0.0128496388,0.0104724608,0,0,0,0.0140091518,0.015057892,0.0127643498,0.0145022737,0.0164523031,0.0143255412,0.0127370332,0.0148226067,0.0129492448,0.0105969059,0.0107645054,0.0076055659,0.0088368201,0.0147186228,0.0093790453,0.0141769903,0.011644848,0.0092609236,0.0102231662,0.0066346063,0,0,0,0.0074503811,0.0210954292,0.0101033896,0,0.0074464441,0,0.0062292109,0.0108987877,0,0.0076799719,0.0065129327,0,0.0087109474,0.0106824672,0.0122524057,0.0150662215,0.0107833797,0,0.0132307494
9234.0255368629,0,0.0040126818,0,0,0,0,0,0,0.0057130353,0,0,0,0,0,0,0,0.0075356225,0.006198371,0,0,0,0,0,0,0,0,0,0,0,0,0,0,0,0,0,0,0,0,0.0059512137,0,0,0,0,0,0,0,0,0,0,0,0,0,0,0,0,0,0,0,0
9242.1895728727,0,0,0,0,0,0,0,0,0,0,0,0,0,0,0,0,0,0,0,0,0,0,0,0,0.0060022718,0,0,0,0,0,0,0,0,0,0,0,0,0,0,0,0,0,0,0,0,0,0,0,0,0,0,0,0,0,0,0,0,0,0
9535.8578269909,0,0.0039210538,0,0,0,0,0,0,0,0,0,0,0,0.0058673818,0,0,0,0,0,0,0,0,0,0,0,0,0,0,0,0,0,0,0,0,0,0,0,0,0,0,0,0.0105193037,0,0,0,0,0,0,0,0,0,0,0,0,0,0,0,0,0
9549.8250447412,0,0.0109535226,0,0,0.0121782425,0.0131201192,0,0,0.0099836623,0,0,0.0133056419,0,0,0.0103680778,0.0139460464,0.0131976997,0,0,0,0,0,0,0,0,0,0,0,0,0,0,0,0,0,0,0,0,0.0133834703,0.0168909066,0,0,0.0183447137,0,0,0,0.0104285739,0,0,0.0122509883,0,0,0.0138667976,0,0,0,0,0,0,0
9555.9973179476,0.0111875447,0,0.0072147522,0.0098246851,0,0,0.0107060314,0.0152532608,0,0.0176435004,0.0112900401,0,0.0143793592,0.0148403181,0,0,0,0.0129852499,0.0146997974,0.0186877851,0.0170496437,0.0161815158,0.0139527686,0.0136266023,0.0174532278,0.0116208137,0,0.0133907798,0,0,0.0139427254,0.0149553067,0.0124490922,0.0118250077,0.0161794342,0.0167189523,0.0162878972,0,0,0.0089695543,0.0112906375,0,0.0145068985,0.0080252456,0.0084952759,0,0.0091013601,0.0115652964,0,0.0105551436,0.0145516434,0,0.0100629091,0.0098501099,0.0151065036,0.0145101518,0.0180637719,0,0.0148581138
9585.285705058,0,0,0,0,0,0,0,0,0,0,0,0,0,0,0,0,0,0,0,0,0,0,0,0,0,0,0.0094534305,0,0.0090640134,0.0112369283,0,0,0,0,0,0,0,0,0,0,0,0,0,0,0,0,0,0,0,0,0,0,0,0,0,0,0,0,0
9738.402279737,0,0,0,0,0,0,0,0,0,0,0,0,0,0,0,0,0,0,0,0,0,0,0,0,0,0,0,0,0,0,0,0,0,0,0,0,0,0,0,0,0,0.0221191012,0,0,0,0,0,0,0,0,0,0,0,0,0,0,0,0,0
10069.4550690171,0,0,0,0,0,0,0,0,0,0,0,0,0,0,0,0.0215688127,0.0078494856,0,0,0,0,0,0,0,0,0,0,0,0,0,0,0,0,0,0,0,0,0,0.00840028,0,0,0,0,0,0,0,0,0,0,0,0,0,0,0,0,0,0,0,0
10075.7446052084,0,0,0,0,0.008419824,0,0,0.0139514568,0.0055002278,0,0,0,0,0,0,0,0,0.0061127524,0.0110076574,0,0,0,0,0,0,0,0,0,0,0,0.0099799833,0.0184686184,0,0.0143410873,0,0,0,0,0,0,0,0,0,0,0,0,0,0,0,0,0,0,0,0,0,0,0,0,0
10088.4278069555,0,0,0,0,0,0,0,0,0,0,0,0,0,0,0,0,0,0,0,0,0,0,0,0,0,0,0,0,0,0,0,0.0152819075,0,0,0,0,0,0,0,0,0,0,0,0,0,0,0,0,0,0,0,0,0,0,0,0,0,0,0
10103.289276497,0,0,0,0,0,0,0,0,0,0,0,0,0,0,0,0,0,0,0.0183144733,0,0,0,0,0,0,0,0,0,0,0,0,0,0,0,0,0,0,0,0,0,0,0,0,0,0,0,0,0,0,0,0,0,0,0,0,0,0,0,0
10490.0082051959,0,0.0044157919,0,0,0,0,0,0,0.006129249,0,0,0,0,0,0,0.0090481542,0,0,0,0,0,0,0,0,0,0,0,0,0,0,0,0,0,0,0,0,0,0,0.0060688027,0,0,0,0,0,0,0,0,0,0,0,0,0,0,0,0,0,0,0,0
10496.3626245848,0,0,0,0,0,0,0,0,0,0,0.006015841,0,0,0,0,0,0,0,0,0,0.0064695137,0,0,0,0.0062420129,0,0,0,0,0,0.0075393563,0,0.0053020965,0,0,0,0,0,0,0,0,0,0,0,0,0,0,0,0,0,0,0,0,0,0,0,0,0,0
