Mass,enterococcus_faecium_s_1054_-_d1,enterococcus_faecium_s_1065_-_d1,enterococcus_faecium_s_1269_-_d1,enterococcus_faecium_s_142_-_d1,enterococcus_faecium_s_1508_-_d1,enterococcus_faecium_s_1514_-_d1,enterococcus_faecium_s_1604_-_d1,enterococcus_faecium_s_1841_-_d1,enterococcus_faecium_s_1856_-_d1,enterococcus_faecium_s_1963_-_d1,enterococcus_faecium_s_2090_-_d1,enterococcus_faecium_s_2217_-_d1,enterococcus_faecium_s_276_-_d1,enterococcus_faecium_s_491_-_d1,enterococcus_faecium_s_974_-_d1,enterococcus_faecium_s_g-13_-_d1,enterococcus_faecium_s_g-19_-_d1,enterococcus_faecium_s_g-1_-_d1,enterococcus_faecium_s_g-20_-_d1,enterococcus_faecium_s_g-3_-_d1,enterococcus_faecium_vana_1281_-_d1,enterococcus_faecium_vana_1575_-_d1,enterococcus_faecium_vana_1686_-_d1,enterococcus_faecium_vana_1906_-_d1,enterococcus_faecium_vana_1999_-_d1,enterococcus_faecium_vana_2087_-_d1,enterococcus_faecium_vana_2110_-_d1,enterococcus_faecium_vana_2690_-_d1,enterococcus_faecium_vana_2691_-_d1,enterococcus_faecium_vana_2799_-_d1,enterococcus_faecium_vana_2800_-_d1,enterococcus_faecium_vana_3249_-_d1,enterococcus_faecium_vana_3718_-_d1,enterococcus_faecium_vana_4021_-_d1,enterococcus_faecium_vana_4100_-_d1,enterococcus_faecium_vana_4179_-_d1,enterococcus_faecium_vana_4807_-_d1,enterococcus_faecium_vana_4903_-_d1,enterococcus_faecium_vana_750_-_d1,enterococcus_faecium_vana_918_-_d1,enterococcus_faecium_vana_979_-_d1,enterococcus_faecium_vanb_1080_-_d1,enterococcus_faecium_vanb_1095_-_d1,enterococcus_faecium_vanb_1144_-_d1,enterococcus_faecium_vanb_1213_-_d1,enterococcus_faecium_vanb_1303_-_d1,enterococcus_faecium_vanb_1791_-_d1,enterococcus_faecium_vanb_2038_-_d1,enterococcus_faecium_vanb_2043_-_d1,enterococcus_faecium_vanb_2119_-_d1,enterococcus_faecium_vanb_2167_-_d1,enterococcus_faecium_vanb_2446_-_d1,enterococcus_faecium_vanb_2_-_d1,enterococcus_faecium_vanb_313_-_d1,enterococcus_faecium_vanb_342_-_d1,enterococcus_faecium_vanb_468_-_d1,enterococcus_faecium_vanb_736_-_d1,enterococcus_faecium_vanb_775_-_d1,enterococcus_faecium_vanb_834_-_d1,enterococcus_faecium_vanb_887_-_d1
2000.830835439,0,0,0,0,0,0,0,0,0,0,0,0,0,0,0,0,0,0,0,0,0,0,0,0,0,0,0,0.0089028949,0.0116715861,0.0120778776,0.0267268878,0,0.0093582097,0,0.0061888697,0,0.0224657592,0.0094962185,0,0,0,0,0,0,0.0291904168,0,0,0.0217656363,0,0,0.0242992997,0,0,0,0,0,0,0,0,0
2009.6100076264,0,0,0.0083294108,0,0.0086331245,0.0096884741,0,0,0,0.0079921846,0,0,0.0085761888,0,0.0062066551,0,0,0,0,0.0081430627,0,0,0,0,0,0,0,0,0,0,0.0068337687,0,0,0,0,0,0.009356251,0,0,0,0,0.007423178,0.0067918917,0.0138718393,0.0111583105,0.006682585,0.010003085,0.0085390741,0,0,0.0103930604,0.0097915917,0.0084068056,0,0.0066853419,0,0,0.0075854204,0,0
2016.0929995353,0.0201517812,0.0064186836,0.0258110992,0.0161074527,0.0276695323,0.0384804858,0.024011776,0.0180579547,0.0078482697,0.0135105332,0.0119359749,0.0125759702,0.0242020534,0.0147582816,0.0153015307,0,0,0.0079154489,0.0067591464,0.0345970943,0.0130300351,0.0080252608,0.0154177695,0.0110588173,0.0133761181,0.0068693529,0.0108855773,0.0219306083,0.0196512917,0.0215529577,0.0367396784,0.0066484261,0.014216215,0.0156510749,0.0106624057,0.0077804825,0.0315371894,0.0149032606,0.0167269433,0.0060832613,0.0197284255,0.0257176053,0.0224548359,0.0470895392,0.0526743146,0.021783438,0.0338838955,0.0403087666,0.0109519854,0.0234764742,0.0514369132,0.026477719,0.0260637561,0.0112600107,0.0169448207,0.0159912052,0.0097785512,0.0148562971,0.0097413719,0.0140727132
2033.5362398934,0,0,0.0050408865,0,0,0.0068958722,0,0,0,0,0,0,0,0,0,0,0,0,0,0,0,0,0,0,0,0,0,0,0,0,0,0,0,0,0,0,0,0,0,0,0,0,0,0,0.0079166412,0,0.0065679269,0,0,0,0.0086283225,0,0,0,0,0,0,0,0,0
2041.1213615263,0,0,0,0,0,0,0,0,0,0,0,0,0,0,0,0,0,0,0,0,0,0,0,0,0,0,0,0,0,0,0.0071001884,0,0,0,0,0,0,0,0,0,0,0,0,0.0098795092,0.0080566822,0,0.0066638437,0,0,0,0,0.0065202789,0,0,0,0,0,0,0,0
2049.9885484832,0,0,0.0061008698,0,0,0,0,0,0,0,0,0,0,0,0,0,0,0,0,0,0,0,0,0,0,0,0,0,0,0,0,0,0,0,0,0,0.0069562465,0,0,0,0,0,0,0,0.0096300489,0,0.0073718782,0.0069358088,0,0,0.0088154349,0.0082717912,0,0,0,0,0,0,0,0
2058.8749893012,0.0082072051,0,0.0223731486,0.0193279654,0.0223961718,0.0228091166,0.0204508012,0.0191391485,0.0123970188,0.0414686682,0.0093670942,0.0191738356,0.0202626961,0.0079332147,0.0247066599,0,0.0079985789,0,0.0055193431,0.0196211569,0.0294304509,0.0097921539,0.0215306718,0.0155906606,0.0103733463,0.0171846099,0.0090295643,0.0112339839,0.0137044321,0.0136339312,0.0210969948,0.0105402339,0,0.0167987292,0,0,0.0234291673,0.0106426362,0.012754732,0,0.0228267936,0.0160053608,0.0243444024,0.0369749577,0.0322183337,0.018402601,0.0364748477,0.0236508605,0.0365525225,0.0164233925,0.037800334,0.0490452146,0.0133597551,0,0.0198688383,0.0132561989,0.0114369044,0.0205934586,0,0.0120804061
2065.234235232,0,0,0.0099065124,0,0.0088017726,0.0085894602,0.0071702116,0.006870182,0,0.009026663,0,0,0,0,0.0062428832,0,0,0,0,0,0,0,0,0,0,0,0,0,0,0,0,0,0,0,0,0,0.0085193548,0,0,0,0,0,0,0.0182289289,0.0142283167,0.0069699843,0.0101758897,0.0106140508,0.0076361917,0,0.0127667697,0.0103442517,0,0,0,0,0,0,0,0
2080.5365058962,0,0,0.0058109834,0,0,0,0,0,0,0,0,0,0,0,0,0,0,0,0,0,0,0,0,0,0,0,0,0,0,0,0.0068713572,0,0,0,0,0,0,0,0,0,0,0,0,0.0094438268,0.0081130259,0,0,0,0,0,0.0078157449,0,0,0,0,0,0,0,0,0
2089.4889616701,0,0,0.011266987,0.0089572329,0.0110632614,0.0118615719,0.0096945503,0.0075287133,0,0.0116294899,0.0054370816,0,0.0132768684,0.005748873,0.0096451133,0,0,0,0,0.014032138,0.0097951672,0.0061139845,0.0101223393,0.0074566951,0.0061030343,0.0071230864,0.0071146537,0,0.0097265178,0.0107296382,0.0162885244,0,0,0.0086054523,0,0,0.0185674188,0.0076717086,0.0084393599,0,0.0095091926,0.0111461469,0.0109951677,0.0089666454,0.0191710613,0.0083395722,0.0105602386,0.0133489882,0.0109090929,0,0.0166962296,0.0108032852,0.012118664,0,0.0093358766,0.007955419,0,0.0080087246,0,0.006960169
2097.1778204813,0,0,0.0051433093,0,0,0,0,0,0,0,0,0,0,0,0,0,0,0,0,0,0,0,0,0,0,0,0,0,0,0.005500006,0.0075807375,0,0,0.0062967378,0,0,0,0,0,0,0,0,0,0,0.0079953256,0,0,0,0,0,0.0094426259,0.006134268,0,0,0,0,0,0,0,0
2107.4516380338,0,0,0.0059486167,0,0,0,0,0,0,0,0,0,0,0,0,0,0,0,0,0,0,0,0,0,0,0,0,0,0,0,0,0,0,0,0,0,0.0069486501,0,0,0,0,0.0064771099,0,0.0086994217,0.0101083752,0,0,0.0067816535,0,0,0.0082256389,0,0.0063968185,0,0,0,0,0,0,0
2130.6596819984,0,0,0,0,0,0,0,0,0,0,0,0,0,0,0,0,0,0,0,0,0,0,0,0,0,0,0,0,0,0,0,0,0,0,0,0,0,0,0,0,0,0,0,0,0.0081674656,0,0,0,0,0,0,0,0,0,0,0,0,0,0,0
2181.3805768837,0,0,0,0,0,0,0,0,0,0,0,0,0,0,0,0,0,0,0,0,0,0,0,0,0,0,0,0,0,0,0,0,0,0,0,0,0,0,0,0,0,0,0,0,0.0065917952,0,0,0,0,0,0,0,0,0,0,0,0,0,0,0
2186.6165175651,0,0,0.0059634997,0.0068277266,0,0,0,0,0,0.0103840186,0,0,0,0,0.0065288528,0,0,0,0,0,0.0072155074,0,0,0,0,0,0,0,0,0,0,0,0,0,0,0,0.0065429716,0,0,0,0,0.0062357261,0.0083778416,0,0.0091159626,0,0.0085311472,0.006461403,0.0090326581,0,0.0098788407,0.0109811539,0,0,0.0073961602,0,0,0,0,0
2206.3072988025,0,0,0,0,0,0,0,0,0,0,0,0,0,0,0,0,0,0,0,0,0,0,0,0,0,0,0,0,0,0,0.0095153448,0,0,0,0,0,0.0075080163,0,0,0,0,0,0,0,0.0084803068,0,0,0,0,0,0,0,0,0,0,0,0,0,0,0
2211.5731083066,0.0091320573,0.0039834506,0.0075305542,0.0177022625,0.0088818133,0.0092611514,0.0107602294,0.0113663612,0.0078724435,0.0171247661,0.0072466194,0.0153483912,0.0098160305,0.0072352511,0.0123985349,0,0.0064566139,0,0.0055726432,0.0101010036,0.0162062093,0.0067154515,0.009159049,0.0121719538,0.0061447726,0.0103152529,0,0.0090786459,0.0078007706,0.007424537,0.0109901492,0.0072178765,0,0.0091081755,0,0,0.0078028839,0.0100494755,0.0079407754,0,0.0154858747,0.0143115656,0.0153110322,0.0216789326,0.0103250936,0.014295159,0.0225837974,0.0139805075,0.0169804055,0.0083812408,0.0137606701,0.0223919302,0.0107735642,0.0054200582,0.0133827663,0.0084430557,0.0111685949,0.0166949556,0,0.009559264
2220.8034061731,0,0,0.0051141605,0.0063758238,0.007460282,0.0072799373,0.0062448799,0,0,0.0069616098,0,0,0,0,0,0,0,0,0,0.0085849939,0,0,0,0,0.0055520239,0,0,0,0.0066351732,0.0064026203,0.0139782896,0,0,0.0057491755,0,0,0.0116539201,0.00683418,0,0,0,0.008001017,0.0069991911,0.0089102553,0.0155840713,0.0072550451,0.0103904385,0.0108842522,0,0,0.012305426,0.0093136208,0.0071422016,0,0.0060049566,0,0,0,0,0
2241.9735464701,0,0,0.0073474958,0,0.0075341071,0.0079666557,0.0065995154,0,0,0.0106737384,0,0,0,0,0.0071940996,0,0,0,0,0,0,0,0,0,0,0,0,0,0,0,0.0083118691,0,0,0,0,0,0.008908963,0,0,0,0,0,0.0066515431,0.0105741949,0.0120037219,0,0.0090285781,0.0081872936,0.0090731135,0,0.0118164862,0.0105343967,0,0,0,0,0,0,0,0
2251.2671218947,0,0,0,0,0,0,0,0,0,0,0,0,0,0,0,0,0,0,0,0,0,0,0,0,0,0,0,0,0,0,0,0,0,0,0,0,0,0,0,0,0,0,0,0.0110248388,0,0,0,0,0,0,0,0,0,0,0,0,0,0,0,0
2265.9102227177,0,0,0,0,0,0,0,0,0,0,0,0,0,0,0,0,0,0,0,0,0,0,0,0,0,0,0,0,0,0,0,0,0,0,0,0,0,0,0,0,0,0,0,0.0128373063,0,0,0,0,0,0,0,0,0,0,0,0,0,0,0,0
2328.8992798815,0,0,0,0,0,0,0,0,0,0,0,0,0,0,0,0,0,0,0,0,0,0,0,0,0,0,0,0,0,0,0,0,0,0,0,0,0,0,0,0,0,0,0,0,0.0078455948,0,0,0,0,0,0,0.0061331426,0,0,0,0,0,0,0,0
2406.3610733402,0.0081409951,0,0.0268528393,0.0151065008,0.0284905101,0.0274502702,0.0240495859,0.0195373506,0.0130448631,0.035950908,0.0115320248,0.0156257363,0.020982127,0.0081368921,0.0247505291,0,0.0072304033,0,0.0054372386,0.0226418841,0.0221310544,0.0107256282,0.0205194772,0.0142426342,0.0111504912,0.0149536918,0.011632551,0.0104402316,0.015985137,0.0177931772,0.0266622008,0.0112543293,0,0.0153015091,0.007930841,0,0.0327324772,0.0134479802,0.0144130193,0,0.0183315896,0.0182134932,0.0201883287,0.031676218,0.0430616442,0.0212515292,0.0321617369,0.0318914956,0.0319926962,0.0157883167,0.041783831,0.0358146435,0.0187451771,0.0060980995,0.0163218216,0.012680766,0.0092281379,0.015134157,0,0.0105968962
2427.8224054138,0,0,0,0.0080651781,0,0,0,0,0,0.0101410382,0,0.0076346736,0,0,0,0,0,0,0,0,0.0089872536,0,0,0,0,0.0059903099,0,0,0,0,0.0072796383,0,0,0,0,0,0,0,0,0,0,0,0,0,0.006264327,0.0060347406,0.0067952505,0,0,0,0,0.0119480776,0,0,0,0,0,0,0,0
2446.8381548641,0,0,0,0,0,0,0,0,0,0,0,0,0,0,0,0,0,0,0,0,0,0,0,0,0,0,0,0,0,0,0,0,0,0,0,0,0,0,0,0,0,0,0,0,0.0074902529,0,0,0,0,0,0.0078541329,0,0,0,0,0,0,0,0,0
2536.561111744,0,0,0.0051484935,0,0,0,0,0,0,0.0071568196,0,0,0,0,0,0,0,0,0,0,0,0,0,0,0,0,0,0,0,0,0,0,0,0,0,0,0.0069380859,0,0,0,0,0,0,0,0.0091942178,0,0,0.0068093438,0,0,0.0083498383,0.0067488497,0,0,0,0,0,0,0,0
2545.6224410987,0,0,0,0,0,0,0,0,0,0,0,0,0,0,0,0,0,0,0,0,0,0,0,0,0,0,0,0,0,0,0,0,0,0,0,0,0,0.0062795483,0,0,0,0,0.0073902157,0.0103770502,0,0,0,0,0,0,0,0.0106394532,0,0,0,0,0,0,0,0
2554.6999590905,0,0,0.0080808097,0,0.0094207601,0.0077350528,0.0067835834,0,0,0.011331537,0,0,0.0078653168,0,0.0069461801,0,0,0,0,0.0090672809,0,0,0,0,0,0,0,0,0,0,0.0081715932,0,0,0,0,0,0.0112086098,0,0,0,0,0.0081011537,0.0086865327,0.0108543742,0.0142916724,0.0072625811,0.0100040813,0.0111154387,0.0095498665,0,0.0125965946,0.0111463867,0.0084160246,0,0.006725135,0,0,0,0,0
2675.5091152361,0.0081751201,0.0034431858,0.0075129344,0.0133056352,0.0136176529,0.0075395372,0.0074866623,0.0079371657,0.0084156404,0.0109875419,0.0056702043,0.0136143022,0.0088645338,0.006091638,0.0086244903,0,0.0076332216,0,0.0067932162,0.0093370774,0.0247918574,0.0056144948,0.0083224812,0.0101180824,0.0071340111,0.0147483535,0,0.010620231,0,0.0064656915,0,0.0078372802,0,0.0078315466,0,0,0.0066229765,0,0,0,0.0096348668,0.0099320896,0.0111070971,0.0307206764,0,0.0128461474,0.024354278,0.0094771696,0.0168352866,0.0087701046,0.0092865114,0.0148926295,0.0067809748,0,0.0098387462,0.0071802367,0.0122089885,0.009942137,0,0.0098249899
2689.039089763,0,0,0,0,0,0,0,0,0,0,0,0,0,0,0,0,0,0,0,0,0,0,0,0,0,0,0,0,0,0,0,0,0,0,0,0,0,0,0,0,0,0,0.0071858747,0,0,0,0,0,0,0,0,0,0,0,0,0,0,0,0,0
3021.2578574343,0,0,0,0,0,0,0,0,0,0,0,0,0,0,0,0,0,0,0,0,0.0078718313,0,0,0,0,0,0,0,0,0,0,0,0,0,0,0,0,0,0,0,0,0,0,0,0,0,0,0,0,0,0,0,0,0,0,0,0,0,0,0
3026.3936683975,0,0,0,0.0075790719,0,0,0,0,0,0.0081596564,0,0.0072218339,0,0,0.0055478829,0,0,0,0,0,0.0076678937,0,0,0,0,0.0055232784,0,0,0,0,0,0,0,0,0,0,0,0,0,0,0.008240339,0.0064697996,0,0.0129863731,0,0,0.0093521103,0,0,0,0,0.008082861,0,0,0,0,0,0.0078903815,0,0
3126.3645339988,0,0,0,0,0,0,0,0,0,0,0,0,0,0,0,0,0,0,0,0,0,0,0,0,0,0,0,0,0,0,0,0,0,0,0,0,0,0,0,0,0,0,0.0097498486,0,0,0,0,0,0,0,0,0,0,0,0,0,0,0,0,0
3156.5971667249,0,0,0,0,0,0,0,0,0,0,0,0,0,0,0,0,0,0,0,0,0,0,0,0,0,0,0,0,0,0,0,0,0,0,0,0,0,0,0,0,0,0,0.0077232862,0,0,0,0,0,0,0,0,0,0,0,0,0,0,0,0,0
3170.7876346025,0,0,0,0,0,0,0,0,0,0.0076167334,0,0,0,0,0,0,0,0,0,0,0.0102584296,0,0,0,0,0,0,0,0,0,0,0,0,0,0,0,0,0,0,0,0,0,0,0.0092762094,0,0,0.0089037499,0,0,0,0,0.0068253606,0,0,0,0,0,0,0,0
3201.7621273214,0,0,0,0,0,0,0,0,0,0,0,0,0,0,0,0,0,0,0,0,0,0,0,0,0,0,0,0,0,0,0,0,0,0,0,0,0,0,0,0,0.0193004912,0,0,0,0,0,0,0,0,0,0,0,0,0,0,0,0,0,0,0
3247.907921832,0,0,0,0,0,0,0,0,0,0,0,0,0,0,0,0,0,0,0,0,0,0,0,0,0,0,0,0,0,0,0,0,0,0,0,0,0,0,0,0,0,0,0,0.008747293,0,0,0,0,0,0,0,0,0,0,0,0,0,0,0,0
3254.5652532869,0,0,0.005250869,0.010866199,0.0078103956,0,0,0.007504993,0.0070493669,0.0097817502,0,0.0116585857,0,0,0.0071562009,0,0,0,0,0,0.0154884409,0,0,0,0,0,0,0.0077293004,0,0,0,0.006276857,0,0,0,0,0,0,0,0,0.0120532384,0.0061634942,0.0073552476,0.0143206232,0,0.0066881748,0.0120504194,0,0.0103511434,0,0,0.0087174305,0,0,0.0072006371,0,0.009897208,0.0082524112,0,0.0077325651
3262.9632175311,0.0069780923,0,0,0,0,0,0,0,0,0,0,0,0,0,0,0,0,0,0,0,0,0,0.0088998982,0.009066436,0,0.0093136039,0,0,0,0,0,0,0,0.0061175947,0,0,0,0,0,0,0,0,0,0,0,0,0,0,0,0,0,0,0,0,0,0,0,0,0,0
3268.0303277121,0,0,0,0.0063801094,0,0,0,0,0,0,0,0.0076532607,0,0,0,0,0,0,0,0,0,0,0,0,0,0,0,0,0,0,0,0,0,0,0,0,0,0,0,0,0,0,0,0,0,0,0,0,0,0,0,0,0,0,0,0,0,0,0,0
3300.0162794393,0,0,0,0.0075688327,0,0,0,0,0,0,0,0.0075897361,0,0,0.0057494273,0,0,0,0,0,0.0080855081,0,0,0,0,0,0,0,0,0,0,0,0,0,0,0,0,0,0,0,0,0,0,0,0,0,0.0066888083,0,0.0072896454,0,0,0.0076136772,0,0,0.0063790491,0,0.0070593136,0.0081735867,0,0
3413.6614108271,0,0.0036659682,0.0062958785,0.011154072,0.009227846,0,0.0066282448,0.0072624455,0.0075160658,0.0088405785,0.0055245314,0.0119984604,0,0,0,0,0.0065995055,0,0.0057540046,0,0.0151829831,0.0055825609,0.0084675331,0.0082168514,0,0.0100273192,0,0,0,0,0,0.0073171045,0,0.0060838401,0,0,0,0,0,0,0.0108099086,0,0,0.0155190321,0,0.0058023423,0.0100072523,0,0.0109018714,0.0078103301,0,0.0076504814,0,0,0.0063798232,0,0.0088955557,0.0073699833,0,0.0072810486
3443.7442737307,0.010226929,0.0054270381,0.0075851263,0.0138228784,0.0107790708,0.0078449101,0.0095855596,0.010775762,0.0102266725,0.0126365266,0.0076924579,0.0155036282,0.0084144214,0.0068107482,0.0088628493,0,0.0083601743,0.0072161473,0.0080606765,0.010162056,0.0193151562,0.0082665706,0.0133009529,0.0129898321,0.0079254838,0.0132658732,0.007074801,0.0108501212,0.0082712094,0.0067681934,0.0087661597,0.0095708724,0,0.009380651,0,0.006562635,0.0081704001,0.0079683386,0.0093872317,0,0.0137832442,0.0083011763,0.0083547877,0.0189950401,0,0.0089810911,0.0136898236,0.0076334659,0.0138025363,0.0100415089,0.0078657582,0.0120676046,0.0069087261,0,0.0099091512,0.0075105767,0.0135156502,0.0125229648,0,0.0101801852
3496.0171594856,0,0,0,0,0,0,0,0,0,0,0,0,0,0,0,0,0,0,0,0,0,0,0,0,0,0,0,0,0,0,0,0,0,0,0,0,0,0,0,0,0,0,0,0,0,0,0,0,0,0,0,0.0084610028,0,0,0,0,0,0,0,0
3516.7598391564,0.0069706015,0.0040933315,0.005400283,0.0099959747,0,0,0.0072644984,0.0078365318,0.0059248694,0.0096178026,0.0053452346,0.0106606709,0,0,0,0,0,0,0,0,0.012737603,0,0.0093016025,0.0091719654,0.0063498941,0.0090206803,0,0,0.0064617772,0,0.0070311987,0.0071986304,0,0.006027794,0,0,0,0.0067716777,0.0080250318,0,0.0099221228,0,0,0.0115277977,0,0,0.0090494946,0,0.0072834457,0.0081338794,0,0.0081719418,0,0,0.0058762365,0,0.0076346908,0.0074518613,0,0
3642.6556352824,0.0454203615,0.0249407342,0.0505570816,0.0755687823,0.0327547642,0.0280326099,0.0574246593,0.0595621321,0.0451977092,0.0622516942,0.0320818739,0.0753482283,0.035043366,0.0300352254,0.0444173599,0.0116086694,0,0.0113558349,0,0.023690699,0,0.0355107213,0.0664975552,0.0586392888,0.0377091929,0.0684584786,0.0290604083,0.0500379779,0.0405971451,0.0236137623,0,0.050000173,0.0106519077,0,0.0236283725,0.0179950763,0,0,0.0290654467,0.0213978472,0.0447229219,0.0301097984,0.0318767306,0.0139859065,0.0217461465,0.0602045507,0.0400956933,0.0345778425,0.054858789,0.0451931634,0.0422353324,0.0750798128,0.0179359286,0.0244714441,0.0535164454,0.0331774866,0.0535762384,0.058756212,0.0087418916,0.0472929638
3650.9693543298,0,0,0,0,0,0,0,0,0,0.0315237913,0,0,0,0,0,0,0.0372790645,0,0.0265211717,0,0.0592702564,0,0,0,0,0,0,0,0,0,0.0371746266,0,0,0.0338589703,0,0.0109336465,0.0177254103,0.0269957168,0,0,0,0,0,0,0,0,0.0214680142,0,0,0,0,0,0.0096811434,0,0,0,0,0,0,0
3662.267197114,0.0111503728,0.0048260808,0.0087779589,0.0161744233,0,0.0066135932,0.0106800783,0.0098175973,0.0075150027,0,0.0061117975,0,0.0082911681,0.0071514246,0.0099407216,0,0,0,0.0084838806,0,0.0126685065,0,0.0145683111,0.0125364837,0.0100495876,0,0,0.0130133271,0.0097174292,0.0062204429,0.0107145335,0.0086193039,0,0.0088414937,0,0,0,0,0.0077294749,0,0.0110310585,0.0077520038,0,0,0,0.0121119765,0.0087861852,0,0,0.0097238424,0.0091131424,0,0,0.0056592981,0.0100645467,0.0072107426,0.009816957,0.0114104053,0,0.0104710448
3672.1671615374,0.0112075481,0.0056200495,0.0083697811,0.0172531288,0.007350814,0.0071070588,0.0107471389,0.0115196862,0.0085136215,0.0135757521,0.0072534127,0.0143540586,0.0094684252,0.0092756791,0.0094097112,0,0.0103846798,0,0.0089173022,0.0098380105,0.0197474316,0.0090955799,0.0164335535,0.0132120117,0.009494274,0.0142175372,0,0.0104495978,0.0105765779,0.0076996654,0.0114634965,0.0114019481,0,0.0095800584,0,0.0075269811,0.0082735289,0.0126324174,0.0113286175,0,0.0160382382,0.0093480021,0.0081381599,0.0142553949,0.0066570045,0.009596055,0.0135841989,0.0082782859,0.0108508778,0.0110715732,0.0094687997,0.014638223,0.0077970714,0.0060215262,0.0108821926,0.0075021521,0.0103143952,0.0131695909,0,0.0108161194
3679.3969373645,0,0,0,0,0,0,0,0,0,0,0,0,0,0,0,0,0.0143059846,0,0.0089149551,0,0,0,0,0,0,0,0,0,0,0,0,0,0,0,0,0,0,0,0,0,0,0,0,0,0,0,0,0,0,0,0,0,0,0,0,0,0,0,0,0
3684.9153701706,0,0,0,0.0091782219,0,0,0,0,0,0.0079375805,0,0.0075446398,0,0,0.0060939631,0,0,0,0,0,0.0125203411,0.005740988,0.008729953,0.0072048463,0,0.0075685515,0,0,0,0,0,0,0,0.0057274202,0,0,0,0,0.0073787234,0,0,0,0,0,0,0,0.007131583,0,0,0,0,0,0,0,0,0,0,0,0,0
3841.2278701649,0,0.003611178,0.0092825328,0,0.0095453179,0,0,0.0064757542,0.0081762414,0,0.0063387739,0.0108897335,0,0,0,0.0096169669,0.0075496514,0.0077438531,0.0092930658,0.0080119143,0,0,0,0.0091406505,0.0064444222,0.0104285716,0,0,0,0,0,0.0065065281,0.0081048458,0.010830253,0,0,0,0,0,0.0066627929,0.0104961994,0,0,0,0,0,0,0,0,0.0097023771,0,0.0069343602,0,0,0,0,0.0078606876,0,0,0.0074479208
3881.7056461088,0,0,0,0,0,0,0,0,0.0061207857,0,0,0,0,0.0059862972,0,0.0228463843,0,0,0,0,0,0,0,0,0,0,0,0,0,0,0,0,0,0.0053602207,0,0,0,0,0,0,0,0,0,0,0,0,0,0.0106864287,0,0,0,0.0072740217,0,0,0,0,0,0,0.0192833706,0
3896.2708588926,0,0,0.0070767049,0,0,0,0,0,0,0,0,0,0,0,0,0,0.0067448317,0,0,0,0,0,0,0,0,0,0,0,0,0,0,0,0,0,0,0,0,0,0,0,0,0,0,0,0,0,0,0,0,0,0,0,0,0,0,0,0,0,0,0
3905.1862860856,0,0,0,0,0,0,0,0,0,0,0,0,0,0,0,0,0,0,0.005483716,0,0,0,0,0,0,0,0,0,0,0,0,0,0,0,0,0,0,0,0,0,0,0,0,0,0,0,0,0,0,0,0,0,0,0,0,0,0,0,0,0
4295.2746968892,0,0,0,0,0,0,0,0,0,0,0,0,0,0,0,0,0,0,0,0,0,0,0,0,0,0,0,0,0,0,0,0,0,0,0,0,0,0,0,0,0,0,0,0,0,0,0,0,0.0132569901,0,0,0,0,0,0,0,0,0,0,0
4364.6362739294,0,0,0,0,0,0,0,0,0,0,0,0,0,0,0,0,0,0,0,0,0,0,0,0,0,0,0,0,0,0,0,0,0,0,0,0,0,0,0,0,0,0,0.0159698832,0,0,0,0,0,0,0,0,0,0,0,0,0,0,0,0,0
4387.8170097106,0,0.0035079462,0,0,0,0,0,0,0,0,0,0,0,0,0,0,0,0,0,0,0,0,0,0,0,0,0,0,0,0,0,0,0,0,0,0,0,0,0,0,0,0,0,0,0,0,0,0,0,0,0,0,0,0,0,0,0,0,0,0
4397.1065432721,0,0.0044036687,0,0,0,0,0,0,0,0,0,0,0,0,0,0,0,0,0,0,0,0,0,0,0,0,0,0,0,0,0,0,0,0,0,0,0,0,0,0,0,0.0059591427,0,0,0,0,0,0.0062759748,0,0,0,0,0.0077647535,0.0053887685,0,0,0,0,0,0
4412.413773898,0.0117964162,0.0098582388,0,0,0.0094537367,0.0130428657,0.0105650587,0.0091653335,0.0097551439,0,0.0118876942,0.007354797,0.0130628669,0.0108554137,0.01082397,0.0084627959,0.0107551007,0,0,0,0,0.0119704949,0.009890931,0,0.009858139,0,0,0,0,0,0,0,0.0073268203,0,0,0,0,0,0.0108220551,0.0077619677,0.0098340304,0,0.0106154427,0,0,0.0108136371,0.009061919,0,0,0.0087580424,0,0,0.0170553451,0.0123841771,0,0.0111716122,0,0,0.011770628,0.0095812114
4417.5358693467,0,0,0.0091710902,0.0106331827,0,0,0,0,0,0.0073911438,0,0,0,0,0,0.0085372281,0,0.011946534,0.009154463,0.0148307237,0,0,0,0.0115830408,0,0.009037272,0.0111732192,0.0095681166,0.0120383363,0.0114755631,0.013339193,0.0077723335,0,0.0108495635,0.0118773044,0.0094266494,0.0126060955,0.0132492803,0,0,0,0.0135005646,0,0.0092439433,0.0115231578,0,0,0.0144364784,0.0102484056,0,0.0109362154,0.0081437541,0,0,0.0085919997,0,0.0084913142,0.0104100514,0.0117344468,0
4427.9444397481,0.098268534,0.0738808435,0.0799720061,0.0837446261,0.0785542779,0.1030760492,0.0921702229,0.0879644079,0.0810009042,0.0707229833,0.0959579386,0.0726571456,0.0986630042,0.0825765709,0.0904733603,0.0715017292,0.0749386288,0.0871396419,0.0722488693,0.1060892158,0.062172272,0.0881739586,0.0749833471,0.0901466333,0.0729298738,0.0696617532,0.0808092269,0.0776002915,0.0941872119,0.097089929,0.0999250754,0.0686254268,0.0747329303,0.0922686074,0.0910700479,0.0748897464,0.0929332803,0.098230475,0.0795547755,0.0581419697,0.0757971696,0.1166164273,0.0918420426,0.0892678275,0.103365195,0.0942315243,0.0924105322,0.1238318892,0.0977469037,0.0695389542,0.1040666515,0.082760847,0.1271472652,0.0880349006,0.0900522198,0.0885220573,0.0787718375,0.0897931505,0.0814918221,0.0794729121
4442.144830696,0.0089102003,0.0067763611,0,0.0094906059,0.0094554695,0.0130618301,0.0095915179,0.0089302732,0.0081495607,0.0075732396,0.0087207701,0.0079311297,0.0121232438,0.0080381549,0.0126120219,0,0.0084559412,0.0094240816,0.0063766583,0.0116481708,0,0,0,0,0,0,0,0,0,0,0,0,0,0,0,0,0,0,0,0,0,0.0118726993,0.0099209889,0.0082060775,0.0097178759,0.0093638103,0.0103502294,0.0120123451,0.0110271385,0,0,0.0082023035,0.0130027576,0.0082597066,0.0085407923,0.0092558599,0.0079275683,0.0090033468,0.0093162974,0.0074780443
4448.6426135452,0,0,0,0,0,0,0,0,0,0,0,0,0,0,0,0,0,0,0,0,0,0.0061994232,0,0.0063154252,0.007615044,0,0,0.0079409819,0.0089206575,0.0082505616,0.0127489327,0,0,0,0.0068697294,0,0.0080144837,0.0077751961,0.0073376816,0,0,0,0,0,0,0.0076106248,0,0,0,0,0.0111713587,0,0,0,0,0,0,0,0.0100064934,0
4465.3296546766,0.0134161981,0.006351498,0,0.010615608,0.0079962102,0.0115508532,0.0097812332,0.0078665801,0.0068958126,0,0.0089207733,0,0.011662107,0.0097383912,0.0096409551,0.008490707,0.0071421727,0.0093609589,0.007139622,0.0149038837,0,0.0086643912,0,0,0.010156742,0,0.0086326771,0,0,0,0,0,0,0,0,0,0,0,0.0100239881,0.0059367479,0.0103549974,0,0.0099259602,0,0,0,0.0091603642,0,0,0.0088439778,0,0,0.0138891975,0.0095068774,0,0.0091029096,0,0,0.012543412,0
4470.4824449409,0,0,0.0073940346,0,0,0,0,0,0,0,0,0,0,0,0,0,0,0,0,0,0,0,0.0092686858,0.0099593934,0,0.0065845629,0,0.0129557766,0.0118284838,0.0113231945,0.0143168126,0.0063469667,0.0073893012,0.0116202444,0.0090570152,0.0080443174,0.0100658708,0.0108502329,0,0,0,0.013109387,0,0,0.0103213899,0.0089101428,0,0.012517649,0.007288525,0,0.0110663152,0.0075186616,0,0,0.0086908987,0,0.0076887803,0.0088104659,0,0.0090252789
4490.3406759977,0.0073443053,0.0048149763,0.0057150348,0,0,0.0068803157,0.0070167986,0.0074452908,0.0059574289,0,0.0062655968,0.0079395121,0,0.0063967909,0.0060574743,0.0084996185,0,0,0,0.009069581,0,0.0069830742,0.0080461347,0,0.0062466172,0,0,0,0,0,0,0,0,0,0,0.0055205696,0,0,0.0076025682,0,0,0.0065324105,0,0,0,0,0,0,0,0,0,0,0.0082731587,0,0,0,0,0,0,0
4495.5079113872,0,0,0,0.0067177094,0,0,0,0,0,0.0081792479,0,0,0,0,0,0,0,0,0,0,0.0076012391,0,0,0.0070120627,0,0.0072259174,0,0,0.0072547727,0.005594883,0.0078867846,0.006931787,0,0.0062817414,0,0,0,0.0070367292,0,0,0,0,0,0,0,0,0,0,0,0,0,0.0061956115,0,0,0,0,0,0,0,0
4511.1843939465,0,0,0,0,0,0,0,0,0,0,0,0,0,0,0,0,0,0,0,0,0,0,0,0,0,0,0,0,0,0,0,0,0,0.0058044428,0,0,0,0,0,0,0,0,0,0,0,0,0,0,0,0,0,0,0,0,0,0,0,0,0,0
4529.7666233338,0.0093414893,0.0041562109,0.0084883305,0.0128175062,0.0128943662,0.0090226427,0.0096860946,0.0121619568,0.0106706897,0.0138683979,0.0085665386,0.0159625299,0.0093032849,0.0070386324,0.0093729093,0,0.0094569892,0.0078611878,0.0079595032,0.0109006373,0.0162765254,0.0087166025,0.0141727625,0.0131883214,0.0081367703,0.0140039509,0.0072710604,0.0091765998,0.0077295569,0.0057320314,0.0085188437,0.0094718145,0,0.0109555916,0,0,0.0075513281,0.0060795164,0.007892886,0,0.0143494747,0.0068564587,0.0118680442,0.0137329922,0,0.0091112517,0.010000958,0.0067192147,0.0136755385,0.0097425795,0.0080604594,0.0114874172,0.0076085843,0,0.0098552422,0.0078604752,0.0129737184,0.0116611805,0,0.010345259
4621.6858437957,0,0,0,0,0,0,0,0,0,0,0,0,0,0,0,0,0,0,0,0,0.0073794592,0,0,0,0,0.0057478624,0,0,0,0,0,0,0,0,0,0,0,0,0,0,0,0,0,0,0,0,0,0,0,0,0,0,0,0,0,0,0,0,0,0
4768.6963716542,0,0,0,0,0,0,0,0,0,0,0,0,0,0,0,0,0,0,0,0,0,0,0,0,0,0,0,0,0,0,0,0,0,0,0,0,0,0,0,0,0,0,0.0073272798,0,0,0,0,0,0,0,0,0,0,0,0,0,0,0,0,0
4776.5410635805,0.007456271,0,0,0.0090833629,0,0,0.0064168174,0.0097892735,0,0.0197858958,0,0.0114383642,0,0.0065711079,0.0069607073,0,0,0,0.0059894477,0,0.021032514,0.0069412696,0.0113429218,0.0104191523,0.0061533595,0.0136725235,0,0,0.0063094287,0,0,0.0077235168,0,0.0067734727,0,0.0056318506,0.0081714371,0.0105099969,0,0,0.0089238192,0.0073367497,0.0164284635,0.0158046874,0,0.0061283536,0.0109005849,0.0062062332,0.0103039466,0,0.0080755451,0.0184990236,0,0,0.0066578987,0.0066401307,0.0102981729,0.0149094301,0,0.0087479397
4794.8038414881,0,0,0,0,0,0,0,0,0,0,0,0,0,0,0,0,0,0,0,0,0,0,0,0,0,0,0,0,0,0,0.0074415813,0,0,0,0,0,0,0,0,0,0,0,0,0,0,0,0,0,0,0,0,0,0,0,0,0,0,0,0,0
4830.2029833264,0,0,0,0,0,0,0,0,0,0,0,0,0,0,0,0,0,0,0.007656382,0,0,0,0,0,0,0,0,0,0,0,0,0,0,0,0,0,0,0,0,0,0,0,0,0,0,0,0,0,0,0,0,0,0,0,0,0,0,0,0,0
4844.8282370686,0,0,0,0,0,0,0,0,0,0,0,0,0,0,0,0,0,0,0.0448035074,0,0,0,0,0,0,0,0,0,0,0,0,0,0,0,0,0,0,0,0,0,0,0,0,0,0,0,0,0,0,0,0,0,0,0,0,0,0,0,0,0
4870.8834401057,0,0,0,0,0,0,0,0,0,0,0,0,0,0,0,0,0,0,0,0,0,0,0,0,0,0,0,0,0,0,0,0,0,0,0,0,0,0,0,0,0,0,0.0089786434,0,0,0,0,0,0,0,0,0,0,0,0,0,0,0,0,0
4883.9373229904,0,0,0,0,0,0,0,0,0,0,0,0,0,0,0,0,0,0,0.0066231169,0,0,0,0,0,0,0,0,0,0,0,0,0,0,0,0,0,0,0,0,0,0,0,0,0,0,0,0,0,0,0,0,0,0,0,0,0,0,0,0,0
4937.7304237436,0,0,0,0,0,0,0,0,0,0,0,0,0,0,0,0,0,0,0,0,0,0,0,0,0,0,0,0,0,0,0,0,0,0,0,0.0075041718,0,0.0158225841,0,0,0,0,0,0.0125602903,0.0119534571,0,0,0.0100550513,0,0,0,0.0091859655,0,0,0,0,0,0,0,0
5038.3847105206,0,0,0,0,0,0,0,0.0078122875,0,0,0,0,0,0,0,0,0,0,0,0,0,0,0,0,0,0,0,0,0,0,0,0,0,0,0,0,0,0,0,0,0,0,0,0,0,0,0,0,0,0,0,0,0,0,0,0,0,0,0,0
5080.4302965317,0,0,0,0,0,0,0,0,0,0,0,0,0,0,0,0,0,0,0,0,0,0,0,0,0,0,0,0,0,0,0,0,0,0,0,0,0,0.0073978574,0,0,0,0,0,0,0,0,0,0,0,0,0,0,0,0,0,0,0,0,0,0
5093.2615556386,0,0,0,0,0,0,0,0,0,0.0324469022,0.0274898894,0,0,0,0.022290207,0,0,0,0,0,0.0107439516,0,0,0,0,0,0,0,0.0155114133,0,0,0.0113871431,0,0,0.0099142722,0.0451473719,0.0180153761,0.0748033772,0.0308367365,0.0116301806,0.0168071349,0.0237338836,0.0311650906,0.0418341195,0.050497296,0.0273781403,0.0213746038,0.0438000409,0,0.0098605401,0.0343837581,0.0439100588,0.0285124523,0.0404398249,0.0206905112,0.0247830333,0.0243895097,0.026606707,0.0141977245,0
5117.1340942941,0,0,0,0,0,0,0,0,0,0,0,0,0,0,0,0,0,0,0,0,0,0,0,0,0,0,0,0,0,0,0,0,0,0,0,0,0,0.0083405592,0,0,0,0,0,0,0,0,0,0,0,0,0,0,0,0,0,0,0,0,0,0
5133.3592172232,0,0,0,0,0,0,0,0,0,0,0,0,0,0,0,0,0,0,0,0,0,0,0,0,0,0,0,0,0,0,0,0,0,0,0,0.0079192145,0,0.012252435,0,0,0,0,0,0,0.0076066677,0,0,0.0069878458,0,0,0,0,0,0.0071640618,0,0,0,0,0,0
5246.1330253826,0,0,0,0,0,0,0,0.006986276,0.0060634645,0,0.0053770321,0.0089274025,0,0,0,0,0,0,0,0,0,0.005707783,0,0,0,0,0,0,0,0,0,0,0,0,0,0,0,0,0,0,0.007999361,0,0,0,0,0,0,0,0,0.0091277254,0,0,0,0,0,0,0,0,0,0
5251.7193103507,0,0,0.004896615,0,0,0,0,0,0,0.0085221911,0,0,0,0,0,0,0,0,0,0,0,0,0.0084688076,0.0065227664,0,0.0081724423,0,0,0,0,0,0.0079826049,0,0.0059596174,0,0,0,0,0,0,0,0,0,0,0,0,0,0,0,0,0,0,0,0,0,0,0,0,0,0.0067934396
5307.2354554223,0,0,0,0,0,0,0,0,0,0,0,0,0,0,0,0,0,0,0,0,0,0,0,0,0,0,0,0,0,0,0,0,0,0,0,0,0,0,0,0,0,0,0,0,0,0,0,0,0.0185728062,0,0,0,0,0,0,0,0,0,0,0
5312.2763466748,0,0.0039910693,0.0049679372,0,0.0074564012,0,0,0,0.0058484276,0,0.0053879014,0,0,0,0,0,0.0069958866,0,0.0060931519,0,0,0.0057090952,0,0,0.005899852,0.0074689667,0.0070649408,0,0,0,0,0,0,0.0055691546,0,0,0,0,0,0,0,0,0,0,0,0,0,0,0,0,0,0,0,0,0,0,0,0,0,0
5324.5461097208,0,0.0038276931,0,0,0,0,0,0,0,0,0,0,0,0,0,0,0,0.0073608614,0.005345772,0,0,0,0,0,0,0,0,0,0,0,0,0,0,0,0,0,0,0,0,0,0,0,0,0,0,0,0,0,0,0,0,0,0,0,0,0,0,0,0,0
5338.3665639716,0,0.0061769589,0,0,0,0.007468015,0,0,0.0082322692,0,0.0074975059,0,0,0,0.0055963418,0,0.0103093701,0.0116920961,0,0,0,0.0080508078,0,0,0.0090793852,0,0.0102493417,0,0,0,0,0.0073910294,0,0,0,0,0,0,0,0.0079043313,0,0,0.0069083882,0,0,0.0081124122,0.008411027,0,0,0.0081211338,0,0,0,0,0,0.0079992658,0,0,0,0.0083307165
5343.3839923749,0.0079021436,0,0.0070877163,0.0065874987,0.0111690335,0,0,0,0,0,0,0,0.0089421396,0.007020875,0,0,0,0,0.0087613331,0.0104240133,0.0083731181,0,0,0.0081207862,0,0.0107207558,0,0.0092588096,0.0068315836,0.0069592246,0,0,0.0081836602,0.0081880069,0.0068080492,0.0064011189,0.007328804,0,0,0,0,0.0074101839,0,0.0111420967,0,0,0,0.0067848423,0.0092557155,0,0,0,0.0079414173,0.0069468767,0,0,0.0075400175,0,0.0082645577,0
5353.7436993868,0.0442267148,0.032046872,0,0,0.0636586586,0.0405494432,0.0328820966,0.0329905503,0.0459705792,0,0.0390972232,0.0394248181,0.0443866517,0,0.0329379212,0.0414077677,0.0472614398,0.0522019253,0.0449691519,0,0,0.0377055993,0,0,0.0428160271,0,0.0459876893,0,0,0,0,0,0,0,0,0,0,0,0.0287368041,0.0368690262,0.0274539671,0,0.037079545,0,0,0,0.0585821759,0,0,0.0412164896,0,0,0.0384863952,0,0,0.0421218631,0,0,0.0377860894,0
5358.7672764581,0,0,0.0422226579,0.0369323408,0,0,0,0,0,0.0253826651,0,0,0,0.0351294301,0,0,0,0,0,0.0480426873,0.0571662375,0,0.0347355849,0.0407175925,0,0.0541649903,0,0.0495684805,0.0338010838,0.0406927737,0.0272007762,0.0427867861,0.0435834847,0.0429772325,0.0334022476,0.0331978356,0.034503026,0.0253285185,0,0,0,0.041589862,0,0.0755514697,0.0165743894,0.0472125493,0,0.0391447175,0.0530856503,0,0.0324741076,0.0291771092,0,0.0320371755,0.0381620546,0,0.047651354,0.0301157609,0,0.0451891218
5367.6020891233,0,0.0034624036,0,0,0,0,0,0,0.0056658896,0,0,0,0,0,0.0056407453,0,0.0070287155,0.007521692,0,0,0,0,0,0,0,0,0,0,0,0,0,0,0,0,0,0,0,0,0,0,0,0,0.0072163246,0,0,0,0,0,0,0,0,0,0,0,0,0,0,0,0,0
5373.8301528393,0,0,0,0,0.0091705819,0,0,0,0,0,0,0,0,0,0,0,0,0,0,0,0.0070725595,0,0,0,0,0,0,0,0,0,0,0,0,0,0,0,0,0,0,0,0,0,0,0.0089183024,0,0.0058128532,0.0084991256,0,0.0083440251,0,0,0,0,0,0,0,0,0,0,0
5381.4784486412,0,0,0,0,0,0,0,0,0,0,0,0,0,0,0,0,0.0080985298,0.0075501248,0.0063833598,0,0,0,0,0,0.0056752276,0.0066064786,0,0,0,0,0,0,0.0082139282,0,0,0,0,0,0,0.0085735484,0.0181672408,0,0.0227895521,0,0,0,0,0,0,0,0,0,0,0,0,0,0,0,0,0
5392.2835964037,0.0069194002,0,0,0,0,0,0,0,0,0,0,0,0,0,0,0,0,0.0071543305,0.0055039716,0.0077966097,0,0,0,0,0.0068495144,0,0,0,0,0,0,0,0,0,0,0,0,0,0,0,0,0,0,0,0,0,0,0,0,0,0,0,0,0,0,0,0,0,0,0
5397.3225108161,0,0,0,0,0,0,0,0,0,0,0,0,0,0,0,0,0,0,0,0,0,0,0,0,0,0.0059522303,0,0.0088164572,0,0.005568754,0,0,0,0.0063666909,0,0,0,0,0,0,0,0,0,0,0,0,0,0,0,0,0,0,0,0,0,0,0,0,0,0
5465.1708882715,0,0,0,0,0,0,0,0,0,0,0,0.0093115034,0,0,0,0,0,0,0,0,0,0,0,0,0,0,0,0,0.0130986441,0,0,0.0099106364,0,0,0.0095274034,0,0,0,0,0,0,0,0,0,0.0164034711,0,0,0,0.0134548336,0,0,0,0,0,0,0,0,0,0,0
5474.8488121856,0,0,0,0,0,0,0,0,0,0,0,0,0,0,0,0,0,0,0,0,0,0,0,0,0,0.0058158695,0,0,0,0,0,0,0,0,0,0,0,0,0,0,0,0,0,0,0,0,0,0,0,0,0,0,0,0,0,0,0,0,0,0
5505.6136845299,0,0,0.0081298999,0,0,0,0.0064000715,0,0,0,0,0,0,0,0,0,0,0,0,0,0,0,0,0,0,0,0,0,0,0,0,0,0,0.0053305612,0,0,0.0065109827,0,0,0,0,0.0064564457,0,0.0084090392,0.0081203433,0,0,0.0072816835,0,0,0,0.0060591133,0,0,0,0,0,0,0,0
5933.4563410225,0,0.0045687894,0,0,0,0.00738246,0,0,0,0,0,0,0,0,0,0,0,0,0,0,0,0,0,0,0,0,0,0,0,0,0,0,0,0,0,0.0056355614,0.0077189836,0,0,0,0,0,0,0,0,0,0,0,0,0,0,0,0,0,0,0,0,0,0,0
5946.4034588134,0,0,0,0,0,0,0,0,0,0,0,0,0,0,0,0,0.0064137293,0,0.0067253442,0,0,0,0,0,0,0,0,0,0,0,0,0,0,0,0,0,0,0,0,0,0,0,0,0,0,0,0,0,0,0,0,0,0,0,0,0,0,0,0,0
5972.3844510849,0.010521001,0.0053941638,0.0074951935,0,0,0.0083994784,0.008232575,0.0079214895,0.0078161057,0,0.007687654,0,0.0078544698,0.0115621484,0.009838565,0.0127290832,0.007646797,0,0.0060718396,0.0091854217,0,0.0079865172,0.0112537219,0,0.0105963307,0,0.009811388,0,0,0,0,0,0,0,0,0.0180470535,0,0,0.0092408115,0.0072484672,0,0.0104478761,0.0064297506,0,0,0.007027379,0.0113112961,0,0,0.0122881593,0,0,0,0.0066905936,0,0.008211014,0,0,0,0
5977.6420909779,0,0,0,0,0,0,0,0,0,0.0112465736,0,0,0,0,0,0,0,0,0,0,0,0,0,0.0079444165,0,0.0103408147,0,0.0151589851,0.0099403328,0.0110620345,0.0094263038,0,0,0.0121961623,0,0,0.009599952,0.0095385765,0,0,0,0,0,0,0.0074494197,0,0,0.0143271466,0.0113161421,0,0.0109354392,0.0107451685,0,0,0.0065358207,0,0.0069750058,0.0102028162,0,0.0066590794
5997.172105808,0,0,0,0,0,0,0,0,0,0,0,0,0,0,0,0,0,0,0,0,0,0,0,0,0,0,0,0,0,0,0,0,0,0,0,0.0056638239,0,0,0,0,0,0,0,0,0,0,0,0,0,0,0,0,0,0,0,0,0,0,0,0
6009.8316786634,0,0.0082451697,0,0,0,0.0087405059,0,0.0073045117,0.0082634241,0,0.0090283926,0.0068662983,0.0092158787,0,0.0082817636,0.0099269108,0.0097170849,0.0094720331,0,0,0,0.0088829995,0,0,0,0,0,0,0,0,0,0,0,0,0,0,0,0,0.0093263893,0.0063888316,0,0,0,0,0,0,0.0083443281,0,0,0.0086383739,0,0,0.0104828843,0,0,0.0087098807,0,0,0.0085046395,0
6015.1026873263,0.010222987,0,0.0085715631,0.0071342746,0,0,0.0088347039,0,0,0,0,0,0,0.0091078447,0,0,0,0,0.0103110287,0.0119666896,0,0,0.0093101778,0.0096022637,0.0096261142,0.008215123,0.009576349,0.0104599976,0.0097617659,0.0110445173,0.0107573663,0.0065961127,0,0.0103486026,0.0069645912,0.0107044401,0.0113258967,0.0098080903,0,0,0,0.0093523736,0,0.0088330475,0.0068547843,0.0066552231,0,0.0098391087,0.0092326204,0,0.0077446421,0.0076933784,0,0.0083087755,0.0059841518,0,0.0078569215,0.0077005568,0,0.0088787845
6021.2519677526,0,0.0058777962,0,0,0,0,0,0,0,0,0.0068895373,0,0,0,0.0067720639,0,0,0,0,0,0,0,0,0,0,0,0,0,0,0,0,0,0,0,0.0061642978,0,0,0,0.0077203512,0.0056386742,0,0,0,0,0,0,0,0,0,0,0,0,0,0.0065229419,0,0.0069988975,0,0,0.0074452651,0
6029.7931326567,0,0,0,0,0,0.0066768853,0,0,0,0,0,0,0,0,0,0,0,0,0,0,0,0,0,0,0,0,0,0,0,0,0,0,0,0.006975821,0,0,0,0,0,0,0,0,0,0,0,0,0,0,0,0,0,0,0,0,0,0,0,0,0,0
6037.585534188,0,0.0099008524,0,0,0.0120570202,0.0128377116,0,0,0.0125214305,0,0.0135829854,0.012007103,0,0,0.0127927916,0.0128156021,0.0121970976,0.0111216025,0,0,0,0.0125065386,0,0,0,0,0,0,0,0,0,0,0,0,0,0,0,0,0.0138321672,0.0088400027,0.0084697569,0,0.0081953618,0,0,0,0,0,0,0.0098651663,0,0,0.0131064393,0,0,0.0129247359,0,0,0,0
6042.8663945606,0.0118015094,0,0.0112539156,0.010526807,0,0,0.0109443166,0.0112793765,0,0.0090634866,0,0,0.0131721287,0.0116361471,0,0,0,0,0.0097070011,0.0147064739,0.0116254179,0,0.0111336845,0.0127604358,0.0105117918,0.0102111924,0.0121418156,0.0110716646,0.0116174694,0.012012583,0.0134588127,0.0101328687,0.0094244199,0.012574794,0.0119841621,0.0097682983,0.0124278333,0.0115142897,0,0,0,0.0116114841,0,0.0089041076,0.0086365366,0.0093263004,0.0112488298,0.0127491061,0.015055263,0,0.0103961223,0.0070555217,0,0.0110236482,0.0087658257,0,0.0112990061,0.0103367238,0.0115067664,0.0096914914
6052.304722926,0.0187892429,0.0162255466,0,0,0.0169173802,0.0177479544,0.018071603,0.0194756084,0.0159203682,0,0.017766246,0.0153199691,0.0188050677,0,0.0182025958,0.016571705,0.0135642485,0.0178972885,0.0154220676,0,0,0.0171924385,0,0,0.0173732227,0,0.0156889895,0,0,0,0,0,0,0,0,0,0,0,0.0176407097,0.0192009695,0.0174111179,0,0.0159251002,0.0246716963,0,0,0.0181223504,0,0,0.0150652823,0,0,0.0202212481,0,0,0.0182447356,0,0,0.0154274699,0
6057.5907886995,0,0,0.0137737861,0.0156338397,0,0,0,0,0,0.0153459464,0,0,0,0.0165994202,0,0,0,0,0,0.0231753123,0.0133380137,0,0.0164743739,0.0179955939,0,0.0153792982,0,0.0185114406,0.0193033028,0.0205585224,0.021580803,0.016379342,0.0105541819,0.0188169065,0.017112271,0.0178266634,0.0190885046,0.0203761891,0,0,0,0.0230107181,0,0,0.0156635961,0.0165058078,0,0.0210747926,0.0176265007,0,0.0202007,0.014161774,0,0.0172391983,0.0160993088,0,0.0172083991,0.0188753463,0,0.0183331299
6068.6804650737,0,0.0040148561,0,0,0,0,0,0,0,0,0,0,0,0,0,0,0,0,0,0,0,0,0,0,0,0,0,0,0,0,0,0,0,0,0,0,0,0,0,0,0,0,0,0,0,0,0,0,0.0076002935,0,0,0,0,0,0,0,0,0,0,0
6090.0021161892,0,0,0,0,0,0,0,0,0,0,0,0,0,0,0,0,0,0,0,0,0,0,0,0,0,0,0,0,0,0,0,0,0,0,0,0,0,0,0,0,0,0,0,0,0,0,0,0,0,0,0,0,0,0,0,0,0,0,0,0.0093637035
6140.9974489495,0,0.0035306617,0,0,0,0,0,0,0,0,0,0,0,0,0,0,0,0,0,0,0,0,0,0,0,0,0,0,0,0,0,0,0,0,0,0,0,0,0,0,0,0,0,0,0,0,0,0,0,0,0,0,0,0,0,0,0,0,0,0
6255.2690856429,0,0,0,0,0,0,0,0,0,0,0,0,0,0,0,0,0,0,0,0,0,0,0,0,0,0,0,0,0,0,0,0,0,0,0,0,0,0,0,0,0,0,0.0322075432,0,0,0,0,0,0,0,0,0,0,0,0,0,0,0,0,0
6298.6021474294,0,0,0,0,0,0,0,0,0,0,0,0,0,0,0,0,0,0,0,0,0,0,0,0,0,0,0,0,0,0,0,0,0,0,0,0,0,0,0,0,0,0,0.0075031752,0,0,0,0,0,0,0,0,0,0,0,0,0,0,0,0,0
6316.9805473803,0,0,0,0,0,0,0,0,0,0,0,0,0,0,0,0,0,0,0,0,0,0,0,0,0,0,0,0,0,0,0,0,0,0,0,0,0,0,0,0,0,0,0.0207435827,0,0,0,0,0,0,0,0,0,0,0,0,0,0,0,0,0
6327.0164525203,0,0,0,0,0,0,0,0,0,0,0,0,0,0,0,0,0.0143517373,0,0.0120229545,0,0,0,0,0,0,0,0,0,0,0,0,0,0,0,0,0,0,0,0,0,0,0,0,0,0,0,0,0,0,0,0,0,0,0,0,0,0,0,0,0
6340.3972024494,0,0.0131906201,0,0,0.0119541076,0.0191850959,0,0.0175040108,0.0124695392,0,0.0158163129,0.0161148128,0.0223026432,0,0.0188739087,0.0116846352,0,0.0073657227,0,0,0,0.0213547221,0,0,0,0,0,0,0,0,0,0,0,0,0,0,0,0,0.0261308621,0.0148110024,0.01742993,0,0.0161159523,0,0,0,0.0253101827,0,0,0.0169279895,0,0,0.0205191084,0,0,0.0221217655,0,0,0,0
6345.4230226313,0.015697666,0,0.0107527291,0.016189481,0,0,0.0153553478,0,0,0.0227305224,0,0,0,0.0198448754,0,0,0,0,0,0.0208598737,0.0290874871,0,0.0234550642,0.0182042935,0.0188878395,0.0206885479,0.0198124116,0.0159945441,0.0208205703,0.0318441861,0.0280882246,0.0205639751,0.010377344,0.0270873033,0.0152761183,0.018854391,0.0322873949,0.027553626,0,0,0,0.0222058478,0,0.02610624,0.0196168234,0.014397588,0,0.0239422485,0.0242367636,0,0.0217067301,0.0178562546,0,0.0169860431,0.0165918958,0,0.0161347405,0.0243759549,0,0.0147560824
6357.5304119788,0,0,0,0,0,0,0,0,0,0,0,0,0,0,0,0,0,0,0,0,0,0,0,0,0,0,0,0,0,0,0,0,0,0,0,0,0,0,0,0.0059040568,0,0,0,0,0,0,0,0,0,0,0,0,0,0,0,0,0,0,0,0
6362.5630383506,0,0,0,0.0064245234,0,0,0,0.0060043111,0,0,0,0.0077582273,0,0,0,0,0,0,0,0,0,0.0057472903,0.0098466205,0.0077097881,0.0068599074,0.0087067547,0,0,0.0060461922,0,0.0074898651,0.0080751023,0,0.0059291184,0,0,0,0,0,0,0.0088186875,0,0,0,0,0,0,0,0.0078822233,0,0,0,0,0,0,0,0,0.0073047789,0,0.00700061
6384.3941681133,0,0,0,0,0,0,0,0,0,0,0,0,0,0,0,0,0,0,0,0,0,0,0,0,0,0,0,0,0,0.0058559049,0.0069370408,0,0,0.00557187,0,0,0,0,0,0,0,0,0,0,0,0,0,0,0,0,0,0,0,0,0,0,0,0,0,0
6389.4374478284,0,0,0,0,0,0,0,0,0,0,0,0,0,0,0,0,0,0,0,0,0,0,0,0,0,0,0,0,0,0,0,0,0,0,0,0,0,0,0,0.0070980216,0.0137251222,0,0,0,0,0,0,0,0,0,0,0,0,0,0,0,0,0,0,0.0074457003
6402.5219200852,0,0.0065401755,0,0,0,0,0,0,0.0056489269,0,0,0,0,0,0,0,0.010098817,0,0,0,0,0.006306131,0,0,0,0,0,0,0,0,0,0,0,0,0,0,0,0,0,0.031147969,0,0,0,0,0,0,0,0,0.0086719277,0,0,0,0,0,0,0,0,0,0,0
6407.572376132,0.0109138317,0,0,0.0089577087,0.0081552604,0,0,0,0,0.0070582924,0,0,0.0114380006,0.0104186898,0,0,0,0,0.0073154726,0,0,0,0.0078441652,0,0.0094329317,0.0069254542,0,0.0081455872,0.011198398,0.0069152239,0.0085134795,0.0076969055,0,0.0067809232,0.0080933544,0.0071457019,0,0.0060497979,0,0,0.0711992981,0.0097924259,0.0073392239,0,0,0,0,0,0,0,0,0,0.0108711834,0.0093614302,0.0089841125,0.0078585205,0.0075466923,0.0090977572,0,0.0340920678
6421.4246066579,0,0,0,0,0,0,0,0,0,0,0,0,0,0,0,0,0,0,0,0,0,0,0,0,0,0,0,0,0,0,0,0,0,0,0,0,0,0,0,0,0.012913167,0,0,0,0,0,0,0,0,0,0,0,0,0,0,0,0,0,0,0.0070623954
6443.3567234679,0,0,0,0,0,0,0,0,0,0,0,0,0,0,0,0,0,0,0,0,0,0,0,0,0,0,0,0,0,0,0,0,0,0,0,0,0,0,0,0,0.0119488963,0,0,0,0,0,0,0,0,0,0,0,0,0,0,0,0,0,0,0
6454.8062933596,0,0,0,0,0,0,0,0,0,0,0,0,0,0,0,0,0,0,0,0,0,0,0,0,0,0,0,0,0,0,0,0,0,0,0,0,0,0,0,0,0.0082690413,0,0,0,0,0,0,0,0.0086379091,0,0,0,0,0,0,0,0,0,0,0
6460.2531074925,0,0,0,0,0,0,0,0,0,0,0,0,0,0,0,0,0,0,0,0,0,0,0,0,0,0,0,0,0,0,0,0,0,0,0,0,0,0,0,0,0.0082646574,0,0,0,0,0,0,0,0,0,0,0,0,0,0,0,0,0,0,0
6470.4015919253,0,0,0,0,0,0,0,0,0,0,0,0,0,0,0,0,0,0,0,0,0,0,0,0,0,0,0,0,0,0,0,0,0,0,0,0,0,0,0,0.0070516547,0,0,0,0,0,0,0,0,0,0,0,0,0,0,0,0,0,0,0,0
6475.4788306082,0,0,0,0,0,0,0,0,0.0056061492,0,0.0055567351,0,0,0.0063042547,0,0,0,0,0,0,0,0,0,0,0,0,0,0,0,0.0055726047,0,0,0,0,0.0061207862,0.0064847681,0,0,0,0.0070868237,0.0094678896,0,0,0,0,0,0,0,0,0,0,0,0,0.0058759697,0,0,0,0,0,0.0068558794
6480.5580669456,0,0,0,0,0,0,0,0,0.0055965156,0,0.0055698042,0,0,0,0,0,0,0.0073783623,0,0,0,0,0,0,0,0,0,0,0,0,0,0,0,0,0,0.0063912417,0,0,0,0,0,0,0,0,0,0,0,0,0,0,0,0,0,0,0,0,0,0,0,0.0068525632
6497.5032823384,0,0,0,0,0,0,0,0,0,0,0,0,0,0,0,0,0,0,0,0,0,0,0,0,0.0058454109,0,0,0,0,0,0,0,0,0,0,0,0,0,0,0,0,0,0,0,0,0,0,0,0,0,0,0,0,0,0,0,0,0,0,0
6510.6982400418,0,0,0,0,0.037887632,0.0348731934,0.0294650288,0.0314249607,0.0370451543,0,0.0354574825,0.0314299494,0.0342691149,0,0.0279102178,0.0381427459,0.0354383678,0.0450422773,0.0363460896,0,0,0,0,0,0,0,0,0,0,0,0,0,0,0,0,0,0,0,0.0345082088,0.0365002356,0.0332672492,0,0.0241321279,0,0,0,0.0271249557,0,0,0.0325226912,0,0,0.0356304874,0,0,0.0359614257,0,0,0.0301830841,0
6515.7913121936,0,0,0.0289091683,0.028276653,0,0,0,0,0,0.0218545956,0,0,0,0.0323275116,0,0,0,0,0,0.0382953932,0.0336987869,0,0,0,0,0,0,0.0331992418,0,0.0326356496,0.0293880094,0.0334639013,0.0377728162,0,0.0353724189,0.0392786915,0.0336001329,0.0278062614,0,0,0,0.0306904011,0,0.0300971745,0.019715906,0.0261458666,0,0.0271875206,0.0296280378,0,0.0237805361,0.0168670601,0,0.0314739132,0.0307634496,0,0.038042936,0.0260999866,0,0.0351455638
6526.3610896807,0.034515642,0.0297333648,0,0,0,0,0,0,0,0,0,0,0,0,0,0,0,0,0,0,0,0.038582379,0.0364863652,0.0337652278,0.0317650454,0.0310816378,0.0368582666,0,0.0323528581,0,0,0,0,0.0336931978,0,0,0,0,0,0,0,0,0,0,0,0,0,0,0,0,0,0,0,0,0,0,0,0,0,0
6534.4830016978,0,0,0,0,0.020283246,0.0171612307,0,0,0.0246636131,0,0.0277053639,0.0212035023,0.0194002065,0,0.0185509233,0.0133840503,0.0236004106,0.0169384337,0,0,0,0.0313347816,0.0296494024,0,0.0211547085,0,0,0,0,0,0,0,0,0,0,0,0,0,0.0190212668,0.0236323211,0.0147032982,0,0.0100507586,0,0,0,0.0130938115,0,0,0.0207451099,0,0,0.0174692066,0,0,0.0200150902,0,0,0.0142900585,0
6539.5853965816,0,0,0.0200998254,0.0173278718,0,0,0.0217323108,0.0216679971,0,0.0152985297,0,0,0,0.0194906482,0,0,0,0,0.0197140246,0,0.0135897008,0,0,0.0255401783,0,0,0.0268798455,0.021237133,0,0.0212708662,0.0196721147,0.0243279306,0.0184691444,0,0.0254576155,0.0256931169,0.0143387289,0.0187729293,0,0,0,0.0152448302,0,0,0.0121927941,0.0224660722,0,0.018270005,0.0130330463,0,0.0147231152,0.0064115364,0,0.0211873501,0.0164871373,0,0.0207340238,0.0144437453,0,0.0150600924
6548.0938275023,0,0,0,0,0.0080468415,0.0082624007,0,0,0,0,0,0,0,0,0,0,0.0081624699,0.0102170428,0,0,0,0,0,0,0,0,0,0,0,0,0,0,0,0,0,0,0,0,0,0.0084182594,0,0,0,0,0,0,0,0,0,0.0082333703,0,0,0,0,0,0,0,0,0.0101465771,0
6553.2344174669,0,0,0,0.0071422452,0,0,0.0072733085,0.0063899764,0,0,0,0,0.0089489541,0.00879166,0,0.0087492876,0,0,0.0070796382,0,0,0,0,0,0,0,0,0.0089651533,0,0.0079932095,0,0,0.0077384476,0,0.0085242055,0.0092258069,0.0073155732,0.0072230039,0.0092424383,0,0.0100924092,0.0071491778,0,0,0,0.0061391732,0,0,0,0,0,0,0.0076434094,0.0086213873,0.0058919289,0.0088532849,0.0080554626,0,0.0101249323,0.0090545686
6560.3935802685,0,0,0,0,0,0,0,0,0.0080698785,0,0,0,0,0,0,0,0,0.0113279849,0,0,0,0,0,0,0,0,0,0,0,0,0.0088858296,0,0.0074414109,0,0,0,0,0,0,0.0073849434,0,0,0,0,0,0,0,0,0,0,0,0,0,0,0,0,0,0,0,0
6565.5061119608,0.010794147,0.0079441856,0,0.0066697964,0.0102654989,0.0102915952,0,0.0060215955,0,0,0.0083400165,0,0.0103165235,0.0101531962,0.0103091242,0.009491187,0.0084193428,0,0,0,0,0.0085281744,0.007925698,0.0069285169,0.0072988427,0,0.0086567874,0.0074782066,0.0088383124,0,0,0.0070375089,0,0,0.0086669008,0.010679275,0.0072178156,0.0079674747,0.010764941,0,0,0.0071573102,0,0,0,0.0065474913,0,0.0063982492,0.0086947953,0,0,0,0.0074657751,0.0108658717,0.0070404448,0.013458133,0.0097028828,0,0.0111057798,0
6571.9816391748,0,0,0,0,0,0.0072036541,0,0,0,0,0,0,0,0,0,0,0,0.0098633809,0,0,0.0075889357,0,0,0,0,0.0060141091,0,0,0,0,0,0,0,0.0073339498,0,0,0,0,0,0,0,0,0,0,0,0,0,0,0,0.0076165296,0,0,0,0,0,0,0,0,0,0
6577.0640019044,0.0090367166,0.0074372695,0.0052287789,0.0066253391,0.007388098,0.0071230058,0.0071188673,0,0,0,0,0,0.0079519188,0.0087973903,0.0076484459,0.0086354085,0.0065495627,0,0.0054552265,0,0,0.0083745626,0.0082033831,0.0068345909,0.0070486604,0.0059863834,0.0077750164,0.0078736801,0,0.0075955449,0,0,0.007388672,0.0066637805,0.0082783289,0.0086874146,0,0,0,0.0077104818,0,0.0065834816,0,0,0,0,0,0,0,0,0,0,0.0069492949,0.0085318824,0,0,0.0072460544,0,0.009112056,0.0072508882
6582.5623127806,0,0,0,0,0,0,0,0,0,0,0,0,0,0,0,0,0,0,0,0,0,0,0,0,0,0,0,0,0.0096709958,0,0.0085886048,0,0,0,0,0,0,0.0074674746,0,0,0,0,0,0,0,0,0,0,0,0,0,0,0.0068725452,0,0,0,0,0,0,0
6590.7557316438,0.0089625928,0.0078032956,0.005056833,0,0.0073298839,0,0,0,0,0,0,0,0.0073402164,0,0,0,0,0,0,0,0,0,0,0,0,0,0,0,0,0,0,0,0.0080816704,0,0,0,0,0,0,0,0,0,0,0,0,0,0,0,0,0,0,0,0,0,0,0,0,0,0,0
6600.9699618317,0,0.0254421501,0,0,0.0196883838,0.0202881845,0.0282686613,0.026316919,0.027723774,0,0.0284178386,0.0226305599,0,0,0.024120912,0.0368539557,0,0.0358310638,0,0,0,0,0,0,0,0,0,0,0,0,0,0,0,0,0,0,0,0,0.0354601394,0.0237848728,0.0148945864,0,0.017624638,0,0,0,0.0160980427,0,0,0.027735594,0,0,0.0172611554,0,0,0.0311814687,0,0,0.0323464461,0
6606.0983280525,0.0295442131,0,0,0.0224089784,0,0,0,0,0,0.0157842799,0,0,0,0.036478829,0,0,0,0,0,0,0.019554702,0,0,0,0,0,0,0.0169028166,0.0278962633,0.0237172377,0.0228235101,0.0286453954,0.0285483455,0,0.0288247346,0.0232815044,0.0250170221,0.0235217775,0,0,0,0.0257591395,0,0.0098967016,0.015625184,0.0186222404,0,0.0240322734,0.022589208,0,0.0207128323,0.0157910687,0,0.0329292798,0.0293874734,0,0.0296647633,0.0289812194,0,0.0285346403
6616.4000716723,0,0,0,0,0,0,0,0,0,0,0,0,0.007634047,0,0,0,0,0,0,0,0,0,0,0,0,0,0,0,0,0,0,0,0,0,0,0,0,0,0,0,0,0,0,0,0,0,0,0,0,0,0,0,0,0,0,0,0,0,0,0
6621.5349358118,0,0,0,0,0,0,0,0,0,0,0,0,0,0,0,0,0,0,0,0,0,0,0,0,0,0,0,0,0,0,0,0,0,0,0,0,0,0,0,0,0,0,0,0,0,0,0,0,0,0,0,0,0,0,0,0,0,0,0.0088339761,0
6630.0974843379,0,0.0038958716,0,0,0,0,0,0,0,0,0,0,0.0220295668,0,0,0,0,0,0,0,0,0,0,0,0,0,0,0,0,0,0,0,0,0,0,0,0,0,0,0,0,0,0,0,0,0,0,0,0,0,0,0,0,0,0,0,0,0,0,0
6635.1968073235,0,0,0.0188020414,0,0,0,0,0,0,0,0,0,0,0,0,0,0,0,0,0,0,0,0,0,0,0,0,0,0,0,0,0,0,0,0,0,0,0,0,0,0,0,0,0,0,0,0,0,0,0,0,0,0,0,0,0,0,0,0,0
6640.3798712997,0,0.004443769,0,0,0,0,0,0,0,0,0,0,0,0.0068765195,0,0,0,0.0070785783,0,0,0,0,0,0,0,0,0,0,0.0065548813,0,0,0,0,0,0,0,0,0,0.0072520609,0,0,0,0,0,0,0,0,0,0,0,0,0,0,0.0062290817,0,0,0,0,0.0104297807,0
6654.1021573227,0,0.0036072753,0,0,0,0,0,0,0,0,0,0,0,0,0,0,0,0,0,0,0,0,0,0,0,0,0,0,0,0,0,0,0,0,0,0,0,0,0,0,0,0,0,0,0,0,0,0,0,0,0,0,0,0,0,0,0,0,0,0
6664.7410767914,0,0,0,0,0,0,0,0,0,0,0,0,0,0,0,0,0,0,0,0.0177928487,0,0,0,0,0,0,0,0,0,0.0058765673,0,0,0,0,0,0,0,0,0,0,0,0,0,0,0,0,0,0,0,0,0,0,0,0,0,0,0,0,0,0
6681.9260294854,0,0,0,0,0,0,0,0,0,0,0,0,0,0,0,0,0.0196374632,0,0.0196498919,0,0,0.0084480242,0.0089233972,0.007931958,0.0084473909,0.0073254142,0.0082419788,0,0.0097208727,0,0,0,0,0.0112552772,0,0,0,0,0,0,0,0,0,0,0,0,0,0,0.0135448012,0,0,0,0,0,0,0,0,0,0,0
6691.8652318568,0,0,0,0,0,0,0,0,0,0.0078334326,0,0,0,0,0,0,0,0,0,0,0,0,0,0,0,0,0,0.0069644437,0,0.0083267774,0.0101029801,0,0,0,0,0,0,0,0,0,0,0,0,0,0,0,0,0,0,0,0,0,0,0,0,0,0,0,0,0
6698.7505593881,0,0.0050254775,0.0060977205,0,0,0,0.0064257621,0.0064074442,0,0,0.0056940066,0,0.0073812255,0.0074947469,0,0,0.0073637482,0,0.0068881915,0.0087776035,0,0.007751274,0.0075209692,0,0.006219537,0.0060083,0,0,0.007715982,0.0067848482,0,0.0070871246,0,0.005635238,0,0.0061443027,0.0068560983,0.0083187207,0.0091898167,0,0,0.0063059339,0,0,0,0,0,0,0,0,0,0,0,0.0061340578,0,0.0064470927,0,0,0,0
6766.4531974793,0,0,0,0,0,0,0,0,0,0,0,0,0,0,0,0,0,0,0,0,0,0,0,0,0,0,0,0,0,0.0057171183,0,0,0,0,0,0,0,0,0,0,0,0,0,0,0,0,0,0,0,0,0,0,0,0,0,0,0,0,0.0071742511,0
6785.172797593,0,0,0,0,0,0,0,0,0.0059551508,0,0,0,0,0,0,0.0084353957,0,0,0,0,0,0,0,0,0,0,0,0,0,0,0,0,0,0,0,0,0,0,0,0.0060080631,0,0,0,0,0,0,0,0,0,0,0,0,0,0,0,0,0,0,0.0084831375,0
6790.7017215464,0,0.0057907471,0,0,0,0,0,0,0,0,0.006032717,0,0,0,0,0,0,0,0,0,0,0,0,0,0.0059465332,0,0,0,0,0,0,0,0.0072810836,0,0.0061065837,0.0057983226,0,0,0,0.0060235371,0,0,0,0,0,0,0,0,0,0,0,0,0,0,0,0,0,0,0,0
6800.7792751899,0,0,0,0,0,0,0,0,0,0,0,0,0,0,0,0,0,0,0,0,0,0,0,0,0,0,0,0,0,0,0,0,0,0,0,0,0,0,0,0,0,0,0,0,0,0,0,0,0,0,0,0,0,0,0,0,0,0,0.0096090919,0
6814.6668033611,0,0,0,0,0,0.008256374,0,0,0,0,0,0.0083593038,0.0110877966,0,0,0.0151823679,0.0128714703,0.0155398817,0,0,0,0,0,0,0,0,0.0112646813,0,0,0,0,0,0,0,0,0,0,0,0,0.0109203027,0,0,0,0,0,0,0,0,0,0,0,0,0,0,0,0,0,0,0,0
6820.2048584611,0,0,0,0,0,0,0,0,0,0,0,0,0,0.0088602039,0,0,0,0,0,0,0,0,0,0,0,0,0,0,0,0,0,0,0,0,0.0104996777,0.0104366899,0,0,0,0,0.0092665206,0.0061425666,0,0,0,0,0,0,0,0,0,0,0,0,0.0066466543,0,0,0.0078399376,0,0
6826.7698245796,0,0.0181734633,0,0,0.0231122206,0.0148004774,0,0,0.0209984334,0,0.019573803,0.0189247496,0.017298593,0,0.0113250986,0.0276452202,0.0211064844,0.0267714442,0,0,0,0.0203936348,0,0,0,0,0,0,0,0,0,0,0,0,0,0,0,0,0.0159615339,0.020231055,0.0172887318,0,0.0113499994,0,0,0,0.0129496881,0,0,0.0201739671,0,0,0.0134177686,0,0,0.0144821154,0,0,0.0202524385,0
6831.9854372191,0.0168968695,0,0.0177205734,0.0169934024,0,0,0.016747298,0.0164077685,0,0.0123396182,0,0,0,0.0146477888,0,0,0,0,0.0204054719,0.0226188345,0.0195508194,0,0.019403249,0.0175808416,0.0182848353,0.0187830064,0.0187948685,0.0145442251,0.016788767,0.0121944134,0.0115299551,0.0202749367,0.0259341637,0.0178280629,0.0176421687,0.0177822733,0.014070299,0.0113825308,0,0,0,0.0109607691,0,0.0188842049,0.0063463125,0.0117008573,0,0.0113174575,0.0196257608,0,0.0099213163,0.0090866017,0,0.0137965494,0.0145178475,0,0.0191721501,0.0132595005,0,0.0184122008
6839.0041834438,0,0,0,0,0,0,0,0,0,0,0,0,0,0,0,0,0,0,0,0,0,0,0,0,0,0,0,0,0,0,0,0,0,0,0,0,0,0,0,0,0,0,0,0,0,0,0,0,0,0,0,0,0,0,0,0,0,0,0.012324316,0
6845.9035064852,0,0.0089646199,0,0,0.0088700891,0.0075750179,0.0073200591,0.0065465598,0.0085443118,0,0,0,0,0,0.0058443262,0,0.0092123578,0.0127888339,0.0091219588,0,0,0.0100553522,0,0,0,0,0,0,0,0,0,0,0,0,0,0.0097039452,0,0,0.0095470206,0.0095241692,0,0,0.0110459747,0,0,0,0,0,0.011272597,0,0,0,0,0,0,0.0077055167,0,0,0,0
6851.1891991866,0.0080353965,0,0,0.0068063626,0,0,0,0,0,0,0.0087920361,0,0.0085985274,0.0078150774,0,0.0128493387,0,0,0,0.0114596867,0,0,0.0098087182,0,0,0.0082090919,0.010358955,0.0078341556,0,0.0072399911,0,0.0081166738,0.0125411335,0,0.009459871,0,0.0085191252,0.0069230744,0,0,0,0.005959921,0,0,0,0,0,0,0,0,0,0,0.0080017523,0.0079813735,0,0,0.0075100415,0,0.0143914401,0.0084365526
6856.3513833548,0,0,0,0,0,0,0,0,0,0,0,0,0,0,0,0,0,0,0,0,0,0,0,0,0,0,0,0,0,0,0,0,0,0,0,0,0,0,0,0,0,0,0.0064466474,0,0,0,0,0,0,0.0113320523,0,0,0,0,0,0,0,0,0,0
6866.8716407395,0,0,0,0,0,0,0,0,0,0,0,0,0,0,0,0,0,0,0,0,0,0,0,0,0,0,0,0,0,0,0,0,0,0,0,0,0,0,0,0,0,0,0,0,0,0,0,0,0,0,0,0,0,0,0,0,0,0,0.0178504242,0
6872.0381852829,0.0112450718,0.0124417235,0.0092123385,0,0.0120999805,0.0108392772,0.0102690649,0.0094607112,0.0122139964,0,0.0126970806,0.0090666043,0.0120455205,0.0108042854,0.0083133235,0.0168850537,0.0129173613,0.0180500734,0.0129001125,0.0154540039,0,0.0140539452,0.013912444,0,0.0131871657,0,0.0142403727,0,0,0,0,0,0,0,0,0.0135735732,0,0,0.0132726294,0.0131188652,0.0099950005,0.0086052342,0.0065043027,0,0,0.0075343223,0,0,0,0.0121998404,0,0,0.011257602,0,0,0.011013116,0,0,0,0
6877.2711157222,0,0,0,0.0097002861,0,0,0,0,0,0,0,0,0,0,0,0,0,0,0,0,0.009505783,0,0,0.012601877,0,0,0,0.0112697986,0,0.0101079101,0,0.011594153,0.0158471277,0.01232186,0.0131651536,0,0.0120153698,0.0095436278,0,0,0,0,0,0.0087218485,0,0,0,0.0079802011,0,0,0,0,0,0.0111691626,0.0078684432,0,0.0110275935,0.0086428382,0.0167870133,0.0116213157
6887.7429713412,0,0.0315723883,0,0,0.0316967604,0.0279162012,0,0,0.0322351625,0,0.0319639068,0.0284370475,0.0282475684,0,0.0224632314,0.0399919897,0.0297096928,0.0417353591,0,0,0,0.0327997665,0,0,0,0,0,0,0,0,0,0,0,0,0,0,0,0,0.0308581839,0.0336328503,0.0241245282,0,0.0182932341,0,0,0,0.0206523591,0,0,0.029268965,0,0,0.0285360753,0,0,0.028605283,0,0,0.0362903043,0
6892.981896536,0.0292671627,0,0.0241840765,0.0243351401,0,0,0.0269713849,0.0284599178,0,0.0208866234,0,0,0,0.0257471774,0,0,0,0,0.0318144349,0.0352696712,0.0290738651,0,0.0325023598,0.0297687277,0.0296281325,0.0276703446,0.0331162392,0.0295335812,0.0289201818,0.0271200051,0.024711915,0.0311270947,0.0373442515,0.029912099,0.0313567425,0.0340063475,0.0289720965,0.0227799401,0,0,0,0.024050435,0,0.0276665062,0.0157554587,0.0211266752,0,0.0212315543,0.0265628721,0,0.0190741898,0.0167871019,0,0.0261297285,0.0260255218,0,0.0325972755,0.0246224689,0,0.0293951782
6903.465741734,0.0085946065,0,0,0,0.010117003,0.0095348591,0,0,0,0,0,0.007738743,0.0099240407,0,0.0079217699,0.0134045271,0,0,0,0,0,0,0,0,0,0,0,0,0,0,0,0,0,0,0,0,0,0,0,0,0,0,0,0,0,0,0,0,0,0.0092596375,0,0,0.008393492,0,0,0.0089127513,0,0,0.0139952536,0
6909.0992538394,0,0,0,0.0079430491,0,0,0,0,0,0,0,0,0,0,0,0,0,0,0,0,0.0073845522,0.0106101009,0.0110477484,0.0093717473,0.011184564,0,0.0112205927,0.0091739819,0.0105284343,0.0081955489,0.0094995158,0,0.0107977043,0.0105491434,0,0,0,0,0,0,0,0.0068980261,0,0,0,0.0057961111,0,0,0,0,0,0,0,0.0080448122,0.0066486872,0,0.0089429963,0,0,0
6919.5953847969,0,0,0,0,0,0,0,0,0,0,0,0,0,0,0,0,0,0,0,0,0,0,0,0,0,0,0,0,0,0,0,0.0065951012,0,0,0.0074270387,0,0,0,0,0,0,0,0,0,0,0,0,0,0,0,0,0,0,0,0,0,0,0,0,0
6926.2787943524,0.0074497611,0.0070097716,0,0,0,0,0,0,0.006302766,0,0,0,0.0072914554,0,0,0.0103312212,0.0066380589,0.0100390143,0.0068469861,0,0,0,0,0,0,0,0.0082579592,0,0,0,0,0,0,0,0,0,0,0,0.0081533046,0.0074138325,0,0,0,0,0,0,0,0,0,0.007725495,0,0,0.0066647363,0,0,0,0,0,0.0115846395,0
6931.5329302968,0,0,0.0052001841,0,0,0,0.0063302816,0,0,0,0.0067398127,0,0,0.00647844,0,0,0,0,0,0.0096275478,0,0.0077604807,0.0081691393,0.0071065748,0.0088135157,0.0061748877,0,0.0078435614,0.0081395033,0.0070392492,0.0075801464,0.0063080693,0.0094781824,0.0077589206,0.0074457095,0.0080341836,0.0069899544,0.0062290973,0,0,0,0,0,0,0,0,0,0,0,0,0,0,0,0.0066302096,0,0,0,0,0,0.0070961091
6938.5415547815,0,0.0063825568,0,0,0,0,0,0,0,0,0,0,0,0,0,0,0,0,0,0,0,0,0,0,0,0,0,0,0,0,0,0,0,0,0,0,0,0,0,0,0,0,0,0,0,0,0,0,0,0,0,0,0,0,0,0,0,0,0,0
6943.7278629771,0,0,0,0,0,0,0,0,0.0058515423,0,0.0061621693,0,0,0.0058434429,0,0.0090392009,0,0.0092878732,0.0060887301,0.0082802967,0,0,0,0,0,0,0,0,0,0,0,0,0.007480673,0,0.0066169543,0.0071129996,0,0,0.0075424429,0.0066043292,0,0,0,0,0,0,0,0,0,0,0,0,0,0.005878831,0,0,0,0,0.0096007494,0
6949.0611556024,0,0,0,0,0,0,0,0,0,0,0,0,0,0.0057625761,0,0,0,0,0,0,0,0.0073765604,0,0.0063888038,0.0075063275,0.0055964514,0.0075416307,0,0,0.005726053,0,0,0.0074883629,0.0063540135,0.0066177842,0,0,0,0,0.0065738032,0,0,0,0,0,0,0,0,0,0,0,0,0,0.0058872682,0,0,0,0,0,0
6954.3239548728,0,0.0063870476,0,0,0,0,0,0,0,0,0,0,0,0,0,0,0,0,0.005842588,0,0,0,0,0,0.0073368411,0,0,0,0.0071784774,0,0,0,0.0074513187,0,0,0,0,0,0.0078621591,0,0,0,0,0,0,0,0,0,0,0,0,0,0,0,0,0,0,0,0,0
6959.5887533939,0,0,0,0,0,0,0,0,0.0058419134,0,0.006302741,0,0,0.0062965083,0,0.0089560567,0,0,0,0.0081991164,0,0.007465499,0,0,0.0073266132,0.0059029096,0.0075958415,0,0.0072561454,0.0060733548,0,0,0,0.0062022244,0.0068368535,0.007107498,0,0.0061487461,0,0,0,0,0,0,0,0,0,0,0,0,0,0,0,0.0060806707,0,0,0,0,0,0
6966.611594715,0,0.0068693114,0,0,0,0,0,0,0.0061360122,0,0,0,0,0,0,0.0091841819,0,0.008794776,0,0,0,0,0,0,0,0,0,0,0,0,0,0.0063335893,0,0,0.0068090951,0,0,0,0.0082457698,0,0,0,0,0,0,0,0,0,0,0,0,0,0,0,0,0,0,0,0.0080312871,0
6971.8055707341,0,0,0.0049663711,0,0,0,0,0,0,0,0.0067838865,0,0,0.0063219543,0,0,0.0062575917,0,0.0060814621,0.0084249988,0,0.0078850771,0.0077950708,0.0068456714,0.007632322,0.0061150586,0.0080325189,0,0.0075923851,0.0060937216,0.0068805318,0.0063000919,0,0.0067202273,0.0067534354,0.0073015401,0.0066740243,0.0059701876,0,0.0066784465,0,0,0,0,0,0,0,0,0,0,0,0,0,0.0064740261,0,0,0,0,0,0
6985.9427350454,0,0,0,0,0,0,0,0,0,0,0,0,0,0,0,0,0,0.0083612528,0,0,0,0,0,0,0,0,0,0,0,0,0,0,0,0,0,0,0,0,0,0,0,0,0,0,0,0,0,0,0,0,0,0,0,0,0,0,0,0,0.0081108033,0
6991.1419680265,0.0073517912,0.0080350976,0.005831025,0.0065263071,0,0,0.0069755177,0.0064760825,0.0071674537,0,0.0078809553,0,0.0076755779,0.0070772782,0,0.0106594232,0.0067185324,0,0.0065679011,0.0092428756,0,0.008791951,0,0.0078580437,0.0087195742,0.0073043513,0.0087317353,0,0.0087701371,0.0066660337,0,0.0076094935,0.008265461,0.0071399033,0.0075896595,0.0082603754,0.0074700998,0.0067297672,0.0091928264,0.0074671563,0,0,0,0,0,0,0,0,0,0.008440598,0,0.0120596562,0.0069390794,0.0073272822,0,0.0065191004,0,0,0,0.0074430307
7000.0186291459,0,0.0084795932,0,0,0,0,0,0,0.0071838476,0,0,0,0,0,0,0,0,0.0085735776,0,0,0,0,0,0,0,0,0,0,0,0,0,0,0,0,0,0,0,0,0,0,0,0,0,0,0,0,0,0,0,0.0086934913,0,0,0,0,0,0,0,0,0.0080817748,0
7005.2216778476,0.0072893335,0,0.0060676908,0.0064856284,0,0,0.0071574044,0.0065343448,0,0,0.0080784925,0,0.0077388324,0.0074069312,0,0.0115604368,0.007433151,0,0.0075265331,0.0096653182,0,0.0089759979,0.0091951147,0.0081855008,0.0088085677,0.0073316728,0.0089556266,0,0.0088758661,0.0070024046,0.007786212,0.007771211,0.0089048371,0.0072901201,0.007830856,0.0085811576,0.00782406,0.0071514799,0.0097430993,0.0077050081,0,0,0,0,0,0,0,0,0,0,0,0,0.0071684136,0.0074016936,0,0.0065435625,0,0,0.007920303,0.0072774832
7014.028713024,0,0.0076311948,0,0,0,0,0.006826241,0,0.0065758084,0,0,0,0,0,0,0,0,0.0079503252,0,0,0,0.0085783136,0,0,0,0,0.0084365341,0,0,0,0,0,0,0,0.0073065251,0,0,0,0.0092028612,0,0,0,0,0,0,0,0,0,0,0.0079654184,0,0,0.0067275572,0,0,0,0,0,0.0077385117,0
7019.3961979069,0.0068298803,0,0,0,0,0,0,0.0059599612,0,0,0.0075273039,0,0,0.0066940972,0,0,0,0,0,0,0,0,0,0.0076620597,0.0084317429,0,0.0084735212,0,0,0.0064081955,0,0.0072605314,0,0,0,0,0.0072619265,0.0067837465,0,0.0071954315,0,0,0,0,0,0,0,0,0,0,0,0,0,0.0070456791,0,0,0,0,0.0075640552,0.0067627021
7031.6594370877,0,0.0208131893,0,0,0.0155353682,0.0143152154,0,0,0.0179794473,0,0,0.0177332786,0.0168713386,0,0.0126356974,0.0276451522,0.01508431,0.0180706367,0,0,0,0.020761383,0,0,0,0,0,0,0,0,0,0,0,0,0,0,0,0,0.0222032444,0.0197996078,0.0167440502,0,0.0092932974,0,0,0,0,0,0,0.0213158588,0,0,0.0172010929,0,0,0,0,0,0.0139647352,0
7036.9529843045,0.0184390885,0,0.0159096092,0.0161188215,0,0,0.018700695,0.0191429229,0,0.014054745,0.0204908134,0,0,0.0164423717,0,0,0,0,0.0163007166,0.0213067955,0.0174626643,0,0.021116252,0.0192882323,0.0198619713,0.0175436901,0.0202292348,0.0129121369,0.0198718255,0.017898986,0.0171533605,0.0208919611,0.0223236174,0.0177871423,0.017897796,0.0199255384,0.0180932211,0.0167636834,0,0,0,0.0134894162,0,0.0146918742,0.00936567,0.0100811405,0.0125303308,0.0128159533,0.0130505401,0,0.012326287,0.0109480557,0,0.0169475,0.0133514125,0.0155010399,0.0169160017,0.0140033616,0,0.0176708616
7051.1629281535,0,0,0,0,0,0,0,0,0,0,0,0,0,0.0057477448,0,0,0,0,0,0,0,0,0,0,0,0,0,0,0,0,0,0,0,0,0,0,0,0,0,0,0,0,0,0,0,0,0,0,0,0,0,0,0,0.0056894221,0,0,0,0,0,0
7070.6113636681,0,0,0,0,0,0,0,0,0,0,0,0,0,0,0,0.0084538137,0,0,0,0,0,0.0061453621,0,0,0,0,0,0,0,0,0,0,0,0,0,0,0,0,0,0,0,0,0,0,0,0,0,0,0,0,0,0,0,0,0,0,0,0,0,0
7076.2266752454,0,0.0057459219,0,0,0,0,0,0,0,0,0,0,0,0,0,0,0,0,0,0,0,0,0,0,0.0066219438,0,0,0,0.0064745969,0,0,0,0,0.0056070925,0,0.0056663523,0,0,0,0,0,0,0,0,0,0,0,0,0,0,0,0,0,0,0,0,0,0,0,0
7085.0783679387,0,0.0058369656,0,0,0,0,0,0,0,0,0,0,0,0,0,0,0,0,0,0,0,0.0061158487,0,0,0,0,0,0,0,0,0,0,0,0,0,0,0,0,0,0,0,0,0,0,0,0,0,0,0,0,0,0,0,0,0,0,0,0,0,0
7092.163719177,0,0,0,0,0,0,0,0,0,0,0,0,0,0,0,0,0,0,0,0,0,0,0,0,0.0059454436,0,0,0,0.0059469943,0,0,0,0,0,0,0,0,0,0,0,0,0,0,0,0,0,0,0,0,0,0,0,0,0,0,0,0,0,0,0
7107.814840819,0,0.0050547579,0,0,0,0,0,0,0,0,0,0,0,0,0,0,0,0,0,0,0,0,0,0,0,0,0,0,0,0,0,0,0,0,0,0,0,0,0,0,0,0,0,0,0,0,0,0,0,0,0,0,0,0,0,0,0,0,0,0
7127.3414773655,0,0.0048781421,0,0,0,0,0,0,0,0,0,0,0,0,0,0,0,0,0,0,0,0,0,0,0,0,0,0,0,0,0,0,0,0,0,0,0,0,0,0,0,0,0,0,0,0,0,0,0,0,0,0,0,0,0,0,0,0,0,0
7136.2261079663,0,0.004912678,0,0,0,0,0,0,0,0,0,0,0,0,0,0,0,0,0,0,0,0,0,0,0,0,0,0,0,0,0,0,0,0,0,0,0,0,0,0,0,0,0,0,0,0,0,0,0,0,0,0,0,0,0,0,0,0,0,0
7173.5046396975,0,0.007012803,0,0.0068517543,0,0,0,0,0.0057669912,0,0,0,0.0082123953,0.0071708785,0.0055468798,0,0,0,0,0,0,0,0,0,0,0,0,0,0,0,0,0,0,0,0,0.0071018939,0,0,0,0.0056380647,0,0.0070295925,0,0.0085742944,0,0,0,0,0,0,0,0,0,0.0080645797,0.0060292418,0.0065425978,0,0.0076027554,0,0.0072619036
7179.2476240555,0,0,0,0,0,0,0,0,0,0,0.0056397797,0,0,0,0,0,0,0,0,0,0,0,0,0.0063414154,0,0.0064901974,0,0,0.0074844466,0.0063731491,0.0077260629,0.0064239949,0,0,0.0073408557,0,0,0.006472555,0,0,0,0,0,0,0,0,0,0,0,0,0,0,0,0,0,0,0,0,0,0
7202.1450030061,0,0,0,0,0,0,0,0,0,0,0,0,0,0,0,0,0,0,0,0,0.007468953,0,0,0,0,0,0,0,0,0,0,0,0,0,0,0,0,0,0,0,0,0,0,0,0,0,0,0,0,0,0,0,0,0,0,0,0,0.0076943704,0.0078879366,0
7271.9563543368,0,0,0,0,0,0,0,0,0,0,0,0,0,0,0,0,0,0.0357570668,0,0,0,0,0,0,0,0,0,0,0,0,0,0,0,0,0,0,0,0,0,0.0529090886,0,0,0.0253560263,0.0097227158,0,0,0,0,0,0,0,0,0,0,0,0,0,0,0,0
7286.318403215,0,0.1703839158,0,0,0,0.1091463095,0,0,0,0,0,0,0,0,0.1107931853,0.1027487214,0,0.0804991341,0,0,0,0,0,0,0,0,0,0,0,0,0,0,0,0,0,0,0,0,0,0.1371405134,0,0,0.0700770164,0,0,0,0,0,0,0.126692361,0,0,0,0,0,0,0,0,0.1116142978,0
7291.5968793047,0.1290318169,0,0.160280465,0.1245549239,0.1038927093,0,0.1551698428,0.1480231927,0.1361654218,0.0983162017,0.1333519885,0.1313537158,0.1199586634,0.1140259747,0,0,0,0,0,0.0859352684,0.0880840644,0.1392229149,0.1498932087,0.124072333,0.138539675,0,0.1404717367,0.1343727983,0.1419013381,0.1093059752,0,0.1475207631,0.1187221019,0.1059853163,0.150676079,0.1099587233,0.0704201393,0.0839355381,0.1025094349,0,0.0793820317,0.0956114836,0,0.0208249106,0.0823102343,0.1437410341,0.0631119616,0.1007397555,0.0995119079,0,0.1044646605,0.1005828042,0.089305908,0.1330342253,0.1443119156,0.1279220985,0.128488288,0.1210394485,0,0.1318532451
7298.8968612326,0,0,0,0,0,0.0624862826,0,0,0,0,0,0.0577844796,0,0,0.0768907658,0.0481313647,0,0.0578472656,0,0,0,0,0,0,0,0.129745772,0,0,0,0,0.1133781747,0,0,0,0,0,0,0,0.0723631225,0.0500956453,0,0,0.039517596,0,0,0,0,0,0,0.0546468217,0,0,0,0,0,0,0,0,0.0694842469,0
7304.1785571014,0.0628220668,0,0,0,0.0573501419,0,0,0,0,0.0594416083,0,0,0,0.0666933872,0,0,0.1241702525,0,0.1050384563,0,0.0453371526,0,0,0,0,0,0.0796284032,0.0744013442,0,0.069286464,0,0,0.0617707688,0,0.0712308263,0.0967675974,0.0446205354,0.0720602347,0,0,0.0337288056,0.0614551372,0,0.0092835493,0.0538775088,0.0688079628,0.0425404004,0,0,0,0,0,0.0612340966,0.0782844926,0.0750900665,0.0766874009,0.0654953486,0.0652540434,0,0
7315.0851626279,0,0.0305745534,0,0,0,0,0,0,0,0,0,0,0,0,0,0,0,0.0215894039,0,0,0,0,0,0,0,0,0,0,0,0,0,0,0,0,0,0,0,0,0,0,0,0,0,0,0,0,0,0,0,0,0,0,0,0,0,0,0,0,0,0
7325.8873625512,0,0.0371652729,0,0,0,0.0282483823,0,0,0,0,0,0,0,0,0.0278532977,0.0339994806,0,0.0234696029,0,0,0,0,0,0,0,0,0,0,0,0,0,0,0,0,0,0,0,0,0,0.0321194362,0,0,0.0148976895,0,0,0,0,0,0,0.0350828249,0,0,0,0,0,0,0,0,0.0440571307,0
7331.1759409914,0.0381565925,0,0.0349468083,0.0318493491,0.0239741138,0,0.0365068873,0.0301385824,0.0292234455,0.0178463144,0.0313679947,0.024107069,0.0350725666,0.0346399447,0,0,0,0,0.0381796,0.0297346737,0.0210589372,0.0378665511,0,0.0344306339,0.0439169236,0,0.0385476465,0.0410384172,0.0449571845,0.0326805494,0.0409709959,0.0338395415,0.0371799184,0.0330907589,0.0395960022,0.033683435,0.0240165455,0.0287638948,0.0340284626,0,0.0234819924,0.0267375956,0,0,0.0205776488,0.0298979279,0.0150564127,0.0264517703,0.0186454163,0,0.0267004199,0.0190569991,0.0272789987,0.0373928692,0.0295634782,0.0321029196,0.0270960443,0.0261252707,0,0.0346809465
7342.1056610884,0,0,0,0,0,0.0352901667,0,0,0,0,0,0,0,0,0.0329739202,0.0492804561,0,0.0339504625,0,0,0,0,0,0,0,0,0,0,0,0,0,0,0,0,0,0,0,0,0,0,0,0,0.0206472971,0,0,0,0,0,0,0,0,0,0,0,0,0,0,0,0.0411442691,0
7347.3983579504,0.0419570444,0.0482163703,0.0404803074,0.0397213209,0.0306688483,0,0.0424419795,0.0402952571,0.0378689788,0.028911058,0.0394944712,0.0350384396,0.0433755722,0.0458797918,0,0,0.0512695088,0,0.0457323113,0.0412950611,0.0357594315,0.050533169,0.0538061463,0.0417534111,0.0472927458,0.0413711781,0.0466638434,0.0406241867,0.0510931138,0.0408793945,0.0463212004,0.0477055479,0.0418553198,0.0392517855,0.044444313,0.0493159411,0.036530105,0.0444220197,0.04738108,0.0413570957,0.0346742419,0.0344394844,0,0.0221419516,0.0274102707,0.0334123781,0.0253834023,0.0317502889,0.026505598,0.0422147032,0.0313842934,0.0264218849,0.0419713876,0.0444763848,0.0382019983,0.0396293123,0.0353820936,0.0368203337,0,0.0407509711
7360.1471022494,0,0,0,0,0,0,0,0,0,0,0,0,0,0,0,0,0.0896350288,0,0.0683931309,0,0,0,0,0,0,0,0,0,0,0,0,0,0,0,0,0,0,0,0,0,0,0,0,0,0,0,0,0,0,0,0,0,0,0,0,0,0,0,0.0269949429,0
7367.3699005121,0,0,0,0,0,0,0,0,0.0222080935,0,0,0,0,0,0,0,0,0.0197801583,0,0,0,0,0,0,0.0291089707,0,0,0.0274048137,0,0,0,0,0.0261810627,0,0,0,0,0,0,0,0,0,0,0,0.0143761073,0,0,0,0,0,0,0,0,0,0,0,0,0,0,0
7372.6689871868,0.0244008508,0.0257285759,0,0.0224544896,0.0186414439,0.0229896869,0.0257910157,0.0227911193,0,0,0.0232680361,0.0193467691,0.0271370281,0.0259787811,0.0232553423,0.0285323255,0,0,0,0.0215125961,0,0.0314656353,0,0.0244387125,0,0.023778117,0.0294643913,0,0,0.0236905373,0,0.0263028419,0.027515265,0,0.0273982744,0,0.0173183314,0,0.0315420611,0,0.0157111945,0.0185553186,0.0105074924,0,0,0.0200902478,0.0144434187,0.0190286326,0,0.0245998902,0.0185077495,0,0,0.0260216108,0.0210077949,0.0263524125,0.0213067464,0.0196856405,0,0.022411327
7378.4914058334,0,0,0,0,0,0,0,0,0,0.0169396983,0,0,0,0,0,0,0,0,0,0,0.0222324253,0,0,0,0,0,0,0,0,0,0,0,0,0.0245255022,0,0,0,0,0,0,0,0,0,0,0,0,0,0,0.0159417347,0,0,0,0,0,0,0,0,0,0,0
7383.6341958524,0,0,0,0,0,0,0,0,0,0,0,0,0,0,0,0,0,0,0,0,0,0,0,0,0,0,0,0,0,0,0,0,0,0,0,0,0,0,0,0,0,0,0,0,0,0,0,0,0,0,0,0,0.0151385677,0,0,0,0,0,0,0
7398.1064576481,0,0,0,0,0,0,0,0,0,0,0,0,0,0,0,0,0.0210223864,0,0.0187070907,0,0,0,0,0,0,0,0,0,0,0,0,0,0,0,0,0,0,0,0,0,0,0,0,0,0,0,0,0,0,0,0,0,0,0,0,0,0,0,0,0
7407.436881206,0,0,0,0,0,0,0,0,0,0,0,0,0,0,0,0,0,0,0,0,0,0,0,0,0,0,0,0,0,0,0,0,0.0122299173,0,0,0,0,0,0,0,0,0,0,0,0,0,0,0,0,0,0,0,0,0,0,0,0,0,0,0
7412.5929411406,0,0,0,0,0,0,0,0,0,0,0,0,0,0,0,0,0.0183909123,0,0,0,0,0,0,0,0,0,0,0,0,0,0,0,0,0,0,0,0,0,0,0,0,0,0,0,0,0,0,0,0,0,0,0,0,0,0,0,0,0,0,0
7419.7156511569,0,0,0,0,0,0,0,0,0.0088041859,0,0,0,0,0,0,0.011349233,0,0,0,0,0,0,0,0,0,0,0,0,0,0,0,0,0,0,0,0,0,0,0,0,0,0,0,0,0,0,0,0,0,0.0100920375,0,0,0,0,0,0,0,0,0.0098437634,0
7425.1537741926,0.010425711,0.0093403684,0,0.0091811565,0.0075336912,0.0093215637,0,0.0096990997,0,0,0,0.0071785943,0,0.0103499634,0,0,0,0.0078533811,0,0.0098322277,0,0,0,0,0,0,0,0.0118187426,0,0.0099956727,0,0,0.0097908651,0,0,0,0.0078991473,0.0094831936,0,0.0082622367,0,0.0078901535,0,0,0,0.007369417,0,0,0,0,0,0,0.0083709641,0.0105812796,0,0,0,0.0077662237,0.009832239,0.0093823296
7430.5938962501,0,0,0,0,0,0,0.0106943825,0.0096823913,0.0087990784,0,0.0092122079,0.0074099051,0.0112439061,0,0.0095978807,0,0,0,0,0,0,0,0.0137741654,0,0,0,0.0115038692,0,0,0,0,0,0,0.0103484913,0,0,0,0,0,0,0,0,0,0,0.0064917613,0.0072070856,0,0,0,0.0097315014,0,0,0,0,0.0080256538,0.010149331,0,0,0,0.0092688462
7436.0360173369,0,0,0.0107630694,0,0,0,0,0,0,0,0,0,0,0,0,0,0,0,0,0,0,0,0,0,0,0.0096635847,0,0,0,0,0,0,0,0,0,0,0,0,0,0,0,0,0,0,0,0,0,0,0,0,0.0080968395,0,0,0,0,0,0.0079350971,0.0077026827,0.0074210999,0
7441.4801374606,0,0,0,0,0,0.0083478227,0,0,0.0080014838,0,0,0,0,0,0.009711165,0.0091628111,0,0,0,0,0,0.0108991535,0,0,0,0,0,0,0,0,0,0,0,0,0,0,0,0,0.0105223822,0.0070126898,0,0,0,0,0,0,0,0,0,0.008875438,0,0,0,0,0,0,0,0,0.0074869745,0
7446.9262566289,0,0.0077835376,0,0,0,0,0.0096657467,0.0089756882,0,0,0.0082233838,0.0067467381,0.010367058,0.0094200653,0,0,0,0,0,0,0,0,0,0.0091366603,0.0110292446,0,0.0103557009,0.0096143684,0,0,0,0.0090988221,0.008030081,0,0.009645898,0.0090494901,0,0.0082460511,0,0,0,0.0074399124,0,0,0.006345365,0.0075582157,0,0.0075516334,0,0,0.0082188628,0,0.0064572933,0.0098838924,0.007464596,0.009502857,0.007240453,0.0074023844,0,0
7457.8244921291,0,0.0062502164,0,0,0,0,0,0,0.0064023673,0,0,0,0,0,0.0072910763,0,0,0,0,0,0,0,0,0,0,0,0,0,0,0,0,0,0,0,0,0,0,0,0,0,0,0,0,0,0,0,0,0,0,0,0,0,0,0,0,0.0070688418,0,0,0,0
7463.4076314553,0.0071411863,0,0.0081241945,0.0064988935,0,0,0.0079803858,0.0071885129,0,0,0.006482,0,0,0,0,0,0,0,0,0,0,0,0.0098038188,0.0073687836,0,0.0071412458,0.0079196378,0.0082649496,0,0,0,0.007357564,0,0,0.0070357383,0.0065311123,0,0,0,0,0,0,0,0,0,0,0,0,0,0,0,0,0,0.0071090721,0,0,0,0,0,0.0066914646
7476.1385263215,0,0.0045821261,0,0,0,0,0,0,0,0,0,0,0,0,0,0,0.0075826893,0,0,0,0,0,0,0,0,0,0,0,0,0,0,0,0,0,0,0,0,0,0,0,0,0,0,0,0,0,0,0,0,0,0,0,0,0,0,0,0,0,0,0
7543.6112943982,0,0.0035858992,0,0,0,0,0,0,0,0,0,0,0,0,0,0,0,0,0,0,0,0,0,0,0,0,0,0,0,0,0,0,0,0,0,0,0,0,0,0,0,0,0,0,0,0,0,0,0,0,0,0,0,0,0,0,0,0,0,0
7551.1886586964,0,0,0,0,0,0,0,0,0,0,0,0,0,0,0,0,0,0,0,0,0,0,0,0,0.0058387135,0.0063126131,0,0,0.0058323172,0,0,0.0063012032,0,0,0,0,0,0,0,0,0,0,0,0,0,0,0,0,0,0,0,0,0,0,0,0,0,0,0,0
7556.2684510053,0,0,0,0,0,0,0,0,0,0,0,0,0,0,0,0,0,0,0,0,0,0,0,0,0,0,0,0,0,0,0,0,0,0,0,0,0,0,0,0,0,0,0,0,0,0,0,0,0.0075573503,0,0,0,0,0,0,0,0,0,0,0
7616.8970746407,0,0.0035759052,0,0,0,0,0,0,0,0,0,0,0,0,0,0,0,0,0,0,0,0,0,0,0,0,0,0,0,0,0,0,0,0,0,0,0,0,0,0,0,0,0,0,0,0,0,0,0,0,0,0,0,0,0,0,0,0,0,0
7629.7586457941,0,0.0036996533,0,0,0,0,0,0,0,0,0,0,0,0,0,0,0,0,0,0,0,0,0,0,0,0,0,0,0,0,0,0,0,0,0,0,0,0,0,0,0,0,0,0,0,0,0,0,0,0,0,0,0,0,0,0,0,0,0,0
7640.7915174758,0,0,0,0,0,0,0,0,0.0058410802,0,0.0057490507,0,0,0,0,0.0097601696,0,0.0089054685,0,0,0,0,0,0,0,0,0,0,0,0,0,0,0,0,0,0,0,0,0,0,0,0,0,0,0,0,0,0,0,0,0,0,0,0,0,0,0,0,0,0
7646.1577818002,0,0.0050469753,0.0062036064,0,0,0,0,0,0,0,0,0,0,0,0,0,0.0062734318,0,0.0072260064,0,0,0,0,0,0.0068980523,0,0.0073898166,0,0,0,0,0,0.0110310445,0,0,0,0,0,0,0.0072621538,0,0,0,0,0,0,0,0,0,0,0,0,0,0,0,0,0,0,0,0
7651.8323903054,0,0,0,0,0,0,0,0,0,0,0,0,0,0,0,0.0101226822,0,0,0,0,0,0,0,0.0064516236,0,0.0062061718,0,0,0.0064950429,0,0,0,0,0.0081791036,0,0,0,0,0,0,0,0,0,0,0,0,0,0,0,0,0,0,0,0,0,0,0,0,0,0
7670.095495682,0,0,0,0,0,0,0,0,0,0,0,0,0,0,0,0,0,0,0,0,0,0,0,0,0,0,0,0,0,0,0,0,0.0158474925,0,0,0,0,0,0,0.0100772433,0,0,0,0,0,0,0,0,0,0.0087237172,0,0,0,0,0,0,0,0,0,0
7683.1583145717,0,0.0127097362,0,0,0.0186299076,0,0,0,0.0173696905,0,0,0.0142347622,0,0,0.0059669615,0.0307645653,0.0173058032,0.0269627368,0,0,0,0,0,0,0,0,0,0,0,0,0,0,0,0,0,0,0,0,0,0.0235057058,0.0129408507,0,0,0,0,0,0,0,0,0.0188646729,0,0,0.0065014917,0,0,0,0,0,0.0101436323,0
7688.534669093,0.0110273841,0,0.0196448324,0.0062783032,0,0,0.0107918524,0.0119081219,0,0.0074379464,0.0165825237,0,0.0093581056,0.0084451307,0,0,0,0,0.0227286727,0.0178627977,0.0071675513,0.0110198462,0.0093966717,0.0150503897,0.0154850073,0.0156237485,0.0168060244,0.0081632744,0.0121629384,0,0,0.0148791881,0.0358836316,0.0224757493,0.0139381763,0.0088421139,0,0,0,0,0,0,0,0,0,0.0067088898,0,0,0,0,0,0.0068212303,0,0.0069296658,0.0080637038,0.0080497426,0.0127224628,0.0091500623,0,0.0143697001
7705.5593753583,0,0,0,0,0,0,0,0,0,0,0,0,0,0,0,0,0,0,0,0,0,0,0,0,0,0,0,0,0,0,0,0,0.0091662237,0,0,0,0,0,0,0,0,0,0,0,0,0,0,0,0,0,0,0,0,0,0,0,0,0,0,0
7723.6303022162,0,0,0.0048770009,0,0,0,0,0,0,0,0,0,0,0,0,0,0,0,0,0,0,0,0,0,0,0,0,0,0,0,0,0,0.0080157571,0,0,0,0,0,0,0,0,0,0,0,0,0,0,0,0,0,0,0,0,0,0,0,0,0,0,0
7729.5901470114,0,0,0,0,0,0,0,0,0,0,0,0,0,0,0,0,0,0,0,0,0,0,0,0,0,0,0,0,0,0,0,0,0,0.0060789091,0,0,0,0,0,0,0,0,0,0,0,0,0,0,0,0,0,0,0,0,0,0,0,0,0,0
7829.5745648645,0,0.0034393601,0.0053988962,0,0,0,0,0,0,0,0,0,0,0,0,0,0,0,0,0,0,0,0,0,0,0,0,0,0,0,0,0,0,0,0,0,0,0,0,0,0,0,0,0,0,0,0,0,0,0,0,0,0,0,0,0,0,0,0,0
7870.5956626429,0,0.0037903689,0,0,0,0,0,0,0,0,0,0,0,0,0,0,0,0,0,0,0,0,0,0,0,0,0,0,0,0,0,0,0,0,0,0,0,0,0,0,0,0,0,0.0102758584,0,0,0,0,0,0,0,0,0,0,0,0,0,0,0,0
7876.4306503494,0,0,0,0,0,0,0,0,0,0,0,0,0,0,0,0,0,0,0,0.0089048991,0,0,0,0,0,0,0,0,0,0,0,0,0,0.0057068272,0,0,0,0,0,0,0,0,0,0,0,0,0,0,0,0,0,0,0,0,0,0,0,0,0,0
8325.0880817248,0,0.0034665667,0,0,0,0,0,0,0,0,0,0,0,0,0,0,0,0.0072472121,0,0,0,0,0,0,0,0,0,0,0,0,0,0,0,0,0,0,0,0,0,0,0,0,0,0,0,0,0,0,0,0,0,0,0,0,0,0,0,0,0,0
8331.0340992444,0,0,0,0,0,0,0,0,0,0,0,0,0,0,0,0,0,0,0,0,0,0.0064836831,0.0075347278,0,0,0.0053679774,0,0,0,0,0,0,0,0,0,0,0,0,0,0,0,0,0,0,0,0,0,0,0,0,0,0,0,0,0,0,0,0,0,0
8980.9010958347,0,0.0046880323,0,0,0,0,0,0,0.0060257799,0,0.0061313184,0,0,0.0060369484,0,0.0119690316,0,0,0.0059648707,0,0,0.0077166152,0,0,0,0,0,0,0,0,0,0,0,0,0,0,0,0,0,0.0069603481,0,0,0,0,0,0,0,0,0,0,0,0,0,0,0,0,0,0,0,0
8988.9864609857,0,0,0,0,0,0,0,0,0,0,0,0,0,0,0,0,0,0,0,0,0,0,0,0,0,0.0064206541,0,0,0,0,0,0.0074811631,0,0,0,0.0060248161,0,0,0,0,0,0,0,0,0,0,0,0,0,0,0,0,0,0,0,0,0,0,0,0
9058.5213744115,0,0.0085718118,0,0,0.0160603705,0.0119245706,0,0,0.0158377629,0,0,0.0145607891,0,0,0.0098164305,0.0098134554,0.0151743621,0.0186137624,0,0,0,0,0,0,0,0,0,0,0,0,0,0,0,0,0,0,0,0,0.0111578969,0.0128670252,0.0112898205,0,0,0,0,0,0.0071398894,0,0,0.0124858075,0,0,0.01086625,0,0,0,0,0,0,0
9064.5321936674,0.010308554,0,0.0110084942,0.0106186953,0,0,0.011139558,0.0133656113,0,0.009812978,0.0139473256,0,0.0128496388,0.0104121124,0,0,0,0,0.0140091518,0.015057892,0.0126664742,0.0145022737,0.0164523031,0.0143255412,0.0127370332,0.0148226067,0.0129492448,0.0105969059,0.0106872326,0.0076055659,0.0088368201,0.0147186228,0.0093790453,0.0141769903,0.0115662053,0.0092609236,0.0102231662,0.0066346063,0,0,0,0.0074503811,0.0210954292,0.0101033896,0,0.0074464441,0,0.0062292109,0.0108987877,0,0.0076799719,0.0065129327,0,0.0086597372,0.0107681535,0.0122524057,0.0150662215,0.0107833797,0,0.0131400849
9234.0255368629,0,0.0040126818,0,0,0,0,0,0,0.0057130353,0,0,0,0,0,0,0,0.006518579,0.0075356225,0.006198371,0,0,0,0,0,0,0,0,0,0,0,0,0,0,0,0,0,0,0,0,0.0059154585,0,0,0,0,0,0,0,0,0,0,0,0,0,0,0,0,0,0,0,0
9242.1895728727,0,0,0,0,0,0,0,0,0,0,0,0,0,0,0,0,0,0,0,0,0,0,0,0,0,0.0060022718,0,0,0,0,0,0,0,0,0,0,0,0,0,0,0,0,0,0,0,0,0,0,0,0,0,0,0,0,0,0,0,0,0,0
9535.8578269909,0,0.0039210538,0,0,0,0,0,0,0,0,0,0,0,0.0058335705,0,0,0,0,0,0,0,0,0,0,0,0,0,0,0,0,0,0,0,0,0,0,0,0,0,0,0,0,0.0105193037,0,0,0,0,0,0,0,0,0,0,0,0,0,0,0,0,0
9549.8250447412,0,0.0109535226,0,0,0.0121782425,0.0130266645,0,0,0.0099836623,0,0,0.0133056419,0,0,0.0103680778,0.0138280239,0,0.0131976997,0,0,0,0,0,0,0,0,0,0,0,0,0,0,0,0,0,0,0,0,0.0133834703,0.016789425,0,0,0.0183447137,0,0,0,0.0104285739,0,0,0.0122509883,0,0,0.0138667976,0,0,0,0,0,0,0
9555.9973179476,0.0111875447,0,0.0072147522,0.0098246851,0,0,0.0107060314,0.0151055728,0,0.0176435004,0.0112900401,0,0.0143793592,0.0147547997,0,0,0.013834705,0,0.0129852499,0.0146997974,0.0185444892,0.0170496437,0.0161815158,0.0139527686,0.0136266023,0.0174532278,0.0116208137,0,0.0132946544,0,0,0.0139427254,0.0149553067,0.0124490922,0.0117451483,0.0161794342,0.0167189523,0.0162878972,0,0,0.0088954241,0.0112906375,0,0.0145068985,0.0080252456,0.0084952759,0,0.0091013601,0.0115652964,0,0.0105551436,0.0145516434,0,0.0100037509,0.0099291198,0.0151065036,0.0145101518,0.0180637719,0,0.0147562976
9585.285705058,0,0,0,0,0,0,0,0,0,0,0,0,0,0,0,0,0,0,0,0,0,0,0,0,0,0,0,0.0094534305,0,0.0090640134,0.0112369283,0,0,0,0,0,0,0,0,0,0,0,0,0,0,0,0,0,0,0,0,0,0,0,0,0,0,0,0,0
9738.402279737,0,0,0,0,0,0,0,0,0,0,0,0,0,0,0,0,0,0,0,0,0,0,0,0,0,0,0,0,0,0,0,0,0,0,0,0,0,0,0,0,0,0,0.0221191012,0,0,0,0,0,0,0,0,0,0,0,0,0,0,0,0,0
10069.4550690171,0,0,0,0,0,0,0,0,0,0,0,0,0,0,0,0.0213862802,0,0.0078494856,0,0,0,0,0,0,0,0,0,0,0,0,0,0,0,0,0,0,0,0,0,0.0083498106,0,0,0,0,0,0,0,0,0,0,0,0,0,0,0,0,0,0,0,0
10075.2750108182,0,0,0,0,0.008419824,0,0,0.0138163733,0.0055002278,0,0,0,0,0,0,0,0.0067269692,0,0.0061127524,0.0110076574,0,0,0,0,0,0,0,0,0,0,0,0.0099799833,0.0184686184,0,0.0142442357,0,0,0,0,0,0,0,0,0,0,0,0,0,0,0,0,0,0,0,0,0,0,0,0,0
10088.4278069555,0,0,0,0,0,0,0,0,0,0,0,0,0,0,0,0,0,0,0,0,0,0,0,0,0,0,0,0,0,0,0,0,0.0152819075,0,0,0,0,0,0,0,0,0,0,0,0,0,0,0,0,0,0,0,0,0,0,0,0,0,0,0
10103.289276497,0,0,0,0,0,0,0,0,0,0,0,0,0,0,0,0,0,0,0,0.0183144733,0,0,0,0,0,0,0,0,0,0,0,0,0,0,0,0,0,0,0,0,0,0,0,0,0,0,0,0,0,0,0,0,0,0,0,0,0,0,0,0
10490.0082051959,0,0.0044157919,0,0,0,0,0,0,0.006129249,0,0,0,0,0,0,0.0089715815,0,0,0,0,0,0,0,0,0,0,0,0,0,0,0,0,0,0,0,0,0,0,0,0.006032341,0,0,0,0,0,0,0,0,0,0,0,0,0,0,0,0,0,0,0,0
10496.3626245848,0,0,0,0,0,0,0,0,0,0,0.006015841,0,0,0,0,0,0,0,0,0,0,0.0064695137,0,0,0,0.0062420129,0,0,0,0,0,0.0075393563,0,0.0053020965,0,0,0,0,0,0,0,0,0,0,0,0,0,0,0,0,0,0,0,0,0,0,0,0,0,0
