"Mass","P1aDD_1","P1aDD_2","P1aDD_3","P1aDD_4","P1aDD_5","P1aDD_6","P1aDD_7","P1bDD_1","P1bDD_2","P1bDD_3","P1bDD_4","P1bDD_5","P1bDD_6","P1bDD_7","P1bDD_8","P21aDD_1","P21aDD_2","P21aDD_3","P21aDD_4","P21aDD_5","P21aDD_6","P21aDD_7","P21aDD_8","P21bDD_1","P21bDD_2","P21bDD_3","P21bDD_4","P21bDD_5","P21bDD_6","P21bDD_7","P21bDD_8"
1999.99,0,0,0,0,0,0,0,0,0,0,0,0,1.26,0,0,0,0,0,0,0,0,0,9.22,0,0,0,0,0,0,0,3.41
2002.51,0.73,2.8,0,6.55,0,4.94,4.03,0,2.41,0,0,1.36,1.18,2.29,7.58,0.73,2.29,0,0,2.55,0,0,0,0,0,9.04,0,0,23.99,5.87,0
2005.52,1.38,0.86,0,0,0,26.26,0,0,5.17,3.22,2.03,9.74,16.69,0,0,4.23,0,1.18,9.28,3.12,4.06,4.38,10.07,3.16,6.39,0,4.62,2.42,0,0,5.6
2008.05,0,8.15,9.87,0,46.25,0,18.46,16.15,0,9.89,2.73,0,0,18.31,13.4,6.59,5.33,3.94,0,11.43,1.72,7.38,0,0,0,6.23,1.55,3.54,0,5.65,0
2011.06,2.26,0,0,0,0,0,0,0,0,0,0,2.36,0,0,0,1.07,1,0,0,0,1.99,0,2.34,3,0,0,3.28,0,0,0,0
2013.58,0,0,1.08,5.15,0,5.67,0.75,3.8,0,2.38,8.96,0,2.72,2.92,0,3.14,1.4,1.7,0,3.16,0,0,0,2.18,2.65,2.71,0,0,5.65,9.07,1.63
2016.2,0.87,1.63,0,0,3.35,0,0,0,2.91,0,0,3.07,7.5,0.94,0,0,5.13,2.15,0,0,0,1.95,1.92,6.99,0,0,0,1.39,3.3,0.59,0.91
2018.84,2.57,0,10.77,0,0,0,3.53,0,4.16,0,6.68,0,0,0,0,2.66,6.65,0,8.43,4.71,6.44,3.69,18.78,10.58,0,0,4.3,14.59,0,0,11.09
2021.49,0,29.37,0,6.43,57.65,36.85,17.07,35.7,0,42.17,0,27.82,31.7,25.31,0,6.73,0,5.92,4.23,0,6.62,8.7,0,0,13.38,19.9,0,0,10.68,17.11,0
2024.06,5.11,0,0,0,0,0,0,0,2.22,0,6.35,0,0,0,48.57,0,1.7,0,0,0,0,0,0,0,0,0,8.84,0,0,0,0
2027.66,0.82,0,0,2.05,0,0,0,0,0,0,0,0,0,0,0,0,0,0,0,0,0,0,0,0,0,0,0,0,0,0,0
2030.79,0,0,0,2.3,0,8.11,0,0,0,0,0,0,0,0,0,0,0,0,0,0.84,0,0,0,0,0,0,0,0,4.69,0,0
2033.57,0.51,7.54,2.81,0,0,0,5.03,0.64,1.61,0,0,0,0,0,3.23,1.19,0,0,0,2.13,1.92,0,0,1.17,2.58,2,0,0,0,0,3.52
2036.56,0,0,0,0,5.93,0,0,0,0,0,0,7.97,0,1.2,0,0,3.64,0,0,0,3.3,0,0,4.49,1.26,0,1.05,0,0,0,0
2039.42,0,0,0,0,3.95,2.52,0,0,0,0.59,0,0.68,0,0,0,0,0,0,0,0,0,0,0,0,0,0,0,2.26,0,2.92,0
2042.07,0,0,0,0,0,0,0.83,0,0,0,0,0,0,0,0,0,0,0,0,0,0,0,0,0,0,0,0,0,0,0,0
2044.87,0,1.83,0,1.51,0,0,0,0,0,0,0,0,0,0,0,0,0,0,0,0,0.73,0,0,0,0,0,0,2.82,0,0,0
2050.26,1.01,0,0,0,0,0,0,0,0,0,0,0,0,0,0,0,0,0,0,0,0,0,0,0,0,0,0,0,0,0,0
2053.33,0,0,0,0,0,0,0,0,0,0,0,0,1.46,0,0,1.01,0,0,0,0,0,0,0,0,0,0.63,0,0,0,0,0
2055.99,0,0,0,0.93,0,0,0,0,2.38,0,0,0.3,0,0,0,0,0,0,0,0,0,0,0,0,0,0,0,0,0,0,0
2059.62,0,0,0,0,0,0,1.35,0,0.81,0,0,0,0,0,0,0,0,0,0,0,0,0,0,0,0,0,0,0,0,0,0
2062.69,0.85,0,0,0,0,1.5,2.62,5.69,0,0,0,3.32,0,1.28,0,0,0,0,1.01,0,0,0,0,1.19,0,0,0,0,0,0,0
2065.85,0,2.6,0,0,6.14,0,0,0,0,0,0,0,0,0,2.81,0,0,0,0,1.44,0,0.37,0,5.46,2.44,1.21,0,0,0,0,0
2068.79,0,0,0,0,0,0,0,0,0,0,0,0,0,0,0,1.81,0,0,0,0,1.93,0,2.36,0,0,0,2.22,0,1.05,0,0.71
2071.73,0,0,0,0,0,0,0,0,0,0,0,0,0,0,0,1.17,0,0,0,0,0,0,0,0,0,0,0,0.8,0,0,0
2075.64,0,0,0,0,0,0,0,0,0,0,0,0,0,0,0,0,0,28,0,0,0,0,0,0,0,0,1.58,0,23.05,0,8.71
2078.26,0.93,5.73,6.18,0,0,9.41,6.98,11.62,6.65,17.53,5.16,15.77,4.95,0,0,38.68,28.71,0,25.18,30.47,33.84,11.03,41.32,38.6,30.31,30.67,13.39,21.64,0,23.58,2.84
2082.18,0,3.14,0,1.91,21.49,0,1.96,0,0,0,0,0,0,29.56,25.87,0,0,0,0,0,0,0,0,0,0,0,0,1.28,0,0,0
2084.8,4.78,5.62,13.58,0,28.88,63.19,0,13.35,5.11,15.23,19.95,22.21,6.56,10.1,12.06,38.23,36.42,43.82,37.05,44.68,36.5,16.83,21.68,25.11,30.72,58.25,20.63,28.98,35.12,41.88,44.45
2087.83,0,3.28,0,5.19,0,0,11.53,1.79,0,0,0,0,0,0,0,0,0,0,0,0,0,3.16,4.44,0,0,0,0,0,0,0,0
2090.58,4.15,1.52,2.37,2.69,0,5.81,0,2.66,0,0,8.07,0,0,0,0,0,0,33.04,3.45,0,0,2.63,0,1.06,3.81,0,0,0,14.93,0,0
2093.2,0,0,4.49,2.06,1.54,0,20.68,0,0,8.52,0,0,4.07,12.53,8.08,8.5,6.35,0,5.86,12.11,3.11,5.94,7.38,6.96,0,10.76,3.47,5.54,0,0,14.75
2096.07,0,16.83,0,0,1.25,0,0,4.82,12.59,0,0,3.49,0,0,7.93,0.6,2.44,0,0,0,0,0,0,0,7.26,0,0,0,3.5,1.59,0
2098.69,0,0,4.43,1.93,3.56,34.75,6.46,6.1,0,4.65,17,3.55,28.51,0,0,0.97,7.74,0,0,0,0,0,0,3.64,0,0,6.04,0,0,7.1,0
2101.46,3.4,4.11,0,0,0,0,0,0,0,1.45,0,2.7,0,5.81,0,1.16,0,5.51,5.98,0,0,3.62,0,1,0,3.32,0,2.97,0,0,0
2104.11,0,2.79,0,1.72,0,0,0,0,0,0,0,0,0,0,0,3.54,4.42,0,4.84,6.44,2.62,6.22,0,0,0,6.89,0,0,6.11,1.86,4.06
2106.78,0.76,0,0,2.39,0,7.49,1.76,4.89,3.53,2.91,1.93,0,5.31,6.51,4.16,0,4.87,7.84,2.14,8.22,1.39,0,27.26,10.25,13.9,0,13.93,13.92,0,3.22,4.26
2109.4,0,2.78,0.74,2.75,1.78,2.7,0,0.87,0,0,0,2.42,0,0,0,7.03,0,0,0,0,3.15,6.2,0,0,0,0,0,0,7.6,3.19,3.17
2116.85,0,0,0,4.31,0,0,0,0,0,0,0,0,0,0,0,0,0,0,0,0,0,0,0,0,0,0,0,0,0,0,0
2119.97,0.86,0,2.06,0,0,3.28,3.42,0,0,0,0,1.27,0,0,0,38.95,44.28,36.85,31.91,34.38,46.92,0,68.91,38.32,0,39.19,24.06,31.55,6.57,44.89,35.57
2123.47,0,0,0,0,1.5,0,0,0,0,0,0,0,3.77,0,0,0,0,0,0,0,0,50.25,0,0,34.23,0,0,0,6.89,0,0
2126.87,0,0,0,0,0.71,0,0,0,0,0,0,0,0,1.53,0,0,0,0,0,0,0,0.73,0,0,0,0,0,0,0,0,0
2130.46,4.28,0,3.46,0,0,25.77,0,0,11.89,0,0,0,0,0,0,0,37.01,0,0,0,0,0,0,0,0,0,0,0,5.31,0,0
2133.27,0,26.99,3.96,0,32.91,4.16,31.39,12.16,0,74.99,24.05,22,30.44,27.77,89.27,13.69,0,45.54,30.78,43.53,45.48,57.79,10.41,41.57,30.73,34.79,21.29,32.23,6.96,7.63,41.58
2136.73,0,1.98,2.17,0,1.77,8.64,7.08,6.4,0,0,0,0,6.16,0,0,3.33,0,0,0,0,0,0,0,0,0,0,0,0,0,4.18,0
2140.07,2.13,2.01,0,0,8.22,0,0,0,5.33,0,0,11.29,0,1.69,0,0,0,0,0,0,0,0,0,0,0,0,0,0,0,0,0
2142.79,0,0,0.76,15.4,0,0,0,0,0,0,0,0,0,0,0,0,0,0,0,0,0,0,0,0,0,0,0,0,0,0,0
2145.72,0,2.28,0.83,0,1.16,8.96,6.27,0,0,1.07,0,0,3.19,6.66,0,0,0,0,0,0,0,0,0,0,0,0,0,0,2.21,0,0
2148.45,0,1.41,0,0,2.56,0,0,0,0,0,0,1.31,0,0,0,1.99,0,3.7,0,0,0,0,0,0,0,0,0,0,0,0,0
2152.36,1.64,0,2.68,0,1.44,1.25,0.88,0,0,0,2.88,7.09,0,5.5,4.15,0,0,0,0,0,0,2.69,0,0,0,0,0,0,0,0,0
2155.45,0,4.53,1.09,1.95,5.66,0,6.08,4.06,0,6.31,0,0,3.31,0,0,0,4.67,0,0,0,4.35,1.83,4.75,1.45,2.42,0,0,1.31,0,1.31,4.63
2158.18,0,0,0,0,0,0,0,0,0,0,8.18,0,0,0,0,0,0,0,0,0.83,2.56,0,2.85,3.15,0,2.95,0.56,1.41,0.49,0,0
2161.04,1.12,0,0,0,5.7,0,0.27,0,0,0,0,0,0,0,3.49,4.51,0,0,0,0,0,1.91,0,0,2.65,2.34,0,0,0,0,0
2163.71,0,3.4,2.24,4.17,0,6.26,0,0,0,1.15,0,0,7,3.41,0,2.99,14.72,17.01,7.26,8.19,18.56,0.9,0,0,2.03,0,3.63,14.89,9.86,0,0
2166.51,0,0,0,0,2.45,0,2.17,6.72,0,6.76,5.59,2.17,0,0,0,0.89,0,0,0,0,0,0,20.29,10.69,3.02,6.63,0,0,0,13.72,6.75
2169.31,0.87,0.99,0,0,0,0,3.3,0,1.14,0,0,1.6,0,0,0,0,0,0,0,0,0,0,0,0,0,0,0,0,0,0,0
2172.12,0,0,10.17,0,0,30.12,0,2.45,4.72,15.12,3.72,5.31,4.69,10.25,0,67.48,37.17,36.22,48.88,38.72,47.44,5.56,7.76,29.89,26.61,60.61,18.44,58.48,37.23,29.57,55.16
2174.86,1.85,5.14,0,8.94,20.01,0,8.02,4.87,0,0,0,2.88,6.3,0,20.95,0,0,0,0,0,0,11.96,0,0,0,0,0,0,0,0,0
2177.6,0,0,0.32,0,0,0,0,0,2.55,0,9.48,0,0,0,5.85,0,15.66,10.34,7.6,9.55,0,0,0,7.88,0,0,0,0,13.95,3.64,0
2180.63,2.14,2.8,0,0,3.75,0,2.29,2.17,0,0,0,0,2.29,2.53,0,0,0,0,2.62,0,7.08,0,9.4,0,8.79,0,4.81,0,0,3.38,0
2183.72,0,0,0.78,0,0,4.97,0,1.33,0,0,0,0,5.34,0,0,0,0,0,0,0,0,0,0,0,0,2.41,0,0,0,0,0
2186.9,0,0,0,0,0,0.4,0,0,0,0,0,0,0,0,0,3.2,0,0,2.41,3.87,2.87,0,0,0,0,0.94,0,0,1.86,0,0
2189.99,0,0,0,2.29,2.19,0,0,0,0,0,0,2.71,1.07,0,0,0,4.14,0,5.7,0,0,0,0,0,0,3.95,0,1.1,0.41,0,0
2193.02,0,0,0.87,1.96,0,7.82,0.72,3.14,1,5.41,5.69,1.04,0,3.85,4,0,0,3.11,0,0,0,4.96,8.21,0.7,1.83,0,0,0,0,1.38,2.12
2196.49,0,6.44,0,0.81,7.9,0,0,0,0,0,0,0,0,0,0,0,0,0,0,0,0,0,0,1.8,0,0,0,0,0,0,0
2199.81,1.72,0,0.51,0,0,0,1.51,0,0,0,0,0.39,0,0,0,0,0,0,39.43,0,0,0,0,0,0,38.31,0,0,0,0,0
2202.64,0,0,0,1.07,0,0,0,0,0,0,0,0,0,0,0,36.1,27.54,44.85,0,36.07,27.97,32.92,26.13,31.74,21.99,0,10.23,23.45,23.66,0,22.88
2205.53,0,0,0,0,0,0,0,0,0,0,0,0,1.39,0,0,0,0.37,0,0,0,0,0,0,0,0,0,0,0,0,31.86,0
2208.78,2.47,0,0,0,4.52,0,0,0,0,0,0,0,0,3.55,0,0,0,0,0,0,0,8.12,0,0,0,0,0,0,0,0,0
2211.61,0,0.53,0,1.59,3.17,0,2.27,1.17,0,3.91,0.73,0,0,0,0,0,2.99,0,0,0,0,0,2.5,0,0,0,0,0,0,0,1.28
2215.1,0,0,0.86,0,0,5.7,1.54,0,2.2,0,0,0,10.28,2.82,0,0,32.97,0,40.74,0,0,0,0,0,0,0,0,0,0,0,0
2217.87,0.31,0,5.55,0,9.52,0,2.3,3.97,3.6,10.88,0,9.26,0,3.09,0,37.81,0,40.64,0,31.9,44.53,53.56,30.25,38.48,24.62,31.91,19.62,25.34,24.61,12.57,31.86
2220.71,3.12,2.95,0,0,0,3.92,2.52,4.97,1.84,1.48,0,0,0.78,0,12.6,0,0,0,0,0,0,0,0,0,0,0,0,0,1.87,2.59,0
2223.67,0,0,0,0,5.94,0,0,2.62,0,0,0,0,0,1.17,0,0,0,0,0,0,0,0,0,0,0,0,0,0,0,0,1.93
2226.8,0,0,1.93,0.57,0,2.43,0,0,0,0,0,1.05,0,0,0,0,0,0,4.13,1.76,0,4.26,0,0,0,0,0,1.89,2.3,0,0
2229.67,0,6.25,0,0,0,10.51,9.62,0,0,0,0,1.59,4.54,1.17,0,4.14,1.63,27.17,0,0,0,0,5.85,0,5.12,14.08,0,0,9.12,0,4.17
2232.66,0,0.82,2.56,0,15.87,0,0,9.6,3.16,9.76,5.91,2.73,6.34,10.18,11.36,10.87,4.35,0,8.55,7.54,26.95,8.89,5.06,5.19,4.42,0,12.57,9.17,0,20.52,3.99
2235.9,1.11,0,0,3.23,0,0,0,0,0,0,7.66,0,0,0,0,0,0,0,0,0,0,0,0,0,0,0,0,0,0,0,0
2238.64,0,0,0,0,0,10.44,0,0,0,4.21,0,0,0,0,0,0,0,0,0,0,0,0,0,0.62,0,0,0,0,0,0,0
2242.03,0,3.89,0,0,4.17,0,3.31,0,0,0,0,2.84,9.93,0,5.43,0,0,0,0,0,0,0,0,0,0,0,0,0,0,0,0
2244.81,1.49,0,0,1.49,0,0,0,0,0,0,0,0,0,2.1,0,0,0,0,0,0,0,0,0,0,0,0,0,0,0,0,0
2247.63,0,0,0,0,0,0,0,0,0,0,0,0,0,0,0,0,0,0,0,0,2.76,1.72,1.38,0,0,0,0,0,0,0,0
2251.17,0,0,0,0,0,0,0,1.05,0,0,0,0,1.21,0,0,0,0,0,0,0,0,0,0,0,0,0,0,0,0.7,0,0
2254.14,0,0,0,0,0,2,0,0,0,3.2,0,2.45,0,0,3.1,0,0,0,0,0,0,0,0,3.55,0,0,0.78,0,0,0,0
2257.07,1.74,3.7,0,1.91,3.93,0,0,0,0,0,0,0,0,0,0,0,1.85,0,0,0,0,0,0,0,0,3.32,0,0,0,0,0
2259.94,0,0,0,0,0,0,0,0,0,0,0,0,0,0,0,2.76,0,0,2.09,0,3.98,1.18,0,1.36,0,0,0.54,0,0,0,1.63
2263.23,0.35,0,0,0,0,0,0,0,0,0,3.34,0,0,0,0,0,0,26.48,0,0,0,0,24.8,23.47,0,2.69,0,0,0,0,0
2266.05,0,4.57,8.44,1.45,23.46,16.92,14.95,10.81,4,14.45,3.02,4.77,17.35,18.91,9.77,4.81,19.15,0,20.53,12.29,21.33,27.4,0,0,20.07,11.88,10.97,19.2,22.74,82.36,6.96
2269.21,0,7.09,0,1.61,0,0,0,0,0,0,5.04,2.61,0,0,0,4.81,8.49,2.93,0,0,0,0,0,0,4.96,2.03,0,0,0,0,1.66
2272.27,0,0,0,0,0,9.5,2.26,5.12,0,2.15,0,0,0,0,0,0,0,1.7,6.11,4.34,4.03,8.31,2.04,0,0,0,0,0,3.52,0,0
2275.22,3.77,1.86,0,0,4.14,0,0,0,0,0,0,1.5,0,0,0,0,0,0,0,0,0,0,0,0,2.15,0,0,0,0,0,2.12
2278.11,7.95,0,12.73,0,0,53.45,0,4.47,2.93,0,0,26.36,71.46,2.86,3.16,0,21.33,30.8,0,2.58,18.51,0,0,0,10.07,30.14,6.4,0,0,0,19
2280.9,0,25.5,0,0,45.45,0,28.89,8.66,3.95,32.22,38.25,0,0,8.91,33.48,26.66,0,0,22.95,3.73,0,41.92,23.9,23.11,0,0,2.21,23.55,24.18,0,0
2283.87,0,0,3.24,16.96,0,0,0,0,0,0,0,0,0,0,0,2.47,0,0,0,0,0,0,0,0,0,0,0.75,0,0,0,0
2287.04,0,0.58,2.03,0,0,0,3.82,0,0,0,0,0,0,0,0,0,0,0,0,0,0,0,7.01,0,0,4.54,2.27,0,1.16,0,0
2290.71,0,0,0,0,0,7.48,0,0,0,0,2.6,0,0,0,5.09,0,0,3.3,3.81,0,0,0,0,0,1.81,0,0,0,0,0,0
2293.51,0,2.61,1.16,0,6.31,0,0,2.4,0,0,2.24,0,4.79,0,3.12,0,5.93,0,2.41,2.83,0,3.68,0,2.73,0,4.83,0.85,0,0,0,2.78
2296.7,1.27,4.57,0,0,0,0,1.87,0,0,0,0,0,1.16,2.89,0,0,0,0,0,0,0,0,0,0,0,0,0,0,1.6,0,0
2300.37,0,0,0,0.93,0,0.91,0,0,0,0,0,0,0,0,0,0,0,1.23,0,0,0.61,1.22,1.3,0,0,0,0,0,0,0,0
2303.2,0,0,0,0,0,0,0,0,0.72,0,0,0,0,0,0,0,10.12,0,1.15,0,0,0,6.72,9.09,6.49,7.39,3.55,1.36,3.95,0,1.72
2306.81,0,0,0,0,0,0,6.08,0,0,0,0,0,0,0,0,0,0,2.79,0,0,1.88,0,0,0,0,2.43,0,0,0,9.02,0
2309.85,0,3.05,0,0,0,2.97,0,0,3,10.61,0,0,1.74,0,0,0,0,0,0,0,0,0,0,0,0,0,2,0,1.97,0,0
2312.67,0,14.14,2.52,0,0,6.73,11.06,0,0,0,1.7,17.16,2.72,7.96,4.92,0,2.29,0,0,0,0,0,0,4.12,2.66,0,0,0,0,0,3.12
2315.57,2.1,0,0,0,9.56,0,0,16.77,0,0,5.75,0,1.86,0,0,3.99,2.25,6.14,6.07,15.33,3.99,0,0,0,0,3.6,5.56,0,4.6,13.33,0
2318.47,0,0,0,0,5.04,0,3.76,0,0,2.21,0,0,0,1.4,0,0,2.1,5.35,0,0,3.84,5.4,9.14,5.21,3.49,0,0,0,0,0,1.95
2321.38,0,0,3.02,0,0,4.67,0,0.75,0,0,2.83,0.69,4.79,0,0,6.8,0,0,13.66,0,1.96,17.89,0,0,3.4,21.88,4.16,9.73,0,3.34,0
2324.28,0,0,0,1.13,0,6.67,0,0,14.53,29.57,0,24.28,0,0,0,0,11.49,6.25,0,0,10.09,0,23.75,1.53,0,0,0,0,18.43,14.84,25.73
2327.11,0.93,13.67,3.24,1.03,32.44,0,10.85,8.6,0,0,5.28,0,4.47,23.47,22.99,4.41,0,0,6.52,5.73,0,0,0,4.88,3.32,0,2.81,15.33,0,0,0
2330.96,1.25,0,0,1.79,0,0,0,3.27,0,0,4.5,0,8.51,0,4.46,0,0,0,0,0,0,0,0,0,1.23,0,0,0,0,0,0
2334.45,0,0,0,0,8.06,4.25,0,2.78,0,0,0,0,0,0,0,0,0,0,0,1.04,0,0,0,2.31,1.29,0,2.49,0,0,1.17,1.24
2337.45,0,1.88,0,0,0,0,0,0,2.08,0,1.02,5.28,2.46,0,0,0,2.86,0,1.45,0,1.98,0,0,0,0,3.47,0,1.53,2.74,0,0
2340.58,1.85,0,0.79,0,0,0,0.33,5.94,0,0,5.29,0,0,1.99,2.07,0,0,0,0,0,0,3.24,0,0,0,0,0,0,0,0,3.16
2345.17,0,0.54,0,0,0,0,0,0,0,0,0,0,0,0,0,0,0,0,0,0,0,0,0,0,0,0,0,0,0,0,0
2348.02,0,0,0.27,0,0,3.09,0,0,0,0,0,0,0,0,0,0,12.45,1.86,0,2.65,0,9.32,0,0,3.29,0.99,1.77,0,3.34,0,0
2351.09,0,2.69,0,0,0,0,2.28,0.73,0,0,0,2.26,4.06,3.74,0,2.13,0,3.24,0,0,4.42,0,1.64,6.85,0,2.66,3.29,9.96,4.26,6.61,5.67
2355.76,1.18,0,1.29,0,1.29,2.28,0,0,0,0,0.27,0,0,0,0,0.69,0,0,0,0,0,0,0,0,0,0,0,0,0,0,0
2359.2,0,0,0,0.76,0,3.63,1.18,3.59,2.91,0,0,0,6.89,0,0,0,4.1,2.76,2.71,0,0,2.31,0,3.7,2.43,6.91,1.91,0,3.65,8.28,0
2362.91,0,2.84,5.08,0,0,0,0,0,3.88,0,3.49,0,2.21,0,2.82,6.78,0,0,1.23,1.64,0,0,0,0,0,0,0,1.98,0,0,0
2365.98,2.32,5.48,0,0,0,11.89,18.21,10.82,0,29.85,0,16.49,2.92,15.05,10.23,18.46,43.42,37.14,18.16,30.06,66.3,37.51,60.67,35.58,4.53,30.89,28,19.15,25.6,0,5.82
2369.39,0,6.5,0,1.46,24.79,0,0,0,0,0,3.34,0,0,0,0,0,0,0,0,0,0,0,0,0,0,0,0,0,0,25.34,0
2372.8,1.52,0,0,0,0,0,0,0,0,0,0,0,0,0,0,0,0,0,1.58,0,0,2.57,0,0,0,0,0,0,0,2.22,0
2375.88,0,0,1.02,1.02,0,0,0,0,0,0,0,0,0,0,0,0,1.83,0,1.29,0,0,0.71,0,0,2.54,0,0,1.32,0,8.29,0
2378.85,0.53,0,0,0,0,3.89,0,0,2.97,0,3.13,0,3.65,0,0,0,2.78,1.55,3.01,5.33,7.69,0,0,0,0,2.07,0,1.62,9.56,0,2.31
2382.02,0,7.45,0,0,16.98,0,11.11,0,0,9.43,2.73,5.23,4.2,6.64,3.97,2.28,0,0,0,0,0,7.17,7.58,0.36,5.35,1.71,4.2,0,0,0,0
2386.43,0,0,0,0.77,0,0,0,0,0,0,0,0,0,0,0,0,0,0,0,0,0,0,0,0,0,0,0,0,0,0,0
2390.7,0,0,0,0.3,0,0,0,0,0,0,0,0,0,0,0,0,1.07,0,1.62,0,0,0,0,0,0,2.8,0,0,0,0,0
2393.82,0,0,0,0,0,0,1.05,0,0,0,0,0,0,0,0,0,0,5.24,0,0,0,0,1.77,0,2.94,0,0.83,3.15,0,0,0.29
2401.54,1.02,0,0,0,0,0,0,0,0,2.44,0,0,0,0,0,0,0,0,0,0,0,0,0,0,0,0,0,0,0,0,0
2406.34,13.3,0,60.8,0,0,233.51,0,0,63.67,0,0,0,250.99,0,0,0,108.09,109.93,106.94,104.45,117.24,0,157.17,0,69.84,83.32,0,75.41,75.43,0,0
2409.52,2.9,178.69,0,12.06,264.4,0,148.75,233.68,0,222.91,149.26,150.68,0,142.07,299.02,120.24,0,0,0,0,0,139.69,0,84.57,0,0,56.4,0,0,97.33,74.22
2415.22,0,0,0,0,0,0,0,0,0,0,0,0,0,0,0,0,13.73,12.81,13.41,0,0,11.68,0,14.54,0,16.12,0,0,0,0,0
2418.2,0,0,2.26,17.66,0,0,0,0,0,0,0,0,0,0,0,0,10.04,0,14.06,59.35,13.26,0,9.63,0,28.06,0,19.41,23.21,15.64,15.5,34.74
2421.16,0,8.12,4.62,0,0,50.89,21.27,0,7.78,30.97,0,15.52,18.16,24.6,26.39,42.26,0,18.93,0,0,2.8,22.19,10.02,6.09,0,5.84,0,2.79,12.67,6.66,0
2424.55,0,5.82,0,0,28.73,0,0,10.11,0,0,14.86,0,0,0,0,0,0,0,0,0,0,0,0,0,0,0,0,0,0,0,0
2428.41,0,0,0,0.65,0,0,0,0,0,0,0.88,0,0,0,0,0,0,0,0,0,0,0,4.77,0,0,0,0,0,0,1.62,0
2432.42,0,0,105.1,1,0,398.39,0,0,0,0,0,0,0,0,0,0,0,0,0,0,0,0,0,0,0,0,0,0,0,0,0
2435.48,42.23,253.75,0,15.83,402.04,0,202.05,421.62,129.59,418.56,276.73,287.68,461.52,281.03,537.7,253.4,221.43,251.17,236.38,229.82,242.49,345.89,276.39,201.59,155.64,226.91,121.24,168.47,175.46,232.05,178.09
2445.22,0,0,0,38.92,0,0,0,0,0,0,0,1.37,0,0,0,0,0,0,0,0,0,0,0,0,0,0,0,0,0,0,0
2448.2,1.91,0,6.73,0,0,46.43,0,0,0,0,4.93,0,17.22,0,0,0,3.14,0,0,0,0,0,0,0,0,0,0,3.07,0,0,0
2451.18,4.69,34.19,0,0,0,0,24.45,15.14,8.68,30.2,3.71,26.35,2.79,24.53,33.68,0,3.16,31.26,29.18,20.66,55.29,16.93,34.11,0,2.69,13.47,0,1.7,13.04,9.33,5.18
2454.24,0,0,6.47,0,54.91,0,0,0,2.96,0,0,0,0,0,0,22.61,0,0,0,0,0,18.91,0,19.64,2.05,0,8.74,0,0,2.48,0
2457.22,0,5.01,0,0,0,34.46,4.33,6.08,0,7.8,6.28,1.89,6.04,0,10.23,8.69,14.67,25.46,14.33,9.56,0,0,10.26,4.12,9.59,26.38,5.63,21.36,12.42,12.58,13.31
2460.96,0,0,0,0,3.66,0,0,0,0,0,0,0,0,5.67,0,0,3.56,0,0,0,0,0,0,0,0,0,0,0,0,0,0
2464.24,0,0,9.17,5.05,0,47.12,29.44,14.88,4.85,0,0,10.87,22.91,0,0,0.5,0,0,1.14,0,0,0,0,0,2.24,0,0,0,4.35,0,0
2467.62,0.92,29.02,0,2.43,41.9,0,0,0,0,15.25,8.33,0,0,13.37,23.53,0,0,0,0,0,2.34,0,0,0,0,0,0,1.98,0,0,0.98
2472.17,0,0,0,0,0,0,0,0,0,0.22,0,0,0,0,0,0,26.65,32.45,33.06,25.66,24.56,0,0,28.12,8.12,5.2,0,12.93,23.82,12.85,11.91
2476.68,0,0,0,3.45,0,0,0,0,0,0,0,0,0,0,0,24.42,0,0,0,0,0,30.83,36.77,0,0,3.55,5.32,0,0,7.7,0
2479.66,1.47,5.73,1.16,0,0,19.81,2.97,0,3.23,5.13,0,8.96,6.64,0,0,0,4.36,1.4,0,0,0,0,0,0,1.73,3.56,0,0,0,0,5.12
2485.38,0.15,0,0,0,4.14,0,0,0,0,0,0,0,0,0,0,0,0,0,0,0,0,0,0,0,0,0,0,0,0,0,0
2488.82,0.92,0,0,0,0,0,0,0,0.36,0,0,0,0,0,0,0,7.06,2.85,3.09,2.72,0,6.39,5.69,0,1.81,3.44,1.41,5.87,0,0,5.66
2492.82,0,0,2.19,0,0,2.76,0,0,0,0,2.01,8.08,0,0,0,0,0,0.81,0,3.98,2.25,0,0,0,1.58,0,1.97,0,0,5.1,0
2495.91,0,0,0,0,0,0,4.98,0,3.07,1.55,0,0,0,3.3,0.66,2.08,2.16,0,0,0,0,0,8.58,0,0,0,0,0,4.09,0,0
2499.14,0,1.77,0.93,0,3.27,0,0,0,0,0,0,0,0,0,0,0,0,0,0,0,0,0,0,0,0,0,0,0,0,0,0
2508.34,3.51,0,10.21,0,0,43.34,3.95,0,7.66,0,0,0,23.05,0,20.35,2.29,0,9.4,14.86,6.45,0,2.42,0,0,3.29,16.65,11.02,11.24,0,0,10.94
2511.48,0,6.13,0,0,35.51,0,6.56,10.29,0,17.71,8.26,21.07,0,13.76,0,4.01,10.87,0.62,0,0,12.24,9.66,17.8,14.76,4.58,0,0,0,10.61,20.74,0
2515.13,0.84,4.56,0,0,0,0,0,0,0,0,4.12,0,0,0,0,0,2.53,3.19,2,0,0,0,0,0,0,3.69,0,4.09,4.07,0,1.16
2518.15,0,0,0,4.43,0,0,0,0,0,0,0,0,0,0,0,4.12,0,0,0,0,2.93,3,0,2.65,0,0,0,0,0,1.2,2
2521.18,3.72,2.46,5.68,0,0,0,0,0,5.71,0,2.16,0,0,0,0,0,6.18,8.69,0,2.52,0,1.3,12.54,0,3.23,0,0,0,0,8.77,2.17
2524.7,0,4.42,0,0,7.5,54.53,26.22,0,0,32.18,6.29,26.76,32.82,4.18,23.41,10.57,0.94,0,8.32,13.28,0,0,0,8.33,3.6,36.61,0,5.92,10.34,0,2.68
2527.76,0,6.17,0,4.51,2.76,0,0,24,1.24,0,0,0,0,2.65,0,7.5,3.76,4.76,6.65,0,0,18.9,10.06,15.18,11.22,0,22.48,13.69,2.92,0,7.45
2531.21,0,0,0,0,0,0,0,0,0,0,1.69,0,0,0,2.67,0,0,0,5.08,0,18.69,0,0,0,0,0,0,0,0,21.88,0
2534.39,0.37,0,0,0,0,9.99,0.58,0,3.74,0,0,0,10.4,0,2.93,0,12.2,11.15,0,11.17,6.6,9.96,8.42,0,0,0,0,8.2,1.29,3.32,10.77
2537.92,0,0,1.95,0,0,0,0.89,6.94,0,6.06,4.18,2.3,0,1.26,0,19.03,0,0,5.31,0,0,0,0,9.95,1.99,8.54,8.53,0,4.12,0,0
2541.06,1.03,5.44,0,4.72,1.47,0,0,0,0,3.44,0,0,0,1.18,0.96,0,0,0,4.46,0,0,0.96,0,0,0,4.22,2.49,4.12,4.63,0,0
2544.3,0,0,0.61,0,0,0,0,0,0.39,0,0,0,0,0,0,0,2.32,0,0,11.07,3.8,1.63,7.11,2.69,2.76,0,0,0,0,0,0
2547.87,0.53,2.6,0,0,4.56,2.71,1.07,0,0,0,0,0,0,0,0,0,0,0,0,0,0,0,0,0,0,0,0,0,0,0.75,0
2551.06,0,6.81,0.6,0,0,9.79,0,0,5.33,8.86,0,0,0,1.77,4.44,6.96,7.19,9.35,8.23,4.42,5.74,5.1,5.26,4.24,1.17,13.8,3.16,5.16,0,0,6.42
2554.36,1.1,0,0,1.85,16.19,0,4.64,8.78,0,0,4,11.72,7.15,3.38,0,0,0,0,0,0,0,0,0,0,0,0,0,0,0,5.37,0
2563.27,0,0,0,0,0,0,0,0,0,0,0,1.99,0,0,0,0,0,0,0,0,0,0,0,0,0,0,0,0,3.07,0,0
2566.77,0,0,0,0,0,13.69,0,0,3.82,0,0,0,7.06,5.44,3.14,1.48,0,0,0,2.14,0,0,0,0,2.79,0.55,2.65,1.23,0,0,1.07
2571.03,0,1.54,0,0,2.72,0,2.85,0,0,5.06,0,0,0,0,0,0,0,0,0,0,0,0,1.51,0,0,0,0,0,1.56,0,0
2576.23,1.05,0,0.71,0,2.08,14.21,0,0,0,0,0,0,17.39,0,0,0,0,0.97,0,0,0,0,1,0,0,1.53,0,0,0,0,0
2579.44,0,2.07,1.35,0,10.26,0,0,8.87,2.01,12.76,0,12.36,0,13.38,13.04,0,0.67,0,3.12,6.24,2.43,2.48,0,1.75,0,0,0,0,0,0,0
2582.89,0,2.87,0,0,0,0,7.22,0,0,0,2.07,0,0,0,0,0,0,0,0,0,0,0,0,0,0,0,0,0,3.8,0,0.76
2586.25,0,0,0,0,0,0,0,0,0,0,0,0,0,0,0,0,0,0,3.26,0,0,0,0,0,0,0,0,0,0,0,0
2589.47,0,0,1.27,0,2.7,22.72,0,0,0,1.9,0.58,0,0,0,0,3.53,0,0,0,0,31.6,5.31,3.87,0,0,38.31,0,4.66,0,0,0
2592.69,0,2.55,0,0,0,0,9.24,1.61,2.12,0,0,3.54,0,0,11.89,12.03,43.84,41.37,19.53,45.44,0,30.14,15.19,4.87,30.92,0,30.46,2.71,40.65,48.58,33.18
2595.91,2.65,0,1.37,0.82,8.95,0,0,3.43,0.66,12.35,0.33,0,13.68,3.27,0,0,0,0,0,0,0,0,0,5.33,0,0,0,0,0,0,0
2599.44,0,4.54,0,0.39,0,0,0,0,0,0,0,3.15,0,0,0,0,0,0,0,0,0,0,0,0,0,0,1.56,0,0,0,0
2603.74,0,0,0,0,0,0,0,0,0,0,2.67,0,0,0,0,0,0,2.08,0,1.46,0,0,0,0,0,0,0,0,0,0,0.96
2607.12,0,0,0,0,0,5.67,0,0,0,1.55,1.26,5.95,0,0,0,0,0,0,0,4.97,4.55,3.01,6.47,0,2.24,7.2,0,6.71,0,6.19,0
2610.28,1.3,1.67,2.55,0.97,0,4.72,0.91,2.84,0,4.59,0,0,12.4,1.16,0,8.77,1.76,0,7.01,0,1.39,0,0,0,4.24,0,0,0,3.56,0,5.65
2614.36,0,3.61,0,1.06,0,0,0,0,0,0,0,0,0,0,0,0,0,3.2,0,0,2.59,1.34,0,0.62,0,7.14,0,0,0,0,0
2618.52,0.75,0,0,0,0,0,0,0,0,0,2.23,0,0,0,0,0,0,0,0,0,0,0,0,0,0,0,0,0.86,0,0,0
2622.07,0.77,0,0.87,0,0,0,0,0,0.54,0,0,0,0,0,0,0,0,0,0,0,0,0,0,0,0,0,0.47,0,0,0,1.62
2625.29,0,0,0,0,0,0,0,0,0,1.4,0,0,0,0,1.55,0,1.39,0.77,0,0,0,0,0,0,0,0,0,0,0.88,0,0
2628.63,0,0,0,0,0,0,0,0,0,0,0,0,0.79,0.44,0,0,0,2.36,0,0,0.29,0,0,0,0.95,0,0,0,0,0,0
2631.78,0,0,0,0,0,0,0.43,0,0,0,0,1.02,0,0,0,0,0,0,0,0,0,0,0,0,0,1.42,0,0,0,0,0
2635.02,0,0,0,0,0,7.37,0,2.14,0.8,0,1.46,2.11,0,0,0,0,0,0,0,0,0,0,0,0,0,0,0,0,0,0,0.83
2638.91,0.67,0,0,0,0.88,0,0,0.6,0,0,0,0,0,0,0,3.34,0,0,0,2.45,0,3.11,0,0,0,2.21,0,0,0,0.94,0
2642.54,0,0,0,0,0,9.78,8.72,0,1.85,9.39,0,0,6.04,0,0,0,0,0,1.29,0,0,0,0.78,0,0,0,1.48,1.07,1.61,0,0
2645.69,0,2.59,0,0,0,0,0,0,2.93,0,1.32,4.09,0,4.73,16.55,0,2.09,2.44,0,7.4,6.69,1.25,0,2.25,4.32,4.84,2.91,5.22,0,1.01,4.1
2650.19,3.48,2,17.54,0,0,69.4,0,0,0,0,2.5,0,0,0,0,0,0,0,4.02,4.02,0,2.5,0,0,8.49,0,0,0.77,0,0,0
2653.39,3.13,35.86,0,2.73,125.41,0,46.44,74.24,11.2,52.01,17.76,31.66,52.98,32.78,65.01,6.5,17.94,13.68,2.1,2.78,9.48,8.75,11.42,15.39,0,16.71,9.77,7.5,12.13,16.71,6.89
2657.74,0,0,0,0,0,0,0,0,0,0,0,0,0,0,0,1.64,4.4,0,0,0,0,0,0,0,0,0,2.41,0,0,0,0
2661.04,0,0,0,2.14,0,0,0,0,0,0,0,0,0,0,0,1.59,0,4.1,9.84,19.5,7.25,0,10.53,17.12,8.78,19.51,0,3.37,3.92,13.7,4.56
2664.81,1.6,0,0.42,4.36,0,6.13,0,0,0,0,0,0,1.84,0,0,4.02,4.03,0,0,0,0,2.33,0,0,3.3,0,10.15,4.99,0,0,5.31
2668.19,0,4.85,1.18,0,8.72,0,2.59,0,0,0,0,1.62,2.24,3.91,4.03,0,0,0,3.68,3.92,1.44,3.83,2.59,0,0,0,0,0,1.27,0,0
2672.74,1.26,0,0,0.89,0,0,0,0,0,0,2.01,0,0,0,0,0,0,0,0,0,0,2.16,0,0,0,0,0,0,0,0,2.4
2676.6,0,0,0,0,0,33.25,0,0,0,0,0.77,0,11.91,0,0,0,16.31,30.13,10.93,0,0,0,0,4.38,0,0,0,0,0,0,0
2679.83,0,8.25,8.83,0,22.28,0,9.58,4.57,7.17,24.85,2.72,7.53,6.23,11.43,26.93,11.53,0,0,0,25.39,0,13.6,19.23,0,8.44,34.2,3.61,8.46,11.95,0,10.3
2683.14,0.52,0,0,0,0,0,0,5.35,0,0,6.05,5.63,0,0,0,4.14,11.37,0,9.39,0,50.24,0,14.36,17.32,0,0,9.76,0,7.93,14.95,14.75
2686.54,0,3.61,0,3.85,0,0,0,0,0,0,0,0,0,0,0,0,0,11.54,0,7.65,0,4.87,0,0,13.26,0,0,4.86,5.17,5.62,0
2689.93,0,0,0,0,0,0,0,0,0,0,0,2.44,0,0,0,5.18,0,0,0,0,0,0,0,4.37,0,5.88,0,2.91,0,0,0
2693.36,1.62,0,0,3.88,0,4.79,0,0,0,2.49,2.18,0,11.07,0,0,0,1.15,1.55,5.74,4.7,2.26,5.42,2.97,0,1.96,3.36,0,0,0,0,1.66
2696.57,0,2.2,1.82,1.71,7.47,0,0,0,0,0,0,2.63,0,2.82,11.97,8.62,1.47,0,0,0,1.06,0,1.03,0,0,0,4.44,2.15,4.8,0,2.45
2700.32,0.7,1.43,6.27,0,0,3.2,13.91,12.32,1.17,2.6,1.72,0,0,0,0,0,3.58,3.38,0,0,10.29,6.44,11.26,1.31,0,2.96,0,0,0,0,0
2703.53,1.07,3.73,0,0,11.33,25.35,0,2.63,0,0,0,17.04,26.75,4.58,3.2,4.19,0,1.84,10.65,3.4,0,0,0,5.87,2.22,3.2,1.75,0.78,0,0,0
2707.03,0.9,0,0,2.12,0,0,1.26,7.23,0,16.11,7.77,0,0,6.41,9.43,0,0,0,0,3.54,0,0,0,0,0,0,0,0,0,0,0
2710.26,0,0,0,0,0,0,0,0,3.52,0,0,0,0,0,0,3.91,0,0,0,0,0,0,0,0,0,0,0,1.28,0,0,0
2713.63,1.75,2.01,1.92,0,3.21,0,0,0,0,4.36,2.25,0,1.99,0.8,0,0,0,0,0,0,0,0,0,0,0,0,0,0,0,0,0
2718.01,0,0,0,0,2.48,0,0,0,0.69,0,0,0,0,0,0,0,0,0,0,0,0,0,0,0,0,0,3.06,0,0,0,0
2721.4,0,0,0,3.15,0,0,0,3.17,0,0,0,0,0,0,0,0,0,0,0,0,0,0,0,0,0,0.59,0,0,0,0,0
2725,0,5.4,0,0,1.88,0,0.19,0,0.83,0,0,0,1.21,1.61,0,0,0,0,1.69,0,0,0.97,0,0,0,0,0,0,0,0,0
2737.04,0,0,2.35,0,0,20.28,6.39,0,0,4.61,0,5.12,0,0,0,0,6.12,10.72,8.82,4.3,1.25,0,0,0,0,0,0,0,2.69,0,0
2740.43,1.18,3.6,0,0.79,0,0,0,1.39,2.72,0,0,0,6.16,4.89,6.35,2.48,0,0,0,0,1.99,3.44,5.91,6.89,6.49,7.28,2.26,3.72,1.38,8.81,6.13
2743.98,0,0,0,0,8.84,0,0,0,0,0,0,0,0,0,0,0,4.5,0,0,0,0,0,0,3.25,0,1.33,0,0,0,0,0
2749.5,0,2.07,0,0,0,0,0,0,0,0,0,0,0,0,0,0,0,0,0,0,0,0,0,0,0,0,0,0,0,0,0
2752.89,9.53,16.55,12.4,8.54,0,95.44,22.07,20.73,12.92,41.6,19.5,44.23,96.59,30.19,51.7,116.21,105.09,141.75,171.28,122.29,104.79,150.51,139.81,65.53,78.4,137.86,51.34,80.67,126.59,146.28,97.46
2758.66,1.24,0,0,0,55.25,0,0,10.59,0,0,2.86,0,0,0,0,0,0,0,0,0,0,0,0,0,0,0,0,0,0,0,0
2762.86,0,0,0,1.11,0,0,0,0,0,0,0,0,0,1.76,0,0,0,0,0,2.84,0,0,0,0,0,0,0,0,0,0,0
2766.73,0,6.34,4.54,2.82,9.18,10.03,6.7,2.47,3.5,16.86,1.17,7.33,12.22,4.67,1.88,3.27,0,3.33,2.4,0,0,0,0,0,1.77,5.91,0,0,4.18,2.63,0
2773.55,0,0,0.38,0,0,0,0,0,0,0,0,0,0,0,0,0,0,0,0,0,0,0,0,0,0,0,0,0,0,0,0
2777.03,2.65,0,2.05,0,0,22.72,1.78,3.23,3.55,0,7.83,3.97,17.58,0,5.79,19.77,34.12,42.91,42.83,37.93,16.37,32.28,25.34,15.49,9.93,27.38,5.25,2.98,21.67,2.88,19.29
2780.61,0,3.17,0,3.8,0,0,0.9,0,0,4.54,0,0,0,1.98,0,0,0,0,0,0,0,0,0,0,0,0,0,4.06,0,5.29,0
2788.64,1.02,0,0,0,0,0,0,0,0,0,0,0,0,0,0,0,0,57.12,0,47.25,29.56,0,0,0,0,0,0,0,0,0,0
2792.22,0,0,0,0,3.19,18.4,3.27,0,5.38,0,8.51,11.32,6.24,5.39,11.01,50.29,49.69,0,38.64,0,0,34.16,51.68,23.52,28.07,48.08,15.33,42.96,23.14,5.83,31.96
2795.64,2.05,0.73,1.13,0,5.31,0,0,0,0,21.11,0,0,0,0,0,0,0,0,0,0,0,0,0,0,0,0,0,0,0,6.1,0
2799.62,0,0,0,0,0,0,2.26,0,0,0,0.96,0,0,0,0,0,0,0,0,0,0,0,0,0,0,0,0,0,0,0,0
2806.24,39.42,0,130.06,0,0,440.9,0,0,138.06,0,0,0,393.45,0,0,0,0,72.4,0,67.17,0,0,0,0,0,0,0,0,0,0,0
2809.64,0,297.83,0,14.99,501.63,0,294.64,478.37,0,446.26,198.76,306.15,0,280.02,536.15,69.37,86.95,0,69.54,0,76.64,91.78,92.6,78.64,56.62,96.59,52.77,70.23,66.93,102.34,69.7
2816.66,0,0,0,0,0,0,0,0,0,0,0,0,0,0,0,0,0,0,0,0,0,0,0,0,0,0,0,0,1.16,0,1.49
2820.66,0,0,10.62,36.71,0,39.21,0,0,9.05,0,0,0,34.12,20.44,0,9.22,1.71,17.59,0,0,11.36,0,0,2.31,0,21.71,9.85,14.53,0,0,11.46
2824.02,2.35,39.51,0,0,44.17,0,28.1,11.74,0,33.9,3.91,20.75,0,0,39.68,0,3.9,0,14.06,12.13,0,18.43,16.52,7.01,14.68,0,0,0,13.88,15.26,0
2828.94,0,0,1.58,0,0,4.1,0,8.04,0,0,3.18,0,0,0,0,0,0,0,0,0,0,0,0,0,0,0,0,0,0,0,0
2832.82,0,0,0,1.66,0,0,3.89,0,0,1.2,3.54,0,0,0,0,0,0,0,0,0,0,0,0,0,2.15,0,0,0,0,0,0
2836.34,0.56,2.02,0,0,0,26.16,0,9.6,0,0,0,5.7,0,0,0,1.76,2.99,1.78,7.4,2.6,0,0,4.57,0,1.67,13.04,0,8.46,5.01,4.74,4.41
2839.92,1.22,7.28,0.59,0,17.91,0,15.46,0,4.36,3.13,0,0,21.4,8.75,12,0,0,0,0,0,2.48,4.19,0,6.05,0,0,0.48,0,0,0,0
2846.05,0,0,0,0,0,0,0,0,0,0,0,0,0,0,0,30.46,24.03,30.94,27.85,28.1,17.69,24.6,15.83,21.33,14.35,29.12,8.37,17.8,25.66,18.79,22.75
2853.25,0,0,0,0,0,12.06,1.05,0,0,0,0,0,3.81,2.77,2.27,0,3.78,0,0,0,0,3.09,3.08,0,0,0,0,0,0,0,2.13
2856.95,0,0,0,0.66,0,0,0,0,1.48,0,0,0,1.75,0,0,6.17,0,0,0,7.5,6.77,0,1.96,0,0,0,0,4.69,0,0,0
2860.76,0,0,0,0,0,0,0,0,0,0,3.39,0,0,0,0,0,5.22,0,0,1.92,0,0,0,0,0,0,0,0,1.35,0,2.77
2864.14,0,0,0,0,0,4.01,0,0,0,2.68,0,1.37,0,0,0,0,0,5.56,15.52,0,0,0,0,14.09,1.66,8.95,0,0,0,10.14,0
2868.01,0,0,0,0,0,0,2.47,0,0,0,0,0,5.37,0,0,1.36,5.62,0,0,6.04,5.14,12.32,10.72,0,4.76,0,3.79,8.45,9.49,0,7.5
2871.63,0,0,0,0,0,0,0,0,0,0,0,0.53,0,0,0,3.07,0,0,0,0,0,0,0,0,0,0,0,2.77,0,0,0
2877.52,0,0,0,0,0,0,0,0,0,0,0,0,0,0,0,0,0,0,0,0,0,0,0,0,0,0,0,0.47,0.89,0,0
2889.16,0,0,1.86,0,0,0,0,4.86,0,0,2.98,0,35.73,0,0,0,0,0,0,0,0,0,0,0,0,0,0,0,0,0,0
2892.96,2.27,5.83,3.09,0,0,50.62,7.3,0,9.54,35.93,0,26.74,0,6.66,29.33,7.9,7.59,32.54,21.22,24.94,37.14,0,8.09,35.07,18.13,39.75,0,0,27.43,0,19.25
2896.36,0,0,0,0.95,32.94,0,0,11.25,0,0,10.27,0,0,2.21,0,2.59,4.53,0,0,0,0,25.49,3.91,0,0,0,18.62,40.4,0,34.69,0
2907.06,0,0,29.32,0,0,138.17,0,0,0,0,0,0,0,0,0,0,313.93,281.1,254.09,289.04,0,0,0,0,0,0,0,0,241.27,0,0
2910.63,4.65,85.91,0,5.96,129.23,0,92.91,83.6,47.42,134.95,53.21,93.49,119.65,88.64,151.76,264.33,0,0,0,0,318.77,322.21,390.81,297.5,252.66,290.94,188.89,284.83,0,324.21,258.52
2920.47,31.04,0,85.59,0,0,305.08,0,105.72,64.51,0,0,0,214.42,0,145.66,323.58,376.68,410.54,391.66,408.35,319.66,400.78,363.32,249.23,269.81,361.21,159.91,303.46,261.5,329.31,293.79
2924.62,0,90.07,0,38.42,182.98,0,92.23,0,0,159.53,87.95,145.72,0,94.1,0,0,0,0,0,0,0,0,0,0,0,0,0,0,0,0,0
2929.83,0,0,0,0,0,2.27,0,0,0,0,0,0,0,0,0,0,0,0,3.3,0,0,0,0,0,0,0,0,0,0,0,0
2933.4,0,0,0,13.21,0,0,0,0,0,0,0,0,0,0,0,0,0,0,0,3.98,0,5.52,0,0,1.01,0,0,0,0,0,0
2936.84,1.45,0,0,0,0,4.53,0,0,0,2.59,0,0,0,0,0,0,0,0,0,0,5.97,0,0,0.95,0,2.8,0,0,2.41,1.57,2
2940.35,0,0,0,0,0,0,1.32,0,0,0,0,0,0,0,0,0,0,0,0,0,0,0,0,0,0,0,0,0,0,0,0
2943.84,0,6.97,7.93,0,9.16,34.49,0,11.09,8.47,0,0,0,38.59,13.99,25.68,36.48,46.87,36.08,36.45,29.83,26.67,38.13,30.81,24.45,0,42.53,16.22,33.61,17.25,24.87,25.08
2948.09,0.67,0,0,0,0,0,9.62,0,0,25.7,12.91,16.57,0,0,0,0,0,0,0,0,0,0,0,0,22.43,0,0,0,0,0,0
2957.27,0,0,0.94,1.61,0,12.72,0,0,0,0,0,1.92,2.83,0,0,0,0,0,0,0,0,0,0,0,0,0,0,0,0,0,0
2960.93,0.81,3.41,0,0,1.97,0,5.38,1.42,0,5.46,3.24,0,0,1.29,2.81,3.51,9.01,0,0,1.93,3.53,0,0,0.58,0,4.06,0,2.05,4,0,2.21
2964.97,0,1.98,0,0,0.45,0,0,0,0.61,0,0,0,0,0,0,0,0,0,0,0,0,0.87,0,0,0.91,0,0,0,0,0,0
2974.21,0,0,3.03,0,0,36.7,0,0,0,0,0,0,8.83,0,1.64,0,0,0,0,0,0,0,0,0,0,0,0,0,0,0,0
2977.77,1.65,0,0,0,0,0,7.54,0,1.12,6.84,3.96,7.16,0,2.37,1.81,0,16.21,0,0,0,0,0,0,0,0,0,0,0,0,0,0
2981.31,0.27,2.6,0,0,12.83,0,0,0.77,0,0,0,1.55,0,0,0,15.15,0,12.1,11.41,7.51,9.04,9.51,9.99,11.98,9.72,7.48,9.44,12.5,19.63,8.86,14.99
2985.83,0,0,0,0,0,0,0,0,0,0,0,0,0,0,0,13.91,27.47,26.46,23.15,17.47,12.01,15.07,21.53,13.15,11.15,14.61,4.43,12.05,6.84,13.04,13.13
2992.62,0,0,0,0,0,5.3,0,0,0,0,0,0,0.65,0,0,0,0,0,0,0,0,0,0,0,0,0,0,0,0,0,0
2996.45,0,2.57,0,1.49,0,5.24,5.79,0,2.32,0,5.58,3.19,1.8,1.18,0,0.69,0,0,0,0,0,0,0,0,0,0,0,0,0,0,0
2999.95,0,0,0,0,0,0,0,0,0,1.05,0,0,0,0,8.38,0,0,0,0,0,0,0,0,0,0,0,0,0,0,0,0
3003.65,1.67,0,0,0,5.58,1.83,0,0,0.31,0,0,0,8.44,0.56,0,0,0,0,0,0,0,0,0,0,0,0.87,0,0,2.53,0,0
3007.83,0,1.58,2.15,0.48,0,0,0,0,0,0,0,0,0,0,0,0,14.72,19.84,11.35,0,0,0,0,26.88,0,0,0,0,15.54,22.86,0
3011.38,0,2.99,0,0,0,6.18,1.47,0,0.88,5.92,0,7.81,3.9,0,0,16.28,0,0,0,8.17,20.47,11.5,23.82,0,17.24,20.98,9.34,13.83,0,0,26.64
3015.13,0.52,0,0,0,1.56,0,0,0,0,0,0,0,0,6.53,0,0,0,0,0,0,0,0,0,0,0,0,0,0,0,0,0
3019.56,0,0,0,0,0,0,0,0,0,0,0,0,0,0,0,0,2.97,2.75,0,0,0,0,0,0,0,0,0,0,0,0,0
3023.23,0,0,0.99,1.24,0,13.29,2.31,0,0.75,0,0,0,1.6,0,0,6.33,0,0,7.05,5.43,1.4,0,4.08,4.44,4.24,0,0,3.56,3.63,0,0
3026.79,0,0,0,0,2.08,0,0,0,0,0,0,0,0.66,2.03,0,0,0,0,0,0,0,6.5,0,4.17,0,0,1.7,0,0,2.79,0
3030.59,0,0,0,1.46,1.17,0,0,0,0,0,0,0,0,0,0,0,0,0,2.05,0,4.97,0,0,0,2.73,16.36,4.26,5.85,0,8.62,0
3034.57,0.9,1.97,0,0,0,2.48,5.51,0,0.92,1.05,3.43,0,3.08,0,0,9.51,0,0,0,4.54,0,2.05,7.74,2.35,0,0,0,0,8.73,0,5.58
3038.38,0,3.97,0,2.07,4.97,0,0,0,0,0,0,0,4.2,1.58,2.24,0,0,0,0,0,0,0,0,0,0,0,0,0,0,0,0
3043.11,0.96,0,0,0,0,0,0,4.37,1.25,0,1.44,0,0,0,0,0,0,0,0,0,0,0,0,0,0.68,0,0,0,0,0,0
3047.5,0,0,3.81,0,0,25.7,0,0,0,0,5.59,0,32.05,0,0,0,0,0,0,0,0,0,0,0,0,0,0,0,0,0,0
3051.49,3.03,9.07,0,0,12.34,0,4.68,9.98,0,13.51,1.89,15.74,0,13.47,11.27,0,0,0,3.06,0,0,0,0,0,0,0,0,0,0,0,0
3055.49,0,0.99,1.22,0,0,0,0,0,8.63,0,0,0,0,0,3.39,0,0,0.7,0,0,0,0,0,0,0,0,0,0,0,0,0
3059.31,0.56,1.25,0,0,0,6.53,0.53,0,0,0,0,0,0,0,0,0,0,0,0,2.3,0.73,0,0,1.46,0,0,0,0,0,0,0.98
3063.9,0,0.92,0,3.17,4.37,0,0,0,2.37,0,2.06,0,0,0,0,0,0,0,0,0,0,0,0,0,0,0,0,0,0,0,0
3067.56,0.58,3.18,0,0,0,0,0,0.88,0,0,0,0,3.19,0,0,0,0,0,0,0,0,0,0,0,0,0,0,0,0,0,0
3071.14,1.29,0,1.62,0.56,1.49,3.9,6.51,2.09,0,4.66,0,0,3.78,1.28,4.32,76.23,99.79,104.4,78.01,94.83,104.62,104.49,111.54,112.45,84.73,105.64,72.91,96.07,91.74,127.32,86.75
3079.82,0,0,0,1.26,1.67,0,0,0,0,0,0,0,0,0,0,0,0,0,0,0,0,0,0,0,0,0,0,0,0,0,0
3090.1,0,0.79,0,0,0,0,0,0,0.49,0,0,0,0,0,0,0,0,0,0,0,0,0,0,0,0,0,0,0,0,0,0
3094.11,1.48,0,0,0,0,7.93,0,0,0,0,0,0,4.57,0,0,0,0,0,0,0,0,0,0,0,0,0,0,0,0,0,0
3097.8,0,1.41,0,0,0,0,2.57,0,0,0,0,0,0,0,0,69.27,99.8,103.55,85.13,83.39,105.16,74.26,94.16,100.18,91.28,91,51.95,98.42,68.86,105.91,81.96
3108.37,1.14,0,10.41,0,0,0,0,0,0,0,0,0,0,0,0,0,0,0,0,0,0,0,0,0,0,0,0,0,0,0,0
3112.06,0.99,33.82,0,0,0,46.37,19.69,20.01,12.52,30.89,0,17.81,38.87,22.64,39.59,1107.42,1284.18,1364.43,1187.23,1282.03,1314.83,1332.03,1633.35,1265.96,1185.53,1456.07,813.73,1307.15,1144.38,1727.6,1265.41
3117.69,0.54,0,0,1.43,31.16,0,0,0,0,0,16.44,0,0,0,0,0,0,0,0,0,0,0,0,0,0,0,0,0,0,0,0
3122.38,0,0,11.41,0,0,53.7,0,0,3.68,0,0,0,30.92,17.09,2.07,0,0,0,0,0,0,0,0,0,0,0,0,0,0,0,0
3126.07,6.96,0,0,13.23,32.38,0,22.59,9.61,0,25.33,8.13,16.54,0,0,6.65,276.83,396.85,386.46,344.11,349.97,347.4,305.12,434.49,302.23,275.84,374.89,193.56,305.86,248.64,323.88,275.07
3135.11,0.72,0,0,0,0,1.3,0,0,0,0,0,0,0,0,0,0,0,0,0,0,0,0,0,0,0,0,0,0,0,0,0
3138.9,0,0.86,0,0,0,0,1.11,0,0,0,0,0,1.33,0,0.81,0,2.15,3.36,2.1,0,0,0,0,0,0,0,0,0,0,0,0
3146.21,0,0,0,0,0,0,0,0,0,0,0.48,0,0,0,0,0,0,0,0,0,0,0,0,0,0,0,0,0,0,0,0
3150.51,0.7,0,1.23,2.38,2.69,19.56,4.55,1.22,5.01,3.41,2.94,7.58,5.35,6.17,13.07,0,3.96,0,4.23,0,0,0,0,1.75,0,3.35,0,0,0,0,0
3156.3,1.97,4.91,1.81,0,4.54,8.09,0,0,2.32,0,0,0,2.16,0,0,0,0,0,0,0,0,0,0,0,0,0,0,0,0,0,0
3161.88,0,3.04,2.46,2.55,0,11.79,5.26,7.11,0,3.29,0,8.01,0,0,5.64,0,0,0,0,0,0,0,0,0,0,0,0,0,0,0,0
3165.81,2.77,0,0,0,8.92,0,0,1.95,1.95,10.14,0,0,9.99,7.42,0,0,0,0,0,0,0,0,0,0,0,0,0,0,0,0,0
3172.98,0,0,0,0,0,0.63,0,0,0,0,0,0,0,0.96,0,0,0,0,0,0,0,0,0,0,0,0,0,0,0,0,0
3177.72,0.5,0,0,3.56,1.51,0,0,0,0.98,2.51,0,0,0,0,0,0,0,0,0,0,0,0,0,0,0,1.27,0,0,0,0,0
3182.82,0,0,0.59,0,0.66,0,0,1.86,0,0,0.7,0.47,2.54,0,0,0,0,0,0,0,0,0,0,0,0,0,0,0,0,0,0
3188.25,0,0,0,0,1.99,2.49,0,1.72,1.68,0,0,2.85,0,0,0,0,0,0,0,0,0,0,0,0,0,0,0,0,0,0,0
3192.27,0,0,0,0.98,0,0,0,0,0,0,0,0,0,1.23,0,0,4.21,3.52,0,2.63,0,1.15,0,2.13,0,2.81,2.01,0,0,2.12,0
3197.27,0,0,0,0.76,0,0,0,0,0,0,0,0,0,0,0,1.58,0,0,0.99,0,0.62,0,2.14,0,0,0,0,0,0,0,0
3201.27,0,1.73,1.26,0,0,0,0.75,0,0,0.73,0,0,0,0,0,0,0,0,0,0,0,0,0,0,0,0,0,0,0,0,0
3207.33,0,0,0,0,0,0,0,0,0,0,3.77,0,2.6,0,0,0,0,0,0,0,0,0,0,0,0,0,0,0,0,0,0
3211.49,0,0,0,0,0,2.95,1.43,0.85,0,0,0,0,0,0,0,0,0,1.52,1.98,0,0,0,0,0,0,0,0,0,6.31,0,0
3215.33,0,6.5,2.17,1.18,7.07,2.25,0,0,1.7,0.9,0,0,0,6.19,0,0,0,8.21,0,0,0,2.44,0,9.8,5.47,25.93,5.78,7.58,0,7.36,0
3219.43,1.19,0,0,0,0,4.44,4.74,7.38,0,7.63,0,1.56,2.45,0,6.23,8.91,7.66,0,1.25,8.4,9.56,4.06,6.11,0,0,0,0,0,2.17,3.22,11.66
3226.6,0,1.64,0,3.09,2.58,0,0,0,0.38,0,0,0,0,0,0,0,0,0,0,0,0,0,0,0,0,0,0,0,0,0,0
3230.71,0,0,0,0,0,0,0,1.26,0,0,0,0.95,0,0,0,0,3.48,1.45,0,0,0,0,0,2.08,0,3.62,2.47,0,0,0,0
3235.76,0,0.55,0.93,0,0,1.12,0,0,0,0,0,0,7.11,0,0,0.6,0,24.62,0,0,0,0,0,0,0,0,0,0,0,0,0
3239.69,0,1.86,0,0,2.11,0,0,2.18,0,1.91,2.45,2.1,0,1.27,3.58,22.31,19.03,0,18.01,25.61,28.59,28.72,21.25,13.95,18.34,20.54,11.1,18.73,19.44,23.91,19.88
3246.81,0,0,1.85,0,0,0,0,0,0,0,1.13,1.33,0,0,0,0,1.14,0,0,0,0,0,0,0,0,0,0,0,0,0,0.44
3251.69,0.88,0,0,1.97,0,0,0.63,0,1.13,0,0,0,0,4.22,0,0,0,3.15,0,0,0,0,0,0,0,0,0,0,0,0,0
3255.72,0,0,1.4,0,0,7.05,0,0.98,0.41,4.75,6.3,6.97,8.33,0,0,3.86,8.37,7.11,11.66,15.93,12.1,15.2,18.67,13.2,10.89,21.23,7.58,15.9,5.6,3.99,11.24
3260.54,0,2.15,0,0.7,5.97,0,2.13,2.34,0,0,0,0,0,0,0,4.89,0,0,0,0,0,0,0,0,0,0,0,0,4.05,3.72,0
3265.1,2.85,0,0,0,0,0,0,0,0,0,0,0,0,0,0,0,0,0,0,0,0,0,0,0,0,0,0,0,0,0,0
3269.83,0,0,0,0,0,0,1.32,0,0,4.07,0,0,0,0,0,5.91,0,0,0,0,0,0.29,0,0,0,0,0,0,1.42,0,0
3274.55,0,0.79,0,0.77,0.59,0,0,0,0,2.31,0,0,2.52,0,0,0,0,0,0,5.36,0,0,1.65,0,0.66,0,0,0,0,0,0.95
3278.35,0,1.7,1.92,0,0,10.19,0,0,1.13,0,0,0,3.72,0,0.4,0,1.88,4.96,0,0,3.62,0,0,0,1.12,2.27,0,0,1.32,1.38,0
3282.23,0.73,3.6,0,1.9,8.72,0,3.23,1.51,0,1.38,0,5.21,0,3.25,0,0,0,0,3.8,1.21,0,2.99,0,0,0,2.76,2.08,0,0,0,0
3291.37,0,0,0,0,0,6.01,0,0,1.03,0,0,4.09,4.92,0,0,0,0,2.11,0,0,0,0,0,0,0,0,1.34,0,0,0,0
3295.6,1.88,0,0.63,0,4.14,2.2,0,0,0,0,3.22,0,0,0,0,0,1.21,0,2.83,3.91,0,0,1.47,0,0,2.26,0,3.95,2.68,0,5.38
3299.41,0,0,0,1.95,0,0,3.38,0,0,0,1.07,0,0,0,0,0,0,0,0,0,0,0,0,0,0,0,0,0,0,0,0
3304.33,0,0,0,0,0,0,0,0,0,0,0,0,0,0,0,0,0,0,0,0,1.34,0,0,1.14,0,0,0,0,0,0,0
3309.18,0,0,0,0,0,0,0,0,0.68,0,0,0,0,0,0,0,0,0,0,0,0,0,0.26,0,0,0,0,0,0,0,0
3318.01,0,2.99,0,0,0,0,0,0,0,0,0,0,0,0,0,0,0,0,0,0,0,0,10.63,0,0,0,0,0,0,0,0.84
3322.14,0.7,0,1.88,0,0,0,0,0,0,0,0,5.54,0,0,0,3.64,3.96,6.13,4.95,6.76,4.66,0,0,5.79,2.48,9.6,0.89,0,2.61,6.04,3.29
3326.04,0,0,0,0,1.63,0,1.48,0.92,2.49,5.42,0,0,1.44,6.62,2.23,0,0,0,0,0,0,4.77,0,0,0,0,0,1.09,0,0,0
3337.63,12.78,83.82,74.72,0,0,336.06,0,139.48,53.02,0,0,137.66,196.08,0,119.42,0,107.01,138.88,136.18,127.31,98.37,117.17,117.37,94.61,95.39,154.68,55.27,0,111.94,146.5,111.05
3342.85,3.78,0,0,27.18,193.21,0,97.84,0,0,138,88.22,0,0,92.05,0,95.89,0,0,0,0,0,0,0,0,0,0,0,106.8,0,0,0
3350.85,0,0,7.47,0,0,50.69,0,0,2.02,0,1.14,0,18.18,0,0,0,20.57,0,0,0,0,0,0,0,0,18.99,0,0,0,0,0
3354.89,5.76,21.89,0,26.86,19.46,0,6.03,2.31,0,13.08,2.35,21.63,0,13.99,11.81,14.15,0,16.73,18.92,25.83,18.92,19.24,12.69,10.51,13.19,0,10.87,15.26,15.69,24.8,12.19
3359.77,0,0,0,0,0,7.8,0,0,3.9,0,0,0,4.02,0,0,0,0,0,0,0,0,0,5.56,0,0,4.87,0,0,0,0,7.82
3364.02,0,0,2.13,0,0,0,2.89,12.34,2.38,7.56,0,5.67,0,0,5.83,0,0,0,3.31,0,0,0,0,0,1.32,0,0,0,3.73,0,0
3368.15,0,0,0,3.91,0,8.52,0.79,0,0,0,5.44,0,0,0.89,0,1.74,0,4.41,0,0,0,1.24,2.81,4.03,0,0,1.04,2.52,0,0,0
3375.29,0,0,0,0,0,0,0,0,0,0,0,0,0,0,0,0,0,0,0,0,0,3.15,0,0,0,0,0,0,0.97,0,0
3380.03,0,0,0,1.33,0.82,0,0,0,0,0,0,0,3.89,0,0,0,0,0,0,0,0,0,0,0,0,0,0,0,0,0,0
3385.17,0,0,0,0,0,1.95,1.02,0,0,0,0,2.32,0,0,0,0,0,0,0,0,0,0,0,0,0,0,0,0,0,0,0
3397.27,0,0,0,0,0,0,0,0,0,0,0,0,0,0,0,0,0,0,0,0,0,0,0,0,0,0,0,1.51,0,0,0
3401.39,0,0,0,0,0,0,0,0,0,0,0,0,3.72,0,0,0,3.28,0,0,3.13,1.78,2.28,2.85,0,0,0,0,0,0,0,2.13
3406.31,0,0,0,0,0,0,0,0,0,0,0,0,0,0,0,0,0,0,0,0,0,0,0,0.96,0,0,2.15,0,0,0,0
3411.48,6.08,0,69.03,0,0,287.33,0,59.29,30.28,0,0,149.4,287.57,118.18,100.23,171.25,136.55,139.35,213.39,144.3,51.39,357.46,94.5,38.45,103.17,88.91,35.12,107.11,125.3,195.69,80.51
3416.49,9.57,30.59,0,19.55,35.61,0,85.43,0,0,127.19,79.4,0,0,0,0,0,0,0,0,0,0,0,0,0,0,0,0,0,0,0,0
3420.89,0,7.74,0,0,10.96,49.84,0,34.67,6.89,0,0,0,0,0,17.56,0,24.74,31.38,33.36,26.2,12.49,0,21.12,10.97,0,15.66,8.64,0,0,0,5.34
3426.7,10.61,0,7.3,11.73,0,62.66,0,27.31,0,0,0,0,0,0,0,0,17.48,0,0,0,1.85,0,13.17,0,0,15.83,0,0,0,0,0
3430.75,0,3.24,0,0,0,0,9.35,0,10.33,23.65,9.92,4.89,32.61,11.75,20.74,17.11,0,22.66,0,0,0,0,0,10.23,14.06,0,7.6,5.05,9.92,0,11.81
3434.81,0,3.83,0,6.67,12.28,0,0,0,0,0,0,0,0,0,0,0,0,0,0,0,12.24,0,0,0,0,0,0,0,0,5.4,0
3442.92,0,0,2.44,2.57,0,0,0,0,0,0,4.55,0,0,0,0,0,0,0,0,0,0,0,0,0,0,0,0,0,0,0,0
3447.59,0,0,0,0,0,0,0,0,0,0,0,0,0,0,0,2.97,0,0,0,0,2.17,0,1.76,0,0,0,2.93,0,0,0,0
3451.74,0,0,0,0,0,0,0,0,0.72,0,0,0,0,0,0,0,2.45,0,0,0,0,0,0,0,0,0,0,0,0.46,0,0
3456.35,1.05,0,0,0,0,0,2.05,0,0,2.22,0,0,0,0,3.17,0,0,1.4,1.41,0,0.23,0,0,0,0,0,0,0,0,0,0
3473.62,0,0.92,0,0,0,0,2,0,0,0,0,0,0,0,1.22,0,0,0,0,0,0,0,0,0,0,0,0,0,0,0,0
3481.84,0,0,0,0,0,0,0,0,0,1.53,0,1,0,2.74,0,0,0,0,0,0,0,0,0,0,0,0,0,0,0,0,0
3485.96,0.59,0,0,0,3.61,0,0,0,0,1.01,0,0,0,3.52,2.92,0,0,0,1.95,2.95,0,0,0,1.73,1.72,0,0,2.02,2.5,2.82,0
3495.43,0,0,0,0,0,20.01,0,0,3.3,0,1.69,0,0,0,10.2,0,24.63,30.21,50.1,23.01,9.32,19.47,0,0,0,18.67,0,5.51,4.28,0,13.91
3500,0,13.01,0,1.17,9.27,0,9.76,0,0,11.13,0,7.33,0,0,0,13.56,0,0,0,0,0,0,26.26,12.69,7.51,0,8.17,0,0,0,0
3504.01,17.11,19.01,39.34,0,0,53.13,12.52,96.42,9.7,23.33,21.24,22.84,135.81,51.32,27.52,59.58,60.3,59.2,49.48,47.98,62.1,73.73,55.78,44.01,39.2,63.75,31.54,60.65,58.68,166.72,41.03
3510.16,0,0,0,14.68,38.97,0,0,0,0,0,6.3,0,0,0,0,0,0,0,0,0,0,0,0,0,0,0,0,0,0,0,0
3514.57,1.87,0,4.8,0,0,20,0,0,0,0,0,2.4,2.04,0,0,0,0,0,0,0,0,0,0,0,0,0,0,0,0,3.96,0
3519.2,2.84,0,0,10.57,0,0,10.06,0,4.03,5.25,4.79,1.76,17.81,2.01,11.04,0,0,8.31,0,5.35,0,0,0,3.71,0,0,4.29,5.75,0,2.27,2.46
3523.58,0,2.54,3.12,0,4.94,0,0,5.13,0,3.36,2.46,6.06,0,2.77,0,32.16,41.48,11.24,31.28,4.97,34.16,33.46,28.33,4.8,24.25,31.57,7.02,7.18,27.09,15.71,6.67
3528.67,0,2.06,0,0,0,0,0,1.66,2.2,0,0,0,0,0,0,0,0,0,0,0,0,0,0,0,0,0,0,0,0,0,0
3533.76,1,0,3.16,0,0,0,0,3.78,2.1,0,0,9.11,19.31,8.89,6.35,1.79,0,0,0,11.13,0,0,0,5.01,10.98,2.34,5.1,0,0,0,7.53
3538.11,0,4.44,0,4.15,7.12,28.14,4.35,0,0,9.5,0,0,0,0,0,2.69,16.98,18.61,8.69,0,5.67,6.48,13.18,0,0,12.24,0,13.09,15.6,3.5,0
3549.15,2.5,0,3.7,0,0,35.66,0,1.56,1.52,0,0,0,5.14,0,0,0,0,0,0,0,0,0,0,0,0,0,0,0,0,0,1.15
3553.27,0,5.71,0,6.87,11.99,0,3.27,0,0,4.35,1.47,8.28,0,6.85,7.26,0,0,0,0,0,1.99,0,0,0,0,0,0,0,0,0,0
3559.01,0,0,0,0,0,0,0,0,0,0,2.74,0,0,0,0,0,0,0,0,0,0,0,0,0,0,0,0,0,0,0,0
3564.82,0,0,4.27,0.87,0,0,0,0,0,0,0,3.07,0,0,0,0,0,0,0,0,0,0,0,0,0,0,0,0,0,0,0
3569.51,1.09,4.82,0,0,8.43,21.02,3.63,0,0.18,0.43,2.94,0,0,0,2.22,0,0,0,0,0,0,0,0,0,0,0,0,0,0,0,0
3575.06,0,0,0.6,0,0,0,0,0,0,0,2.1,0,0,0,0,0,31.72,36.19,31.98,39.63,25.26,38.09,39.92,29.55,37.28,68.73,19.71,35.12,46.84,60.2,35.22
3581.45,0,0,4.72,0,0,0,0,0,0,0,0,0,0,0,0,25.5,0,0,1.2,0,0,0,0,0,0,0,0,0,0,0,0
3585.69,1.55,0,0,0,0,34.09,0,0,0,0,0,9.89,0,0,4.16,0,0,0,0,0,0,0,0,0,0,0,1.56,0,0,0,0
3589.93,0.49,1.79,0,3.58,2.28,0,2.84,6.62,0.52,13.09,0,0,21.06,10.44,0,0,25.92,30.62,0,0,0,0,32.38,0,0,0,0,33.16,27.2,42.59,0
3594.07,0,0,0,0,1.9,0,0,2.54,0,0,5.07,0,0,0,3.25,16.93,0,0,24.72,28.4,25.09,21.6,0,24.95,24.78,40.37,15.86,0,0,0,28.74
3602.46,0,0,0,0.54,0,0,0.83,0,0.75,0,0,0,0,0,0,0,0,0,0,0,0,0,0,0,0,0,0,0,0,0,0
3606.88,0,0,0,0,0,0,0,0,0,0,1.47,0,0,0,0,0,0,0,3.08,0,0,0,8.17,2.2,7.49,0,3.51,0,7.3,0,7.3
3611.22,0,0,0,1.06,0,0,1.66,0,0,0,0,0,1.56,0.95,1.28,0,2.7,10.4,0,8.44,4.04,2.34,0,0,0,4.25,0.8,7.72,0,8.61,0
3616.1,0,0,0,0,0,3.17,0,0,0,0,0,2.76,0,0,0,3.81,0,0,0,0,1.4,1.25,0,0.6,0,3.62,0,0,0,0,0
3620.53,0,0.69,0,0,0,0,0,0,0,0,1.57,0,0,0,0,0,0,0.94,0,0,0,0,0,0,0.52,0,0,0,0,0,1.61
3627.77,0,0,0,0,0,0,0,0,0,0,0.69,0,0,0,0,0,0,0,0,0,0,0,0,0,0,1.64,0,0,0,0,0
3635.83,0,0,0,0,0,0,0,0,0,0,0,1.01,0,0,0,0.96,0,0,0,0,0,0,0,1.6,0,3.34,0,3.41,0,0,0
3641.63,0,0,0,2.43,0,1.44,2.31,0,0,0,1.07,0,0,0,2.17,0,0,0,0,0,0,0,0,0,0,0,0.86,0,0,0,0
3646.81,0.87,0,0,0,0.26,0,0,0,0.75,0,0,0,0.77,0,0,0,0,0,0,0,0,0,0,0,0,0,0,0,0,0,0
3651.19,0.46,0,2.08,1.24,0,5.71,0,0,0,0,0,0,0,0,0,0.88,0,0,0,0,0,0,1.43,0,0,0,0,0,0,0,5.65
3655.44,0,1.41,0,0,0,0,0.88,5.61,0,2.17,0,5.57,3.73,1.7,3.67,1.72,0,0,0,0,3.85,0,0,0,0.7,1.33,0,0.72,3.07,2.06,0
3659.98,0,0,0,0,0,0,0,0,0,0,2.18,0,0,0,0.91,0,0,0,0,0,0,0,0,0,0,0,0,0,0,0,0
3665.83,0,0,1.72,0,0,9.55,0,0,0,0,0,0,0,0,0,0,0,0,1.91,0,0,0,0,0,0,0,0,0,0,0,0
3670.27,0,1.71,0,2.5,13.84,0,7.31,0,1.43,4.96,0,0,10.92,8.92,12.82,0,9.22,7.21,7.39,0,0,4.41,6.01,0,0,8.32,0,3.22,0,12.13,0
3674.49,0,2.57,0,0,0,0,0,20.01,0,0,0,3.83,0,0,0,2.13,0,0,0,10.56,4.49,0,0,4.45,5.34,0,6.56,4.87,5.79,0,0.81
3679.41,0,0,0,0,0,0,0,0,0,7.45,2.79,0,3.95,0,3.93,0,3.76,1.25,1.95,0,0,0,0,0,0,1.29,0,0,0,0,0
3684.58,0,0.81,0,0,0,1.51,0.53,0,0,0,0,0,0,3.45,0,0,0,0,1.92,0,5.92,0,0,0,0,0,0,4.42,0,0,3.33
3688.82,0,0,0,0.98,0,0,0,0,0,0,0,0,0,0,0,0,0,4.25,0,0,0,0,3.27,0,2.33,3.09,0,0,0,0,1.02
3693.02,0.87,0,1.07,0,3.05,0,0,0,0,0,0,0,0,0,0,1.78,0,0,1.74,0,0.72,0,0,2.75,0,0,0.65,0,3.62,0,0
3697.73,0,0,0,0,0,0,0,0,0,5.56,0,3.81,2.52,0,0,5.23,15.01,5.66,8.2,6.33,7.26,12.84,7.66,2.99,5.81,0,2.83,5.85,0,2.71,4.35
3702.44,0.72,1.38,0,0,0,0,3.46,0,0,0,5.37,0,0,1.1,0,0,0,0,0,0,0,0,0,0,0,0,0,0,0,0,0
3710.59,0,1.45,0,0,0,0,0,0,0,0,0,0,0,0,0,0,0,0,0,0,0,0,0,0,0,0,0,0,0,0,0
3716.09,0,0,0,0,0,0,0,0,0,0,0,0,0,0,0,1.67,0,0,0,0,0,0,0,0,0,0,0,0,0,0,0
3724.84,0,0.41,0,0,0,0,0,0,0,0,0,0,0,0.48,0,0,0,0,0,0,0,0,0,0,0,0,0,0,0,0,0
3730.16,0,0,0,0,0,0,0,0,0,0,0,0,0,0,0,0,0,0,0,0,0,0,0,0,0,0,0,1.09,0,0,0
3734.54,0,0,1.96,0,0,0,0,0,0,0,0,3.44,1.92,0,0,6.62,5.67,5.44,11.4,0,0,0,0,1.79,0,6.43,0,0,2.95,5.36,0
3738.79,0,0,0,0,0,0,3.51,0,0,0,0,0,0,0,0,0,0,0,0,0,0,4.47,0,0,0,0,2.45,0,0,0,0
3743.21,0,8.73,15.05,0,0,70.05,0,11.47,8.6,0,9.35,27.34,34.25,0,16.81,39.41,40.78,52.28,57.97,34.88,42.39,39.89,41.9,32.02,35.78,38.8,13.9,41.12,25.73,51.59,52
3749.07,12.91,0,0,0,38.83,0,12.68,0,0,25.24,0,0,0,21.82,0,0,0,0,0,0,0,0,0,0,0,0,0,0,0,0,0
3753.51,0,6.59,1.5,7.19,0,81.84,8.14,37.31,14.98,11.29,2.46,18.89,33.62,15.17,18.91,9.34,0,0,0,4.68,0,0,7.64,0,0,0,0,5.87,0,0,0
3757.84,4.77,2.03,2.14,12.69,6.82,0,0,0,0,0,6.27,0,0,0,0,0,10.67,6.52,9.99,0,4.31,5.25,0,3.52,7.81,2.47,6.31,0,4.5,0,2.55
3764.83,0,0,3,0,0,0,0,0,0,0,0,0,7.83,0,1.23,0,8.88,0,0,0,0,0,0,0,10.43,0,0,0,0,0,0
3769.19,1.92,2.71,0,10.6,0,16.41,3.15,0,1.38,2.05,6.1,6.37,0,0.8,2.14,6.55,0,7.03,5.87,14.63,7.63,8.23,5.32,5.04,0,4.01,2.11,9.06,6.94,6.85,7.87
3776.56,0,0,0.24,0,0,0,0,0,0,0,0,0,0,0.63,0,0,0,1.59,0,0,0,0,0,0.36,0,0,2.73,0,0,0,0
3781.65,0,0,0,0,0,0,0,0,0,0,0,0,0,0,0,1.79,0.96,0,0.9,0,1.18,0,0,0,0.94,3.87,0,0,0,0,0
3786.64,0,0,0,0.54,0,0,0,0,0,0,0,0,0,0,0,0,0,0,0,0,0,0,0,1.25,0,0,0,0,0,0,0
3791.18,4.92,0,0,0,0,55.5,22.61,0,12.39,0,31.3,0,56.56,0,0,18.62,20.26,22.01,20.68,18.46,0,7.1,21.7,10.55,12.39,19.38,0,0,16.66,0,15.3
3795.9,0,28.71,12.51,3.47,43.21,0,0,36.16,0,41.18,0,40.76,0,27.36,49.6,0,0,0,0,0,12.68,4.41,0,0,0,0,3.93,13.3,0,17.61,0
3806.28,1.78,0,0,4.86,1.77,0,0,0,0,0,0,0,0,0,0,0,5.6,2.07,0,5.52,0,0,0,0,0,0,0,0,0,2.79,2.61
3810.83,0.54,11.04,1.62,0,6.64,14.34,10.32,6.66,4.51,14.56,10.13,16.92,18.39,7.69,22.11,3.51,0,0,0,0,3.78,0,2.18,3.25,4.09,1.8,2.92,2.94,3.59,0,0
3853.93,0,0,0,0,0,19.07,0.51,0,0,0,0,0,0,1.81,0,0,0,2.44,0,0,0,0.43,0,0,0,0,0,0,0.19,0,0
3858.29,0,0,0,0,2.33,0,0,0,0,0,0,3.41,0.86,0,0,0,0,0,0,3.65,0,0,0,0,0,0.45,0,0,0,0.79,3.91
3871.22,30.37,0,187.6,0,0,1049.1,0,151.71,104.19,0,0,310.65,474.73,219.85,256.35,216.85,300.48,349.81,368.49,320.22,216.28,298.64,269.47,189.41,189.92,329.27,128.11,214.49,216.16,311.75,225.22
3876.93,8.88,185.04,0,70.36,420.12,0,221.34,0,0,281.78,167.9,0,0,0,0,0,0,0,0,0,0,0,0,0,0,0,0,0,0,0,0
3885.36,4.02,0,28.09,0,0,222.37,0,17.04,15.4,0,16.8,57.24,68.01,41.02,30.29,43.38,103.5,105.56,120.28,98.59,66.97,63.62,68.18,42.95,52.95,90.96,33.38,58.75,40.05,42.64,56.23
3890.33,6.43,35.1,0,82.39,50.53,0,38.99,0,0,42.12,0,0,0,0,0,0,0,0,0,0,0,0,0,0,0,0,0,0,3.04,0,0
3898.44,2.46,20.26,27.6,0,0,178.83,29.58,32.47,8.04,36.17,30.84,46.26,73.08,93.2,32.62,32.48,64.48,97.29,91.78,81.86,55.73,49.1,80.22,48.6,49.04,77.89,34.96,59.25,37.9,48.38,52.64
3905.63,5.04,0,0,13.86,58.73,0,0,17.69,8.29,0,0,0,0,0,0,0,0,0,0,0,0,0,0,0,0,0,0,0,0,0,0
3910.18,0,7.94,8.39,0,0,74.05,12.8,0,0,19.33,5.41,23.04,27.39,0,26.14,26.55,49,42.88,36.34,40.5,0,15.51,41.43,22.29,26.21,28.53,13.15,19.95,19.96,11.34,29.67
3916.91,0.59,0,0,6.92,0,0,0,0,0,0,2.21,0,0,0,0,0,0,0,0,0,21.71,0,0,0,0,0,0,0,0,0,0
3923.35,0,0,0,0,0,0,0,0,0,0,0,0,0,0,0,0,0,0,0,0,0,2.87,0,0,0,4.09,0,0,1.64,0,0
3932.74,0,0,0,0.94,0,0,0,0,0,0,0,0,0,0,0,0,0,0,0,0,0,0,0,0,0,0,0,0,0,0,0
3949.07,1.89,0,0,0,0,0,2.26,0,0,3.67,0,0,1.94,0,4.7,0,0,0,0,0,0,0,0,0,0,0,0,0,0,0,0
3954.64,0,1.84,0,0,6.94,0,0,0,0,0,0,0.99,0,0,0,0,0,0,0,0,0,0,0,0,0,0,0,0,0,0,0
3960.81,0,0,0,1.39,0,0,0,0,0,0,0,0,0,0,0,0,23.87,10.34,14.99,16.65,22.21,12.17,17.72,18.91,0,20.85,5.84,14.51,14.77,15.12,18.82
3966.19,1.19,0,0,0,0,0,0,0,0.88,0,0,0,0,0,0,10.29,0,0,0,0,0,0,0,0,14.88,0,0,0,0,0,0
3973.59,0,0,0,0.54,0,0,0,0,0,0,1.76,0,0,0,0,0,0,0,0,0,0,0,0,0,0,0,0,0,1.32,0,0
3978.51,0,0,0,0,0,0,0,0,0,0,0,0,0,0,0,0,0,3.06,0,0,1.23,0,0,0,0,1.55,0,0,0,1.51,1.09
3983.73,0,0,0.78,0,0,0,0,0,0,1.46,0,0,0,1.25,0,0,0,0,0,4.61,0,3.33,3.13,0,0,0,0,0,0,0,0
3988.75,0.74,1.35,0,0,0,8.65,0,0,1.5,9.53,0,0,0,5.73,2.73,0,0.96,0,0,0,0,0,0,0,0,0,0,0,2.36,2.33,0
3993.5,0,0,1.29,0,0,11.59,0,1.3,0,0,0,11.81,0,0,2.27,0,0,0,0,0,0,0,0,0,10.04,22.89,0,5.81,0,0,0
3998.16,1.57,4.76,0,0,7.24,0,3.87,1.95,0,0,0,0,17.51,0,0,12.18,5.77,20.74,33.73,16.4,17.71,26.99,12.75,12.77,0,0,7.99,0,5.99,11.92,8.63
4003.29,0,0,0,4.88,0,0,0,0,0,1.21,0,0,1.8,1.83,2.35,0,4.17,0,8.28,0,0,0,2.53,0,0,0,0,3.46,0,0,2.73
4010.81,0,0,0.48,0,3.47,0,0,0,0,0,0,0,0,0,0,0,0,0,0,0,0,0,0,0,0,0,1.43,0,1.78,0,0
4016.91,0,0,0,0,0,0,0,0,0,0,0,0,0,0,0,0,0,7.29,2.21,0,0,0,3.18,0,0,0,0,0,2.41,0,0
4021.77,0,0,0,0,0,0,0,0,0,0,0,0,0,0,0,0.68,2.17,0,0,0,3.44,0,0,0.96,0,0,0,0,0,3.22,0
4035.22,0,0,0,0,0,0,0,0,0,0,0,0,0,0,0,0,0,0,0,1.8,0,0,0,0,1.51,2.3,0,1.24,0,0,0
4041.89,0,0,1.31,0,0,0,0,0,3.53,0,0,0,0,3.23,0,0,0,0,0,0,0,0,2.6,0,0,0,0,0,0,0,0
4046.5,0,2.94,0,0,0,0,0,0,0,9.02,0,0,0,0,0,0,0,0,0,0,0,0,0,0,0,0,0,0,0,0,0
4051.45,0,0,0,0,0,0,0,0,0,0,0,0,0,0,0,7.06,11.05,9.93,18.87,11.78,4.83,5.25,6.35,6.84,5.28,9.97,2.72,3.98,8.84,5.37,7.98
4060.09,26.32,0,75.07,0,0,610.61,0,147.55,384.43,974.36,0,977.6,1814,724.94,1139.32,5.63,12.32,14.39,41.08,35.17,5.48,0,11.08,8.08,19.46,4.5,9.74,25.3,6.1,8.18,23.09
4066.61,27.29,376.11,6.11,32.56,1016.41,29.28,140.52,15.25,0,0,671.5,0,0,0,0,0,3.28,3.71,0,0,6.05,25.88,2.54,6.49,0,12.1,0,0,8.94,6.62,0
4071.4,0,0,0,0,0,0,11,0,0,0,0,0,0,0,0,5.8,0,0,0,0,0,0,0,0,0,0,0,0,0,0,0
4076.77,0,0,0,70.15,0,0,0,0,0,0,0,0,0,0,0,0,0,0,0,0,0,3.56,0,0,0,4.06,0,0,0,3.4,0
4081.82,0,2.84,0,0,0,0,0,0,0,0,0,0,0,0,0,0,0.29,0,0,3,2.89,0,0,0,2.4,0,1.04,1.62,1.32,0,0
4089.22,0,0,0,0,0,0,0,0,0,0,0,0,0,0,0,0,3.56,0,1.72,3.68,3.44,0,0,3.51,0,7.82,2.14,0,0,3.03,4.36
4095.56,0,0,0,0,0,0,0,0,0,3.56,1.27,3.41,0,0,0.92,0,0,0.8,0,0,0,7.48,2.32,0,0,0,0,0,2.42,0,0
4103.45,18.15,0,109.75,0,0,535.44,0,174.6,66.76,0,0,166.78,349.16,0,0,0,8.38,3.78,4.95,0,5.77,2.42,6.06,5.56,0,7.7,0.58,0,2.5,0,5.64
4108.46,8.05,139.5,0,22.44,243.98,0,126.02,0,0,186.86,97.22,0,0,132.94,181.63,5.61,0,0,0,5.64,0,0,0,0,1.75,0,0,5.65,0,3.98,0
4118,0,0,0,0,0,25.48,0,0,2.92,3.07,0,0,0,0,9.9,0,0,15.63,32.44,0,0,0,0,4.03,0,15.72,0,0,0,0,6.6
4123.26,0,0,0,22.34,0,0,3.41,0,0,0,0,5.41,0,3.53,0,6.11,16.6,0,0,9.04,3.87,8.63,7.58,0,0.92,0,2.22,2.92,5.82,5.32,0
4163.03,0,0,0,0,0,0,0,0,0,0,0,0,0,0,0,0,0,22.76,0,0,0,0,0,0,0,0,0,0,0,0,0
4176.42,91.68,0,450.99,0,0,2084.5,0,846.96,324.88,808.35,0,875.82,1124.78,570.41,774.03,1377.72,1971.68,2126.87,2042.69,2157.73,1743.86,1649.6,1797.71,1441.13,1363.51,1911.83,808.03,1588.86,1213.04,1833.05,1572.25
4182.45,15.85,602.96,0,145.58,1112.7,0,647.38,0,0,0,354.18,0,0,0,0,0,0,0,0,0,0,0,0,0,0,0,0,0,0,0,0
4190.72,10.79,0,72.16,0,0,639.26,0,0,66.9,0,0,186.07,216.21,0,110.76,434.14,703.88,811.76,763.5,778.49,614.52,471.84,646.91,435.62,408.94,577.54,256.43,474.6,318.35,437.68,464.87
4196.95,6.23,170.57,0,169.92,193.31,0,176.14,0,0,171.67,21.12,0,0,113.72,0,0,0,0,0,0,0,0,0,0,0,0,0,0,0,0,0
4206.69,20.76,0,136.67,0,0,1273.83,0,102.86,137.68,0,0,381.18,671.85,0,328.74,242.82,514.21,542.06,861.22,468.59,264.61,411.15,419.48,196.63,184.21,411.43,166.14,226.18,237.53,308.09,286.22
4212.35,18.04,110.19,0,90.43,200.08,0,234.77,59.29,0,244.87,171.23,0,0,211.29,0,0,0,0,0,0,0,0,0,0,0,0,0,0,0,0,0
4222.01,0,0,33.1,0,0,480.57,0,0,41.51,76.76,0,122.25,218.52,0,102.76,65.43,173.95,178.74,350.9,150.72,66.98,113.47,151.04,48.34,46.16,138.6,48.37,44.03,53.39,82.61,74.07
4227.67,6.74,22.64,0,91.17,40.53,0,81.48,44.51,0,0,47.84,0,0,62.44,0,0,0,0,0,0,0,0,0,0,0,0,0,0,0,0,0
4235.01,1.16,2.16,0,0,0,119.61,21.49,0,5.14,6.81,7.13,19.65,32,7.88,7.95,6.24,38,37.78,116.35,22.81,0,19.08,28.29,3.44,8.73,30.98,12.6,4.43,0,5.5,11.09
4245.76,0,0,0,0,0,0,0,19.93,0,0,6.62,0,0,0,0,0,0,0,0,0,0,0,0,0,0,0,0,0,0,0,0
4276.38,0,0,0,0,0,0,0,0,0,0,0,0,0,0,0,0,0,0,0,1.24,0,0,0,0,0,6.14,0,0,0,0,0
4281.2,8.16,0,0,0,0,42.08,0,4.54,0.68,0,0,15.53,11.83,0,14.65,0,6.98,5.63,1.93,3.13,2.69,1.62,4.56,3.79,4.71,0,1.75,1.63,6.71,6.83,5.78
4286.61,0,9.01,4.43,0,25.37,0,5.12,0,0,8.03,1.85,0,0,3.62,0,0,0,0,0,0,0,0,0,0,0,0,0,0,0,0,0
4292.71,0,0,0,0,0,2.76,0,0,0,1.71,2.26,0,0,0,0,0,0,0,0,0,0,0,0,0,0,0,0,0,0,0,0
4297.6,0,1.93,0,2.05,0,0,0,0,0,0,0,1.51,0,0,0,0,0,0,0,0,0,0,0,0,0,0,0,0,0,0,0
4303.65,0,2.84,2.02,0,2.99,4.6,0,0,0,0,0,0,0,0,0,0,0,0,0,0,0,0,0,0,0,0,0,0,0,0,0
4308.58,0,0,0,2.3,0,0,0,0,0,0,0,0,0,0,0,0,0,0,0,0,0,0,0,0,0,0,0,0,0,0,0
4321.12,0,5.55,5.79,0,0,54.13,0,2.77,0,0,0,10.53,16.35,0,8.37,0,0,0,51.16,0,0,0,0,0,0,0,0,0,0,0,0
4326.06,3.28,0,0,0,12.26,0,6.96,3.48,5.34,11.19,0,0,0,5.05,0,33.73,43.75,47.71,0,48.4,48.78,47.44,43.61,35.52,32.53,42.83,23.51,35.29,42.4,49.14,42.9
4337.44,0,0,1.68,0,0,0,0,0,0,0,0,0,0,0,0,0,0,0,0,0,0,0,0,0,0,1.64,0,0,0,0,0
4342.48,0,0,0,0,0,0,0,0,0,0,0,0,0,0,0,0,5.9,0,3.26,12.17,8.68,0,4.39,0,4.18,2.3,0.78,0,2.34,3.37,0
4349.02,0,0,0,0.81,0,0,0,0,0,0,0,0,0,0,3.62,0,0,2.38,0,0,0,0,0,4.19,0,9.2,0,0,0,0,2.83
4354.08,0,0,1.15,0,0,41.58,0,0,3.61,1.15,0,0,12.43,0,0,6.94,5.27,4.59,15.47,2.57,0,1.88,0,1.53,1.45,0,0,4.44,3.85,8.78,4.15
4361.12,1.32,1.26,0,0,0,0,0,4.98,0,0,0,0,0,0.95,0,0,0,0,0,0,0,0,0,0,0,0,0,0,4.43,4.09,0
4370.46,0,0,62.2,0,0,350.04,0,0,45.3,0,0,93.12,176.17,0,91.95,66.92,125.13,125.86,243.45,102.24,52.22,112.69,116.77,37.54,56.17,152.81,45.72,55.15,55,75.49,62.4
4376.72,27.3,40.77,0,17.05,178.28,0,70.11,18.86,0,79.43,47.37,0,0,97.83,0,0,0,0,0,0,0,0,0,0,0,0,0,0,0,0,0
4383.7,0,0,0,0,0,0,13.65,30.11,0,0,5.55,10.71,9.96,0,14.21,0,0,48.77,0,0,0,0,0,21.99,0,0,0,19.73,21.65,0,20.92
4388.76,0,4.29,0,0,0,57.38,0,0,0,1.69,0,0,0,0,0,17.18,47.24,0,69.09,53.63,48,26.73,24.24,0,9.6,34.94,24.33,0,0,14.85,0
4394.13,0,0,0,36.82,0,0,0,16.21,3.19,3.22,10.91,0,0,0,0,0,0,0,0,0,0,0,0,0,0,0,0,0,0,0,0
4401.21,0,0.74,0,0,0,0,0,0,0,0,0,0,0,0,0,0,0,0,0,0,0,0,0,0,0,0,0,0,0,0,0
4406.8,0,0,0,0,0,0,0,0,0,0,0,0,0,0,0,25.01,28.53,31.18,34.46,32.73,36.06,29.27,32.5,16.59,14.85,27.53,10.76,25.98,17.1,19.52,20.95
4415.08,0,0,0,0,0,0,0,0,0,0,2.73,0,0,2.17,0,0,0,0,0,0,0,0,0,0,0,0,0,0,0,0,0
4421.57,0,0,0,0,0,0,0,0,1.74,0,0,0,0,1.8,0,2.29,4.8,3.46,2.65,6.26,2.83,0,1.04,2.67,1.46,2.19,1.12,4.24,1.1,1.06,4.35
4433.47,1.01,0,0,0,0,0,0,0,0,0,0,0,0,0,0,0,0,0,0,0,0,0,0,0,0,0,0,0,0,0,0
4438.97,0.47,0,0,0,0,9.16,0,0,0,0,0,0,14.16,0,0,5.6,2.94,12.81,5.04,7.14,0,2.31,4.6,5.22,2.79,5.41,2.53,5.77,3.13,2.5,2.21
4444.88,0,5.91,0,0,6.18,0,1.87,6.55,1.7,5.68,0.72,3.5,0,4.67,7.97,0,0,0,0,0,8.43,0,0,0,0,0,0,0,0,0.66,1.65
4451.4,0,0,0,0.1,0,0,0,0,0.13,0,0,0.47,0,0,0.71,0,6.74,4.32,3.78,0,0,0,0,2.6,1.88,3.96,0,3.03,0,1.13,0
4457.7,0,0,0,0,0,0,0,0,0,0,0,0,0,1.05,0,0,0,0,0,11.81,0,0,0,0,0,0,2.46,0,4.7,0,0
4463.62,0,0,0,0,0,0,0,0,0,0,0,0,0,0,0,0,39.46,39.5,41.86,40.48,37.85,37.85,35.72,22.38,17.44,28.54,0,25.38,24.95,30.46,20.88
4468.84,0,0,0.56,0,2.62,11.29,0,0,0,0,1.12,0,4.7,0,2.57,29.45,0,0,0,0,0,0,0,0,0,0,14.75,0,0,0,0
4475.67,0.71,0,0,0,0,0,3.58,0,0,2.56,1.77,0,0,0,0,0,0,0,0,0,0,0,0,0,0,0,0,0,2.57,0,0
4480.69,0,0,0,0,0,0,0,2.93,0,0,0,0,0,0,0,2.5,3.34,1.91,2.68,7.76,1.88,3.81,0,2.57,1.45,9.65,1.41,0,0,3.26,3.08
4486.76,0,0.78,0,0,0,0,0.78,0,0,0,0,0,2.22,0,0,0,0,0,0,0,0,0,1.72,0,0,0,0,0,0,0,0
4493,0,0,0,2.49,0,0,0,0,0,0,0,0,0,0,0,0,0,0,0,0,0,0,0,0,0,0,0,0,0,0,0
4508.69,0,0,0,0,0,0,0,0,0.91,1.21,0,0.47,0,0,0,0,0,0,0,0,0,0,0,0,0,0,0,0,0,0,0
4521.14,0,1.72,0,0,0,0,0,0,0,0,0,0,0,0,0,0,19.82,18.21,0,17.13,11.83,8.26,7.96,12.54,10.4,14.92,0,0,9.45,0,8.42
4526.45,0,0,0,0,0,0,0,0,0,0,0,0,0,0,0,14.43,0,0,15.15,0,0,0,0,0,0,0,3.46,7.93,0,7.65,0
4531.86,5.14,0,8.31,0,0,97.3,0,36.11,19.41,49.34,14.61,53.4,71.34,0,43.97,0,0,3.85,0,0,0,0,0,0,8.76,2.78,0,3.87,4.37,3.72,7.79
4537.02,0,16.47,4.35,0,42.37,0,32.82,0,0,0,0,0,0,32.56,0,0,14.55,0,11.07,12.5,10.23,11.74,14.21,6.55,0,3.58,0,0,0,0,0
4542.73,0,0,0,11.19,0,0,0,0,0,0,4.13,0,0,0,0,4.48,0,3.94,0,0,0,0,0,0,0,0,3.35,0,0,2.91,0
4548.06,0,0,0,0,0,0,0,0,0,0,0.44,0,0,0,0,0,0,0,0,0,0.54,0,0,0,0,0,0,0,0,0,0
4554.54,1.11,0.51,0,0,0,0,0,0,0,0,0,0.61,0,0,0,0,0,0,0,0,0,0,0,0,0,0,0,0,0,0,0
4566.31,0,0,3.46,0,0,58.71,0,7.06,4,0,0,0,31.68,0,0,0,24.7,38.06,59.67,0,12.6,0,23.8,10.28,0,27.32,10.11,0,12.47,12.44,13.84
4571.8,0.62,4.37,0,0,10.18,0,10.39,0,0,10.95,6.39,12.67,0,13.17,7.83,12.21,0,0,0,23.26,0,22.84,0,0,10.17,0,0,11.07,0,0,0
4579.65,0.88,0,0,0,0,0,0,12.33,0,0,1.47,0,0,0,0,0,0,0,0,0,0,0,0,0,0,0,0,0,3.18,0,0
4584.81,0,0,4.73,0,0,40.8,8.56,0,5.28,2.28,0,10.98,17.61,2.68,8.18,0,17.62,18.99,40.65,14.17,3.35,5.6,13.61,5.72,10.5,14.96,3.07,2.11,0,8.1,7.81
4590.51,2.1,0,0,5.73,6.82,0,0,9.75,0,0,0,0,0,0,0,9.22,0,0,0,0,0,0,0,0,0,0,0,1.58,0,0,0
4596.41,0,0,0,0,0,6.7,0,0,0,0,0,2.01,2.69,0,0,0,0,0,0,0,1.69,0,1.33,0,1.9,0,0,0,0,0,0
4605.99,0.24,0,0,0,0,0,0,0,0,0.75,0,0.63,0,0,0,0,19.05,19.05,7.28,16.71,15.52,10.14,0,18.13,15.1,0,9.63,0,14.75,0,0
4611.3,0,0.6,0,1.84,0,0,1.26,0,0,0,0,0,3.46,1.68,0,9.96,0,0,0,0,0,0,14.98,0,0,16.55,0,18.1,0,14.62,16.73
4623.75,0,0,0,0,0,9.16,0.46,0,0,0,0,3.29,0,0,0,0,5.49,0,5.49,11.47,0,0,4.75,3.18,0,5.11,1.77,5.94,1.59,0,1.58
4630.3,0,2.09,0,0,2.22,0,0,0,0,2.91,0,0,2.58,0,0,0,0,0,0,0,2.49,0,0,0,0,0,0,0,0,0,0
4638.78,2.61,0,16.79,0,0,202.9,0,12.55,23.68,0,0,56.64,118.82,38.65,57.21,58.54,98.41,100.45,198.78,91.1,45.91,86.7,80.85,39.25,33.73,86.12,34.56,41.11,43.11,67.36,50.81
4645.13,3.11,16.65,3.49,11.13,51.96,0,43.17,33.9,0,46.04,38.15,0,0,0,0,0,0,0,0,0,0,0,0,0,0,0,0,0,0,0,0
4653.83,0,0,0,0,0,67.25,0,0,0,0,0,11.63,24.01,15.17,1.68,21.89,31.12,31.68,70.05,0,11.8,19.45,27.3,10.76,9.99,26.19,8.36,13.55,24.27,15.18,14.28
4659.57,0,0,4.02,0,9.88,0,11.13,0,5.41,14.62,13.49,0,0,0,6.93,0,0,0,0,27.36,0,0,0,0,0,0,0,0,0,0,0
4666.04,1.25,3.99,0,29.07,2.57,0,0,0,0,0,0,0,0,0,0,0,0,0,0,0,0,0,0,0,0,0,0,0,0,0,0
4683.18,0,0,0,0,0,0,0,0,0,0,0,0,0,0,0,0,0,0,0,1.52,0,0,2.03,0,0,1.14,0,1.61,0.99,0,2.22
4688.95,0,0,0,0,0,0,0,0,0,0,0,0,0,0,0,1.52,0,0,0,0,0.95,0,0,0,0,0,0,0,0,0,0
4695.54,0,0,0,0,0,2.42,2.01,0,0,0,0,0,0,0,0,0,0,2.14,0,0,0,0,0,0,0,0,0,0,0,0,0
4706.76,0,0,1.7,0,0,0,0,0,0,0,0,0,0,0,0,0,0,0,0,0,0,0,0,0,0,0,0,0,0,0,0
4712.33,0,0.63,0,0,0,11.1,2,13.8,4.73,10.71,0,15.88,16.75,14.05,7.68,4.08,8.72,10.05,14.59,7.69,6.77,2.12,6.12,3.99,6.05,8.7,2.77,9.88,1.65,8.15,7.72
4719.86,1.21,0.7,0,0,6.11,0,0,0,0,0,0,0,0,0,0,0,0,0,0,0,0,0,0,0,0,0,0,0,0,0,0
4727.4,0,0,0,0.41,0,0,0,0,0,0.82,0,0,0,0,0,0,0,0,0,1.53,0,0,0,0,0,0,0,0,0,0,0
4732.77,0,0,0,0,0,0,0,0,0,0,0,0,0,1.36,0.94,0,14.29,11.59,18.3,10.29,14.83,15.98,8.39,9.86,9.9,18.3,6.59,11.13,15.03,24.35,14.18
4738.35,0,0,0,0,0,0,0,0,0,0,0,0,0,0,0,11.95,0,0,0,0,0,0,0,0,0,0,0,0,0,0,0
4743.8,0,0,0,0,0,0,0,0,0,0,0,0,0,0,0,0,7.25,1.59,0,0,0,0,3.93,0,0,2.94,0,0,2.37,2.7,0
4749.49,0.59,0,0,0,0,34.19,0,0,0,0,0,0,13.07,0,4.96,0,0,0,0,0,0,0,0,0,6.4,13.31,0,3.85,0,0,0
4754.87,0,1.87,2.4,0,8.12,0,5.69,4.19,1.52,3.76,3.28,4.95,0,4.22,0,10.81,18.09,16.03,29.79,17.32,13.37,24.72,18.3,3.83,0,0,5.95,0,14.57,4.56,10.75
4760.46,0,0,0.53,0,0,0,0,4.44,0,0,0,0,0,0,0,0,0,3.72,1.63,0,0,0,0,0,0,0,0,1.71,0,5.7,0
4765.75,0,0,0,0,0,0,0,0,0,0,0,0,0,0,0,5.2,3.15,0,2.65,4.2,0,0,3.83,6.9,1.74,8.36,1.24,0,0,0,4.44
4773.68,0,1.23,0,0.91,0,3.55,2.96,0.96,0,1.22,0.74,0,0,0,0,0,0,0,0,0,0,0.69,0,0,0,0,0,0,0.98,0,0
4784.38,0,0,0,0,0.84,0,0,0,0,0,0,0,0,0,0,0,0,0,0,0,0,0,0,0,0,0,0,0,0,0,0
4790.76,0,0,0,0,0,0,0.39,0,0,0,0,0,0,0,0.33,0,0,0,0,0,0,0,0,0,0,0,0,0,0,0,0
4809.9,0,0,0,0,0,0,0,2.5,0,0,0.56,0,0,0,0,0,0,0,0,0,0,0,0,0,1.99,0,0,0,0,0,0
4816.57,0,0,0,0,3.75,4.1,2.23,0,2.52,9,0.81,5.55,16.29,6.03,7.26,0,4.59,0,0,0,0,0,0,0,0,0,0,0.75,0.3,0,0.91
4822.19,0,1.66,0.93,0,0,0,0,3.04,0,0,0,0,0,0,0,1.26,0,2.42,0,1.48,3.75,0,0,0,0,0,0,0,0,0,0
4828.03,0,0,0,0,0,0,0,0,0,0,0,0,1.96,0,0,0,2.51,2.81,4.73,0,0,0,2.31,0,0,1.46,0,0,0,6.36,2.6
4835,0,0,0,0,0.91,2.18,0,0,0,0,0,0.38,0,0,0,0,0,0,0,0,0,3.03,0,0,0,0,0,0,0,0,0
4840.44,0,0,0,0,2.35,0,0,0,0,0.9,0,0,0,0.62,0,9.87,22.42,22.92,16.26,31.79,17.82,32.63,29.96,15.52,12.2,24.53,9.37,21.05,22.9,19.8,14.71
4848.92,0,0,0,0,0,2.97,0,0,0,0.57,0,0,0,0.73,0,7.23,0,0,0,0,0,0,0,0,0,0,0,0,0,0,0
4854.36,0,0,0,0,0,0,0,0,0,0,0,0.12,1.72,0,2.14,0,6.17,4.24,14.36,0,10.18,0,0,7.73,5.4,7.13,0,4.01,0,8.22,4.15
4863.15,0,0,0,0,0,0,0,0.76,0,0,1.51,0,0,0,0,0,0,0,0,0,0,0,2.41,0,0,0,0,0,0,1.45,0
4868.9,0,0,0,0,0,20.43,0,0,0,1.21,0,5.38,9.1,0,1.46,0.9,0,0,4.67,0.98,0,0,0,0,0,3.57,1.14,0,4.95,0,1.04
4874.46,0,2.11,0,0,1.11,0,2.75,4.93,0.6,0,0,0,0,3.38,0,0,0,1.33,0,0,0,2.43,0,0,0,0,0,0,0,0,0
4880.55,0.53,0,0.43,0,0,0,0,0,0,0,0,0,0,1.86,0,1.97,2.29,0.83,2.83,1.05,1.14,0,2.31,0,0,3.23,0,2.14,0.95,0,3.33
4886.21,0,3.65,0,0,3.9,0,0,0.53,0,0,0,0,0,0,0,0,0,0,0,0,0,0,0,0,0,0,0,0,0,0,0
4893.88,0,0,0.58,0,0,0,0,0,0,0,0,0,0,0.74,0,0,0,0,0,0,0,0,0,0,0.24,1.04,0,0,0,0,0
4925.77,0,0,0,0,0,2.89,1.27,0,0,0,0,0,1.36,0,0,0,0,0,0,0,0,0,0,0,0,0,0,0,0,0,0
4933.99,0,1.23,7.02,0,0,0,0,0,0,0,0,0,0,0,0,0,0,0,0,0,0,0,0,0,0,0,0,0,0,0,0
4939.48,1.9,4.07,0,0,13.85,38.06,7.05,7.3,3.21,8.56,0.83,9.49,23.09,6.81,8.67,0,12.25,17.74,15.83,16.35,10.62,8.98,6.85,13.6,7.6,17.57,4.03,9.58,7.7,10.24,12.1
4947.29,1.23,0,0,0.36,0,0,0,0,0,0,0,0,0,0,0,5.74,0,0,0,0,0,0,0,0,0,0,0,0,0,0,0
4953.74,0,1.78,0,0,0,6.18,0,0,0,0,0,0,1.05,0,0,0,4.61,0,0,0,0,0,0,0,0,0,0,0,0,0,0
4962.41,2.62,1.42,10.48,2.58,0,30.26,0,0,17.97,0,0,0,0,0,0,0,0,0,0,0,0,0,0,0,0,0,0,0,0,0,0
4967.88,0,11.53,0,0,0,0,15.73,81.3,0,64.99,26.97,67.39,97.94,44.04,71.72,129.07,174.46,201.23,183.21,176.68,160.22,150.57,167.74,162,137.96,248.56,84.12,163.01,160.22,175.85,186.23
4973.42,0,0,0,3.29,35.23,0,0,0,0,0,0,0,0,0,0,0,0,0,0,0,0,0,0,0,0,0,0,0,0,0,0
4979.46,0,0,0,0,0,8.65,0,0,3.96,0,0,21.25,41.73,0,20.06,0,123.51,121.44,105.77,110.31,88.81,0,93.73,70.4,63.74,122.54,40.05,72.17,78.79,73.52,82.94
4985.03,0,4.06,0,0,6.29,0,5.79,0,0,29.87,9.9,0,0,15.93,0,56.38,0,0,0,0,0,70.85,0,0,0,0,0,0,0,0,0
4991.55,0.18,0,0,1.01,0,0,0,8.31,0,0,0,0,0,0,0,0,0,0,0,0,0,0,0,4.45,0,0,0,0,15.55,0,0
4998.66,0,0,5.44,0,0,65.28,3.9,0,0.37,0,0,5.76,10.7,0,0,15.56,54.58,39.11,42.36,22.27,4.43,18.48,26.1,0,14,54.19,2.6,9.3,0,9.14,21.05
5004.66,0.29,0.56,0,1.47,0,3.94,0,0,0,6.67,0,0,0,0,0,0,0,0,0,0,9.38,4.91,0,6.67,0,0,7.59,0,0,0,0
5023.96,0,0,13.53,0,0,144.71,0,10.18,4.58,12.47,0,18.79,28.17,0,22.19,0,43.2,36.99,93.95,39.22,18.26,38.04,35.53,15.71,22.22,48.88,13.11,19.83,15.75,29.56,28.18
5031.2,6.51,9.66,0,7.13,38.89,0,40.68,0,0,0,3.73,0,0,13.99,0,21.06,0,0,0,0,0,0,0,0,0,0,0,0,0,0,0
5039.51,0,0,1.57,0,0,39.92,0,14.19,0,0,0,0,1.86,0,0,0,0,0,18.76,0,0,0,0,0,0,0,0,0,0,0,0
5045.38,0,0,0,0,2.68,0,5.04,0,0.78,0,0,0.69,0,0,0,0,3.61,2.31,0,1.96,0,0,2.45,2.24,0.48,0,0,0,0,0,0
5051.67,0.44,1.58,0,14.79,0,0,0,0,0,0,0,0,0.76,0,0,0,0,0,0,0,0,0.91,0,0,0,0,0,0,0,0,0
5065.56,0,0,0,0.98,0,0.98,0,0,0,0,0,0,0,0,0,0,0,0,0,0,0,0,0,0,0,0,0,0,0,0,0
5072.29,0,0.19,0,0,0,0,0,0,0,0,0,0.49,0,0,0,0,0,0,0,0,0,0,0,0,0,0,0,0,0,0,0
5089.96,0,0,0,0,0,0,0,0,0,0,0,0,0,0,0,0.68,0,0,0,0,0,0,0,0,0,0,0,0,0,0,0
5105.29,0,0.41,0,0,0,0,0,0,0,0,0,0,0,0,0,0,0,0,0,0,0,0,0,0,0,0,0,0,0,0,0
5116.89,0,0,0,0,0,0,0,0,0,0,1.02,0,0,0,0,0,0,0,0,0,0,0,0,0,0,0,0,0,0,0,0
5127.2,0,1.17,0,0,0,0,0,0,0.23,0,0,0,0,0,0,0,0,0,0,0,0,0,0,0,0,0,0,0,0,0,0
5134.4,0,0,2.01,0,0,29.88,0,0.75,0,0,0,0,5.57,0,2.94,0,4.84,0,0,0,0,11.37,8.39,0,4.16,11.9,0,0,2.87,0,1.46
5140.64,0.76,3.77,0,0.44,4.82,0,4.57,0,0.28,2.2,2.43,4.46,0,2.12,0,0,0,5.16,12.87,4.91,4.71,0,0,5.36,0,0,3.92,3.71,0,11.46,2.34
5149.26,0,0.57,0,0,0,0,0,0.68,0,0,0,0,0,0,0,0,1.22,0,0,2.19,0,0,0,0.98,0,0,0,2.49,0,0,0
5159.39,0,0,0,0.58,0,0,0,0,0,0,0,0,0,0,0,0,0,0,0,0,0,0,2.47,0,0,0,0,0,0,2.19,0
5170.06,0,0,0,0,0,0,0,0,0,0,0,0,0,0,0,0,0,0,0,0,0,0,0,0,0,0,0,0.47,0,0,0
5182.5,0,0,0,0,0,0,0,0,0,0,0,0,0,0,0,0.35,0,0,0,0,0,0,0,0,0,0,0,0,0,0,0
5192.43,0,1.1,0,0,0,0,0,0,0,2.18,0,0,1.57,0,0.76,0,0,0,0,0,1.52,0,0,0.84,0,0,0,0,0,0,0.68
5201.98,0,0.57,0,0,0,0,0,0,0,0,0,0,0,0,0,0,0,0,0,0,0,0,0,0,0,0,0,0,0,0,0
5208.26,0.6,0,0,0,0,8.15,0,0,0,1.26,0,0,0.73,0,0,0,0,0,0,0,0,0,0,0,1.35,0,0,0,0,0,0.96
5227.85,0,0,0.4,0,0,0,0,0,0,0,0,0,2.77,0,0,0,0,0,0,0,1.58,0,0,0,0,0,0,0,0,0,0
5233.61,0,0,0,0,0,6.76,0,2.38,0,4.14,0.44,2.23,0,0,0,0,7.39,0,3.49,0,0,0,0,0,4.37,0,0,3.39,6.45,3.38,4.23
5239.73,0,1.98,0,0,0,0,1.03,0,0,0,0,0,5.52,2.39,2.73,4.13,0,8.85,0,1.99,6.64,3.79,3.89,0,0,4.45,0,0,0,0,0
5246.32,0,1.03,0,0,4.86,0,0,0,0,0,0,0,0,0,0,0,0,0,0,0,0,0,0,0,0,0,0,0,0,1.32,0
5252.95,0.55,1.9,1.97,0,9.78,19.03,3.01,7.46,0.51,6.92,0,4.02,10.36,4.07,9.7,7.27,9.72,10.1,20.67,10.3,10.96,13.66,10.92,11.14,5.04,9.02,4.91,9.06,8.81,7.91,10.44
5264.43,0.2,0,0,0.89,0,0,0,0,0,0,0,0,2.05,0,0,0,0,2.71,0,0,0,0,0,0,0,0,0,0,0,0,0
5270.8,0,0,0,0,1.87,3.62,0,0,0,1.79,0,0,0,0.66,0,0,6.56,0,0,2.1,1.32,4.15,1.11,2.56,2.36,6.49,0,0.87,2.15,0,3.02
5276.91,1.09,0,0,0,0,0,0,0,0,0,0,0,0,0.58,0,0,0,0,0,0,0,0,0,0,0,0,0,0,0,3.12,0
5282.79,0,0,0,0,0,0,0.24,0,0,0,0,0,0,0,0,0,0,0,0,2.78,0,0,0,1.08,0,0,0,0,1.27,2.1,1.04
5288.97,0,0,0,0.59,0,0,0,0,0,0,0,0,0,0,0,0,1.35,0.7,2.03,0,1.26,0,1.22,0,0,0,0,0,0,0,0
5319.62,0.58,0,0,0,0,1.92,0,0,0,0,0,0,0,0,1.18,0,0,0,0,0,0,0,0,0,0,0,0.45,0,0,0.89,0
5331.77,0,0,0,0,0,0,0,0,0,1.23,0,0,0,0,0,0,0,0,0,0,0,0,0,0,0,0,0,0,0,0,0
5338.88,0,0,0,0,1.67,9.18,0.51,0.8,1.42,1.41,0,7.26,3.97,1.56,0,0,0,0,0,0,0,0,0,0,0,0,0,0,0,0,0
5345.57,0,0.83,2.16,1.23,0,0,1.2,0,0,0,0,0,0,0,0,0,0,0,0,0,0,0,0,0,0,0,0,0,0,0,0
5351.5,0.35,0,0,0,0.91,0,0,0,0,0,0,1.58,0,0,0,0,0,0,0,0,0,0,0,0,0,0.38,0,0,0,0,0
5358.43,0,0,0,0,0,0,0,0,0,1.32,0,0,0,0,0,0,0,0,0,1.9,0,1.49,0,0,0,0,0,0,0,0,0
5370.52,0,0,0.15,0,0,0,0,0,0,0,0,0.15,0,0,0,0,0,0,0,0,0,0,0,0,0,0,0,0,0,0,0
5401.14,0,0,0,0,0,0,0,0,0,0,0,0,0,0,0.31,0,0,0,0,0,0,0,0,0,0,0,0,0,0,0,0
5411.84,0,0,0,0,0,0,0,0,0,0,0,0,0,0,0,0,0,0,0,0,0,0,0,0,0,1.37,0,0,0,0,0
5419.68,0,0,0,0,0,0,0.67,0,0,0,0,0,0,0,0,0,0,0,0,0,0,0,1.2,0,0,0,0,0.59,0,0,0
5429.63,0,0,0.68,0,0,0,0,0,0,0,0,0,2.13,0,0,0,0,0,0,0,0,0,0,0,0,1.04,0.45,0,0,0,0.71
5438.83,0,0,0,0,0,0,0,0,0,0,0,0,1.71,0,0,0,0,0,0,0,0,1.03,0,0,0,0,0,0,0,0,0
5448.35,0,0.22,0,0,0,0,0,0,0,1.35,0,0,0,0,0,0,0,0,0,0,0,0,0,0,0,0,0,0,0,0,0
5454.42,0,0,0,0,0,0,0,0,0,0,0,0,0,0,0,0,0,0,0,0,0.48,0,0,0,0,0,0,0,2.51,0,0
5460.55,0,0,0,0,0,5.48,0,0,0,1.49,0,0.47,0,3.1,2.77,2.67,0,2.63,0,0,0,0.81,0,0,0,0,0,0,0,0,2.94
5466.87,0.37,0,0,0,0.97,0,0,0.26,0,0,0,0,0,0,0,0,1.08,0,2.18,3.54,2.13,0,1.79,0,0,0,0,0,0,0.69,0
5473.65,0,0,0.65,0,2.93,0,0,0,0.62,0,0,0.96,2.61,0,0,0,0,0,0,1.15,0,0,0,0,0,0,0,0,0,1.86,0
5479.87,0,1.19,0,0,0,4.02,0,2.03,0,0,0,0,0,1.04,1.46,0,2.75,1.85,4.83,3.29,1.2,0,3.69,0,0,4.07,0,0.72,2.98,0,1.82
5486.09,0,0,0,1.41,1.28,0,3.1,0,0,0,0,0,0,0,0,0,0,0,0,0,0,1.98,0,0,0,0,0.58,0,0,0,0
5507.79,0,0,0,0,0,0,0.85,0,0,0,0,0,0,0,0,0,0,0,0,0,0,0,0,0,0,0,0.43,0,0,0,0
5514.2,0,1.03,0.68,0,0,7.98,0,0,0,0,0,0,1.6,0,0,1.68,0,1.37,0,0,0,0.79,0,2.52,0,0,0,0.91,0.72,0.41,0.87
5520.78,0,0,0,0,1.02,0,2.1,0,0,0,0,0.85,0,0.62,0,0,0,0,0,0,0,0,1.7,0,0.37,3.47,0,0,0,0,0
5530.48,0,0,0,0,0,0,0,0,0,0,2.19,0,0,0,0,0,0,0,0,2.19,0,0,0,0,0,0,0,0.81,0,0,0
5546.63,0,0,0,0,0,1.79,0,3.06,0,0,0,0,0,0.56,0,0,0,0,0,0,0,0,1.57,0,0,0,0,0,0,0,0
5553.94,0,0,0,0,1.14,0,0,0,0,0,0,0,0,0,0,0,0,0,0,0,0,0,0,0,0,0.83,0,0.38,0,0,0
5603.47,0,0,0,0,1.39,0,0,0,0,0,0,0,0,0,0,0,0,0,0,0,0,0,0,0,0,0,0,0,0.77,0,0
5610.19,0,0,0,0,0,0,1.35,0,0,0,0,0,0,0,0,0,1.03,0,0,0,0,0,0,0,0,0.4,0,0,0,0,0
5618.19,0,0,0,0,0,4.13,0,0,0,0,0,0,0,0.67,0,0,0,0,0,0,0,0,0,0,0,0,0,0,0,0,0
5624.83,0,0,0.47,0.64,0.73,0,0.59,0.75,0,1.27,0.6,0,0,0,0.85,0,0,0,0,0,0,0,0,0.78,0,0,0,0,0,0,0
5634.06,0,0,0.27,0,0,0,0,0,0,0,0,0.4,0,0,0,0,0,0,0,0,0,0,0,0,0,0,0,0,0,0,0
5644.76,0,0,0,0,0.84,0,0,0,0,0,0,0,0,0,0,0,0,0,0,0,0,0,0,0,0,0,0,0,0,0,0
5662.13,0,0,0,0,0,0,0,0,0,0,0,0,0,0,0,0,0,0,0,0,0,0,0.17,0,0,0,0,0,0,0,0
5678.52,0,0,0,0,0,0,0.46,0,0,0,0,0,0,0,0,0,0,0,0,0,0,0,0,0,0,0,0,0,0,0,0
5686.21,0,0.34,0,0,0,0,0,0,0,0,0,0,0,0,0,0,0,0,0,0,0,0,0,0,0.72,0,0,0,0,0,0
5693.68,0,0,0,0,0,0,0.35,0,0,0,0,0,1.97,0,0,0,0,0,0,0,0,0,0,0,0,0,0,0,0,0,0.89
5701.59,0,0,0,0,0,4.27,0,0,0,0,0,0,0,1.39,0,0,0,0.96,0,0,0,0,0,0,0,0,0,0,0,0,0.64
5708.64,0,0.47,0,0,0,0,0.37,0,0,0,0,0,1.71,0,0,0,0,0,0,0,0,0,0,0,0,0.89,0.37,0,0,0,0
5716.56,0,0,0,0,0,0,0,0,0,0.5,0,0,0,0,0,0,0,0,0,0,0,2.97,0,0,0,0,0,0,0,0,0
5723.39,0,0,0,0,0,0,0,0,0,0,0,0,0,0,0,0,0,0.56,0,0,0,0,3.2,0,0,0,0,0,0,0,0
5729.72,0,0,0,0,0,0,0,0,0,0,0,0,0,0,0,5.1,0,0.67,0,2.45,2.64,1.9,0,1.51,0,3.67,0.93,1.05,0,2.34,1.1
5745.21,0,0,0,0.76,0,0,0,0,0,0,0,0,0,0,0,0,0,0,0,0,1.18,0,0,0,0,0,0,0,0,0.61,0
5797.82,0,0,0,0,0,0,0,0,0,0,0,0,0,0,0,0,0.6,4.68,0,7.25,0,0,0,0,1.28,0,0.65,3.86,2.85,7.72,2.49
5804.51,0,0,0,0,0,0,0,0,0,0,0,0,0,0,0,0,0,0,4.61,0,5.92,2.73,4.94,3.29,0,7.51,0,0,0,0,1.64
5813.66,0,0,0,0,0,0,0,0,0,0,0,0,0,0,0,0,3.78,0,0,0,0,0,0,0,0,0,0,0,0,0,0
5822.13,4.63,0,2.99,0,0,54.81,0,7.14,0,0,0,7.35,15.63,0,9.2,0,20.44,13.18,10.28,13.26,9.52,0,9.9,0,8.3,23.84,5.66,4.64,9.95,0,8.76
5828.7,5.9,9.26,13.42,5.06,183.46,39.44,4.41,41.64,61.74,143.99,18.77,13.91,29.62,117.49,5.95,187.95,65.76,59.65,23.13,15.71,33.23,257.76,17.57,120.66,14.5,58.03,17.33,23.47,19.31,262.9,29.48
5837.41,2.28,8.43,0,0,0,12.55,4.61,0,0,0,5.43,0,0,0,0,0,0,0,7.21,6.68,0,0,10.45,0,0,0,0,0,8.3,0,0
5848.76,0,0,0,31.88,0,0,0,0,0,0,0,0,0,0,0,0,0,0,0,0,0,0,0,0,0,0,0,0,0,0,4.78
5861.01,0,2.75,0,0,0,0,0,0,0,0,0.9,0,0,0,0,0,0,0,0,0,0,0,0,0,0,0,0,0,0,0,0
5878.39,0,0,0,0,0,0,0,0,0,0,0,0,0,0,0,13.23,10.56,14.71,19.65,8.17,1.52,5.47,5.2,4.52,13.76,9.27,10.6,3.52,2.45,7.75,0
5885.41,0,0,0,0,0,0,0,0,0,0,0,0,0,0,0,0,9.5,14.81,15.08,3.83,8.46,12.4,5.56,3.85,0,7.47,0,2.57,3.52,11.65,27.5
5894.72,0,0,0,0,0,3.35,0,0,0,0,0,0,0,0,0,8.36,2.73,0,0,4.85,0,0,0,2.8,0,0,0,0,3.47,0,0
5901.53,0,0,0,0,0,0,0,0,0,0,0,0,0,0,0.57,0,5.15,5.75,0,0,0,4.89,0,0,4.36,0,6.95,0,0,0,0
5908.9,0,0,0,0,0,3.4,0.62,1.44,0.93,0,0,1.43,6.5,0.79,0,4.62,0,0,0,0,0.5,0,3.52,0,0,0,0,0,0,0,0
5916.52,0,0,0,0,0,0.6,0,0.71,0,1.9,0,0,0,0,0,0,0,0,0,0,0,0,0,0,0,0,0,0,0,0,0
5926.56,0.3,1.07,0,0,0,0,0,0,0,0,0,0,0,0,0,0,0,0,0,0,0,0,0,0,0,0,0,0,0,0,0
5934.76,0,0,0,0,0,0,0,0,0,0,2.08,0,0,0,0,0,0,0,0,0,0,0,0,0,0,0,0,0,0,0,0
5947.47,0,0,0.69,0,0,1.74,0,0,0,0,0,0.61,2.98,0,0,0,0,0,0,0,0,0,0,1.76,0,0,0,0,0,0,0
5964.03,0,0,0,0,0,0,0,0,0,0,0,0,0,0,0,34.7,39.44,36.55,28.8,31.82,35.61,47.28,29.33,75.1,47.77,91.61,30.44,52.1,48.38,92.91,50.06
5977.7,0,0,0,0,0,0,0,0,0,0,0,0,0,0,0,0,3.92,2.01,3.31,3.09,5.13,0,3.92,0,6.09,4.91,0,0,3.73,0,3.02
5989.19,0,0,0,0,0,0,0,0,0,0,0,0,1.54,0,0,0,0,0,0,0,0,0,0,0,0,1.02,0.56,4.33,0,0,0
6009.43,0,0,0.74,0,0,0,0,0,0,0,0,0,0,0,0,0,0,0,0,0,0,0,0,0,0,0,0,0,0,0,0
6020.56,0,0,0,0,0,22.48,0,0,4.49,21.85,10.13,14.7,30.81,14.23,0,0,7.1,10.92,9.09,8.79,0,0,13.38,6.28,3,8.38,0.54,7.79,2.37,5.14,5.92
6028.4,0,9.78,5.37,1.03,26.68,0,15.06,17.3,0,0,0,0,0,0,26.69,11.45,0,0,0,0,13.12,6.51,0,0,0,0,0,0,0,0,0
6035.47,0,0,0,0,0,0,0,0,0,0,0,0.6,0,0,0,0,0,0,0,0,0,0,0,0,0,0,0,0,0,0,0
6042.51,0,1.86,0,1.66,0,2.89,0,0,0,0.78,0,0,0,0,0,1.18,2.89,5.74,5.93,3.24,6.36,3.79,1.93,1.34,1.78,3.78,1.17,0,1.68,7.65,2.27
6083.33,0,0,0,0,0,0,0,0,0,0,0,0.99,0,0,0,0,0,0,0,0,0.63,0,1.91,0.83,0,2.29,0,0,0,0,1.25
6096.62,0.25,0,0,0,0,8.93,0,1.95,0,0,0,0,9.15,0,0,0,0,0,4.2,0,0,0,0,0,0,4.56,0,0,0,0,5.32
6103.77,0,2.43,0,0,0,0,2.57,0,0,5.5,2.15,0,0,0,0,0,0,5.5,0,8.31,0,0,0,0,3.05,0,2.34,0,0,0,0
6113.5,0,0,0,0,0,0,0,0,0,0,0,0,0,0,0,0,4.42,9.04,12.25,7.72,0,0,0,0,0,63.7,0,59.76,0,0,0
6120.35,0,10.43,7.97,0,0,30.43,12.55,41.85,10.77,37.36,15.06,19.71,38.73,30.17,42.74,5.64,8.07,8.15,8.9,4.86,60.27,76.51,69.99,49.8,33.08,0,22.7,0,43.28,42.46,34.75
6128.29,1.48,0,0,4.2,17.59,0,0,0,0,0,0,0,0,0,0,9.94,0,0,0,0,0,0,0,0,0,0,0,0,0,0,0
6135.14,0,0,1.57,0,0,10.3,0,0,2.45,0,0,7.82,12.77,0,0,0,0,0,0,0,0,0,0,0,0,0,0,0,4.5,5.02,3.31
6142.04,0,3.78,0,0,7.12,0,5.21,0,0,0,0,0,0,0,0,0,0,0,0,0,3.46,0,0,0,3.74,0,0,0,0,0,0
6170.52,1.76,0,7.1,0,0,54.84,0,40.43,13.13,49.47,14.94,37.54,60.6,29.65,49.26,0,40.46,49.61,35.47,40.93,35.35,0,44.67,31.93,25.15,42.5,19.63,32.91,28.06,46.7,35.11
6179.13,0.84,25.25,0,2.16,40.4,0,31.28,0,0,0,0,0,0,0,0,34.89,0,0,0,0,0,47.19,0,0,0,0,0,0,0,0,0
6188.09,0,0,0,0,0,0,0,0,0,0,0,0,0,0,0,0,0.43,0,0,0,0,0,0,0,0,0,0,0,0,0,2.17
6195.41,0,0,0,0,0,0,0,0,0,0.56,0,0,0,0.68,0,0,0,0,0,2.9,0,0,0,0,0,1.57,0,0,0,0,0
6203.79,0,0,0,2.52,0,0,0,0,0,0,0,0,0,0,0,0,0,0,0,0,0,0,0,0,0,0,0,0,0,0,0
6225.2,3,0,5.46,0,0,56.1,0,11.57,38.86,0,0,35.61,50.86,0,46.88,0,41.81,43.14,41.29,41.78,0,0,36.22,35.14,30.64,43.7,20.73,24.42,23.19,34.61,35.79
6233.49,0,53.59,0,0,128.03,0,25.47,0,0,38.13,63.43,0,0,66.48,0,25.19,0,0,0,0,37.9,27.09,0,0,0,0,0,0,0,0,0
6240.24,6.63,0,8.14,7.68,0,19.16,0,28.98,0,13.51,0,10.54,10.82,0,11.9,0,28.48,25.79,29.66,0,0,12.16,0,0,12.54,19.92,0,0,14.64,25.72,17.55
6247.47,0,0,0,0,0,0,9.03,0,0,0,0,0,0,0,0,8.03,0,0,0,27.4,17.93,0,20.51,14.67,0,0,9.33,17.06,0,0,0
6255.16,0,0,0,16.21,0,8.73,0,0,0,0,0,5.08,7.58,0,0,0,0,12.11,0,0,9.92,0,0,0,0,10.22,0,7.76,5.08,0,0
6262.65,0,0,0,0,0,0,0,0,0.45,0,0,0,0,3.37,0,4.37,15.07,0,12.42,9.08,0,5.4,12.2,11.69,3,0,4.13,0,0,0,9.01
6283.32,0,0,0,0,0,0,0,0,0,0,0,0.99,0,0,0,0,4.65,0.66,0,0,0,0,0,0,0,0,0,0,0,0,0
6290.22,0,0,0,0,0,0.88,1.02,0,0,1.46,0,0,1.54,0,0,2.08,0,0,2.09,2.19,0,0,1.81,2.36,2.83,3.41,0.98,1.14,0,3.61,1.82
6299.23,0,3.08,0,0,1.33,0,0,0,0,0,0,0,3.85,0,0,0.78,0,1.49,0,0,3.76,5.54,0.62,0.51,0,0,0,0.96,2.09,0,0.79
6306.38,0,0,0,0,0,0,0.81,1.23,0,0,0,0,0,0,0,0,0,0,0,0,0,0,0,0,0,0,0,0,0,2.99,0
6326.2,0,0,0,0.84,0,0,0,0,0,0,0,0,0,0,0,0,0,0,0,0,0,0,0,0,0,0,0,0,0,0,0
6354.09,0,0,0,0,0,3.75,2.52,0,0,4.14,0.93,4.6,4.72,1.51,0.93,0,0,0,0,0,0,0,0,0,0,0,0,0,0,0.49,0
6364.07,0,3.05,0,0,5.72,0,0,0,0,0,0,0,0,0,0,0,0,0,0,0,0,0,0,0,0,0,0,0,0,0,0
6371.91,0,0,0.27,0,0,1.38,0,6.18,0.11,3.49,0,0,4.07,0,0.91,0,1.29,0,0,0,0,0,0,0,0,0,0,0,0.81,0,0
6379.04,0,1.61,0,0,0,0,1,0,0,0,0,0,0,0,0,0,0,0,0,0,0,0,0,0,0,0,0,0,0,0,0
6410.62,0,0,0,0,0,0,0,0,0,0,0,1.6,1.95,0,0,0,0,0,0,0,0,0,0,0,0,0,0,0,0,0,0
6417.59,0,0,0,0,0,0,0,0,0,1.31,0,0,0,0,0,0,0,1.51,0,0.8,0,0,0,0,0.16,1.86,0,0,0.9,0,0
6429.09,0,0,0,0,0.95,0,0,0,0,0,0,0,0,0,0,0,1.25,0,0,0,0,0,0,0,0,0,0,0,0,0,1.09
6436.1,0,0,0,0,0,0,0,0,0,0,0,1.69,0,0,0,0,0,0,0,2.88,0.72,0,0,0,1.69,1.05,0,1.43,1.48,0,0
6444.13,0,0,0,0,0.41,0,0,0,0,0,0,0,0,0,0,0,0.62,0,0,0,0,0,0,0,0,0,0,0,0,2.71,0
6453.16,0,0,0,0,0,0,0,0,0,0,0,0,0,0,0,0,0,0,0,0,0,1,0,0,0,0.95,0.25,0,0,0,0
6471.5,0,0,0,0,0,0,0,0,0,0,0,0,0,0.51,0,0,0,0,0,0,0,0,0,0,0,0,0,0,0.56,0,0
6567.5,0,0,0,0,0,1.38,0,0,0,0,0,0,0,0,0,0,0.83,0,0,0,1.42,0,0,0.83,0,0,0,0,0,0,0
6595.24,0,0,0,0,0,0.64,0,0,0,0,0,0,0,0,0,0,0,0,0,0,0,0,0,0,0,0,0,0,0,0,0
6618.89,0,0,0,0,0,0.77,0,0,0,0,0,0,0,0,0,0,0,0,0,0,0,0,0,0,0,0,0,0,0,0,0
6639.47,0,0,0,0,0,0,0,0,0.56,0.32,0,0,3.6,0,0,0,0,0,0,0,0,0,0,0,0,0,0,0,0,0,0
6647.17,0,0,0,0,0,1.33,0.64,0,0,0,0,0,0,0,0.6,0,2.18,0,0,0,0,0.77,0,0,0,0,0.34,0.12,0,0,0
6657.98,0,0,0,0,1.3,0,0,0,0,0,0,0,0,0,0,0,0,0,0,0,0,0,0,0.53,0,0,0,0,0,0,0
6667.04,0,0,0,0,0,0,0,0,0,0,0,0,0,0.33,0,0,1.09,0,0,0,0,0,0,0,0,0,0,0,0,0,0
6694.24,0,0.27,0,0,0,0,0,0,0,0,0,0,0,0,0,0,0,1.12,0,0,0,0,0,0,0.12,0,0,0,0,0,0
6704.36,0,0,0,0,0,10.91,0.83,0,0,0,0,0,3.61,3.7,0,2.79,0,0,0,0,0,0,0,0,0,0,0,0,0,0,0
6712.04,0,0,2.01,0,0,0,0.61,0,0,0,0,0,0,0,0,0,7.85,1.93,10,0,0,0,0,0,0.41,2.93,0.91,0,0,0,1.14
6720.03,0,0,0,0,2.35,0,0,10.04,1.61,0,1.37,5.77,4.47,0,0.91,0,0,0,0,7.3,3.11,4.64,7.16,2.12,2,0,0,0,0.57,0,0.74
6731.88,0,0,0,0,0,0,1.39,0,0,4.98,0,0,0,0,0,0,0,0,0,0,0,0,0,0,0,0,0,1.22,0,4.76,0
6739.47,0,0,0,0.33,0,0,0.6,0,0,0,0,0,0,0,0,0,0,0,0,0,0,0,0,0,0,0,0,0,0,0,0
6748.58,0,0,0,0.5,0,0,0,0,0,0,0,0,0,0,0,0,0,0,0,0,0,0,0,0,0,0,0,0,0,0,0
6824.66,68.99,0,351.8,0,0,2754.14,0,624.38,391.65,1218.26,595.88,1173.15,3497.34,1166.61,1297.76,2148.29,1583.59,2017.98,3045.3,1857.66,976.55,3738.43,1251.25,660.62,621.51,964.53,378.33,1818.25,405.21,3044.74,868.33
6833.83,80.57,320.53,0,138.69,1366.95,0,552.35,0,0,0,0,0,0,0,0,0,0,0,0,0,0,0,0,0,0,0,0,0,0,0,0
6841.51,0,18.09,37.42,0,0,392.39,45.05,281.9,13.57,0,0,69.76,0,0,72.74,0,246.8,328.05,484.13,268.34,111.86,0,143.33,48.89,46.31,89.29,33.92,0,13.32,0,60.53
6852.55,21.9,0,22.55,437.87,0,0,0,65.57,0,0,25.67,0,0,0,53.57,0,0,47.47,0,0,0,0,0,0,21.38,38.66,0,0,0,0,0
6861.24,11.47,22.21,0,0,0,238.67,32.1,0,29.55,49.54,0,52.4,0,20.73,0,0,0,0,0,30.42,0,0,0,0,0,0,13.83,0,0,0,0
6993,6.05,0,119.07,0,0,333.79,73.49,71.92,94.85,222.84,91.29,325.22,431.56,206.41,296.6,579.86,362.24,440.97,702.78,412.07,213.43,996.3,298.35,359.06,136.35,226.08,80.72,432.58,81.49,765.12,191.34
7003.16,15.37,77.95,0,26.71,159.17,37.05,0,0,0,0,0,0,0,0,0,0,0,0,0,0,0,0,0,0,5.18,19.82,0,0,5.8,0,15.18
7012.07,0,0,0,0,0,0,4.05,23.59,0,0,0,0,0,0,0,0,53.43,52.92,88.94,53.71,20.62,0,38.28,0,0,0,11.61,0,0,0,0
7021.23,2.93,0,0,60.96,0,16.19,0,0,0,0,0,0,0,0,0,0,0,0,0,0,0,0,0,0,0,16.31,0,0,0,0,0
7032.84,0,0,0,0,0,0,0,0,4.47,0,5.52,0,0,0,0,0,0,0,0,0,0,0,0,0,0,0,0,0,0,0,0
7058.58,0,0,0.78,0,0,0,0,0,0,0,0,0.58,1.76,0.29,0,0,4.01,3.63,0,5.69,3.82,0,0,6.1,1.47,11.58,1.5,3.6,5.15,0,4.39
7069.04,0,1.07,0,0,0,0,0,0,0,0,0,0,0,0,0,0,0,0,0,0,0,0,0,0,0,0,0,0,0,0,0
7076.89,0,0,0,0,0,0,0,0,0,0,0,0,0,0,0,1.59,5.8,2.92,0,2.83,5.75,0,4.22,8.14,3.95,9.26,1.45,8.69,7.3,4.24,4.87
7084.55,0,0,0,0,0.36,0,0,0,0,0,0,0,0,0,0,0,0,0,0,0,0,0,0,0,0,0,0,0,0,0,0
7122.95,0,0.12,0,0,0,0,0,0,0,0,0,0,0,0,0,0,0,0,0,0,0,0,0,0,0,0,0,0,0,0,0
7155.37,0,0,0,0,0,0,0,0,0,0,0,0,0,0,0,0,0,0,1.66,0,0,0,0,0,0,0,0,0,0,0,0
7164.25,0,0,0,0,0,0,0,0.61,0,0,0,0,0,0,0,0.66,0,0,0,0,0,0,1.28,0,0,0,0,0,0,0,0
7172.88,0,0,0,0,0,0,0,0,0,0,0,0,0,0,0,1.59,0,0,0,1.24,0,0,0,0,0,0,0,0,0,0,0
7205.03,0,0,0,0,0.52,0,0,0,0,0,0,0,0,0,0,0,0,1.57,0,0,0,0,0,0,0,0,0,0,0,0,0
7214.94,0,0,0,0,0,0,0,0,0,1.06,0,0,0,0.95,0,0,0,0,0,0,0,0,0,0,0,0,0,0,0,0,0
7223.09,0.56,0,0,0,0,9.9,0,0,0.41,0.92,0,0,0,0,0,0,0,0,0,0,0,0,0,0,0,0,0,0,0.87,0,0
7233.28,0,0.72,1.26,0,0,0,2.97,1.42,0,4.31,0,2.01,9.1,3.37,1.04,0,0,0,0,0,0,0,0,0,0,0,0,0,0,0,0
7243.76,0,0,0,0,6.47,0,0,0,0,0,0,0,0.25,0,0,0,0,0,0,0,0,0,0,0,0,0,0,0,0,0,0
7258.53,0,0,0,0,0,0,0,0,0,0,0,0,0,0.78,0,0,2.97,0,0,0.53,0,0,0,0,0,0,0,0,0,0,0
7268.39,0,0,0,0,0,0,0,0,0,1.1,0,0,0,0,0,0,0,0,0,0,0.51,2.21,0,0,0,0,0.32,0.32,0,0,0
7276.32,0,0,0,0,0,0,0,0,0,0,0,0,0,0,0,1.7,2.17,2.34,0,1.84,0.75,0,1.48,1.53,1.17,3.73,0,1.31,1.69,3.32,2.74
7289.45,0,0,0,0,0,0,0,0,0,0,0,0,0,0,0,0,0,0,0,0,0,0,0,0,0,0,0,0,0.79,0,0
7387.49,0,0,0,0,0,0,0,0,0,0,0,0,0,0,0,0,0,0,0,0,0,0,0,0,0,0.51,0,0,0,0,0
7412.32,0,0,0,0,0,2.19,0,0,0,0,0,0,0,0,0,0,0,0,0,0,0,0,0,0,0,0,0,0,0,0,0
7489.28,8.52,0,86.6,0,0,733.6,0,105.71,37.23,73,42.49,106.99,184.96,60.88,79.35,99.6,176.73,158.54,186,67.72,41.36,149.85,118.6,85.53,80.19,259.9,55.82,100.25,123.9,185.47,111.36
7500.17,10.07,42.4,0,22.8,123.76,0,70.2,0,0,0,0,0,0,0,0,0,0,0,0,0,0,0,0,0,0,0,0,0,0,0,0
7513.28,0,0,0,0,0,0,0,0,0,0,0,0,0,0,0,0,0,0,0,4.75,3.78,0,0,0,0,0,0,0,0,0,0
7527.45,0,2.78,0,11.82,0,0,0,0,0,0,0,0,0,0,0,0,0,0,0,0,0,0,0,0,0,0,0,0,0,0,0
7539.01,0,0,0,0,0,0,0,0,0,0,0,0,0,0,0,0,0,0,0,0,0,0,0,0,0,1.45,0,0,0,0,0
7548.91,0,0,6.38,0,0,43.59,1.38,1.61,0.66,2.67,0,3.61,2.67,0,0,0,5.56,1.7,1.16,1.01,2.41,0,0,1.38,0.86,6.49,0.77,2.15,2.53,2.34,2.95
7557.62,1.79,3.49,0,0,0,0,0,0,0,0,0,0,0,1.46,0.91,0,0,0,0,0,0,0,0.74,0,0,0,0,0,0,0,0
7565.84,0,0,0,0,7.34,0,0,0,0,0,0,0,4.01,0,0,0,0.76,2.32,0,3.63,0,1.94,2.57,0,0,0,0,0,0.3,2.98,1.99
7646.15,0,0,0,0,0,0,0,0,0,0,0,0,0,0,0,0,0,0,0,0,0,0,0,0,0,0,0,0.3,0,0,0
7658.91,0,0,0,0,0,0,0,0,0,0,0,0,0,0,0,0,0,0.29,0,0,0,0,0,0.77,0,0,0,0,1.27,0,0
7667.12,0,0,0,0,0,1.07,0,0,0,0,0,1.48,0.55,0,0.37,4.02,3.98,4.88,5.97,4.56,1.03,5.36,3.42,1.79,0.6,5.47,0,0.65,2.64,3.78,1.41
7750.88,0,0,1.55,0,0,9.87,0,0,0.89,0,0,4.5,9.13,0,1.4,0,0,0,0,0,0.49,0,0,0.37,0,0,0,0,0,1.2,0.91
7760.46,0,0,0,0,5.83,0,1.82,0,0,2.53,0,0,0,2.51,0,0,0,0,0,0,0,0,0,0,0,0,0,0,0,0,0
7778.69,0,0,0,0,0,0,0,0,0,0,0,0,0,0,0,0.59,0,0,0,0,0,0,0,0,0,0,0,0,0,0,0
7787.04,11.65,0,17.11,0,0,73.62,19.2,80.58,18.43,66.88,37.36,77.41,112.16,39.92,50.69,0,0,0,0,0,0,0.73,0,0.55,0,0,0,0,0,0,0
7798.38,0,35.12,0,0,85.52,0,0,0,0,0,0,0,0,0,0,0,0,0,0,0,1.43,0,0,0,0,0,0,0,0,0,0
7806.72,0,0,4.48,0,0,49.28,7.62,0,0,0,0,0,0,0,0,0,1.84,0,0.91,0,0,0,0,0,0.16,7.42,0,0.61,0.57,0,0
7816.41,0,0,0,22.76,0,0,0,0,0,0,0,0,0,4.54,0,0.86,0,0,0,0,0,1.07,0,1.67,0,0,0,0,0.56,2.74,1.34
7831.09,0,0,0,0,0,0,0,0.66,0,0,0,0,0,0,0,0,0.96,0,0,0,0,0,0,0,0,0,0,0,0,0,0
7848.6,0,0,0,1.11,0,0,0,0,0,0,0,0,0,0,0,0,0,0,0,0,0,0,0,0,0,0,0,0,0,0,0
7869.85,0,0,0,0,0,0,0,0,0,0,0,0,0,0,0,0,0,0,0.77,0,0,0,0,0,0,0,0,0,0,0,0
7887.79,0,0,0,0,0,0,0,0,0,0,0,0,0,0.81,0,0,0,0,0,0,0,0,0,0,0,0,0,0,0,0,0
7898.97,0.27,0,5.04,0,0,11.76,0,0,0,0,0,19.32,0,11.7,11.98,0,0,0,0,0,0,0,0,0,0,0,0,0,0,0,0
7910.41,0,3.94,0,0,21.21,0,10.42,19.13,5.27,20.79,4.46,0,25.61,0,0,2.33,0,0,1.54,0,0,0,0,0,0,0,0,0,0,0,0
7919.49,0.85,1.95,0,0,0,5.08,0,0,0,0,0,0,0,0,0,0,0,0,0,0,0,0,0,0,0,0,0,0,0,0,0
7933.36,0,0,1.54,0,0,0,0,0,0.11,0,0,0,0,0,1,0,0,0,0,0,0,0,0,0,0,0,0,0,0,0,0
7941.87,0,0,0,0,0,5.98,0,0,0,0,0.97,8,0,0,0,0,0,0,0,0,0,0,0,0,0,0,0,0,0,0,0
7951.78,0,0,0,0,0,0,0.95,13.22,0.97,0,0,0,10.72,0,0,0,0,0,0,0,0,0,0,0,0,0,0,0,0,0,0
7960.73,0,1.19,3,1.64,0,16.12,0,0,0,5.27,0,0,0,0,0,0.41,0,0,0,0,0,0,0,0,0,0,0,0,0,0,0
7970.72,0,1.2,0,0,0,0,2.84,0,0,0,4.4,0,0,6.15,3.95,0,0,0,0,0,0,0,0,0,0,0,0,0,0,0,0
7980.52,0,0,0,0,7.65,0,0,0,0,0,0,0,0,0,0,0,0,0,0,0,0,0,0,0,0,0,0,0,0,0,0
7990.16,0,0,0,0,0,0,0.67,0,0.52,0,0,1.94,0,0,0,0,0,0,0,0,0,0,0,0,0,0,0,0,0,0,0
7998.73,0,0.61,0,0,0,0,0,0,0,0,0,0,0,0,0,0,0,0,0,0,0,0,0,0,0,0,0,0,0,0,0
8016.95,0,0,0,0.37,0,0,0,0,0,0,0,0,0,0,0,0,0,0,0,0,0,0,0,0,0,0,0,0,0,0,0
8117.44,259.94,0,2860.31,0,0,9935.17,3049.73,7892.74,2439.69,5412.55,3268.29,6143.17,8100.88,4110.28,6785.73,135.11,56.09,79.57,76.82,80.31,116.38,226.98,130.96,98.66,76.2,148.87,47.97,92.15,98.17,157,91.29
8127.97,46.99,2445.82,0,245.31,5539.99,0,0,0,0,0,0,0,0,0,0,0,4.81,6.4,3.09,6.83,0,0,0,0,0,0,0,0,0,0,0
8148.37,0,0,0,273.27,0,0,0,0,0,0,0,0,0,0,0,0,0,0,0,0,0,0,0,0,0,0,0,0,0,0,0
8202.55,113.05,0,676.93,0,0,2356.62,0,841.41,345.02,895.58,375.98,991.63,1112.09,599.6,1207.11,2.43,7.15,3.91,3.21,5.37,3.24,7.36,3.29,9.33,5.32,13.41,1.59,6.42,4.33,9.75,7.14
8215.01,28.47,750.83,0,61.67,1283.46,0,796.61,0,0,0,0,0,0,0,0,0,0,0,0,0,0,0,0,0,0,0,0,0,0,0,0
8235.52,0,0,0,13.13,0,0,0,0,0,0,0,0,0,0,0,0,0,0,0,0,0,0,0,0,0,0,0,0,0,0,0
8248.16,0,0,0,16.76,0,0,0,0,0,0,0,0,0,0,0,0,0,0,0,0,0,0,0,0,0,0,0,0,0,0,0
8304.97,0,0,0,0,0,3.72,3.21,0,0,0.45,0,2.33,3.41,1.21,0.55,0,0,0,0,0,0,0,0,0,0,0,0,0,0,0,0
8316.57,0,0.79,0,0,1.93,0,0,0,0,0,0,0,0,0,0,0,0,0,0,0,0,0,0,0,0,0,0,0,0,0,0
8351.02,0,0,0,0,0,1.85,1.16,0,0,0,0,0,0,0,0,0,0,0,0,0,0,0,0,0,0,0,0,0,0,0,0
8364.8,0,0,0,0,0,1.16,0,0.75,0,0,0,0,0,0.77,0,0,0,0,0,0,0,0,0,0,0,0,0,0,0,0,0
8374.16,0,0,0,0,3.48,0,0,0,0,0.64,0,0,0,0,0,0,0,0,0,0,0,0,0,0,0,0,0,0,0,0,0
8417.37,0,0,0,0,0,0,0.38,0,0,0,0,0,0,0,0,0,0,0,0,0,0,0,0,0,0,0,0,0,0,0,0
8523.1,0,0,0,0,0,0,0,0,0,0,0,0,0,0,0,0,0,0,0,0,0,0,0,0,0,1.29,0,0,0,0,0
8537.48,0,0.46,0,0,0,0,0,0,0,0,0,0,0,0,0,0,0,0,0,0,0,0,0,0,0,0,0,0.24,0.52,0,0
8554.36,4.01,0,0,0,0,106.02,0,0,0,0,0,0,43.67,0,0,0,0,0,0,0,0,0,0,0,0,0,0,0,0,0,0
8563.6,0,21.95,19.78,0,0,0,27.69,30.66,6.37,36.89,8.5,31.82,0,21.42,44.03,0.85,0.66,1.8,0,0.49,0.74,0,2.47,4.07,1.07,6.03,1.52,3.58,3.41,7.27,3.06
8575.24,0,0,0,0,66.03,0,0,0,0,0,0,0,0,0,0,0,0,0,0,0,0,5.92,0,0,0,0,0,0,0,0,0
8609.94,0,0,0,4.74,0,0,0,0,0,0,0,0,0,0,0,0,0,0,0,0,0,0,0,0,0,0,0,0,0,0,0
8623.55,0,0,0,0.44,0,0,0,0,0,0,0,0,0,0,0,0,0,0,0,0,0,0,0,0,0,0,0,0,0,0,0
8704.49,0,0,0,0,0,39.31,0,0,0,9.77,0,5.97,11.1,0,4.09,0,32.13,29.13,53.91,22.4,10.24,0,16.49,16.04,18.5,49.2,18.51,15.6,26.32,25.33,30.98
8717.9,0,4.11,6.42,0,29.17,35.51,22.53,50.38,6.02,0,3.26,6.17,9.32,9.82,5.1,220.42,55.61,60.27,103.04,46.72,47.81,438.4,40.48,54.08,27.75,87.17,28.11,68.74,54.33,156.59,44.62
8735.79,0,0,0,0,0,4.06,0,0,0,0,0,0,0,0,0,0,22.17,27.1,35.59,16.41,0,0,10.88,0,6.77,24.38,13.52,0,20.66,0,9.44
8769.99,0,0,0,6.46,0,0,0,0,0,0,0,0,0,0,0,0,0,0,0,0,0,0,0,0,0,0,0,0,0,0,0
8834.25,0,0,0,0,0,0,0,0,0,0,0,0.32,0,0,0,0,0,0,0,0,0,0,0,0,0,0,0,0,0,0,0
8874.8,1.38,6.43,3.44,0,14.65,26.35,7.7,7.34,1.46,7.18,0,6.97,14.1,3.94,7.93,0,0,0,0,0,0,0,0,0,0,0,0,0,0,0,0
8926.13,0,0,0,0,0.53,0,0,0,0,0,0,0.64,0,0,0,0,0,0,0,0,0,0,0,0,0,0,0,0,0,0,0
9054.7,3.54,0,13.15,0,0,59.62,0,32.73,10.81,0,0,0,65.67,0,0,0,1.26,0,1.58,0,0,0,0,0.64,0,0.52,0,0,0,0.76,0.67
9064.66,0,18.91,0,3.29,48.25,0,21.67,0,0,39.72,12.93,46.9,0,25.51,37.33,1.29,0,0.16,0,1.55,0.36,3.2,0,0,0,0,0.18,0,0,0,0
9108.6,0,0,0,1.35,0,0,0,0,0,0,0,0,0,0,0,0,0,0,0,0,0,0,0,0,0,0,0,0,0,0,0
9178.42,0,0,0.6,0,0,0,0,0,0,0,0,1.39,0,1.38,0,0,0,0,0,0,0,0,0,0,0,0,0,0,0,0,0
9188.46,0,1.96,0,0,2.28,1.68,2.33,1.65,0,1.62,0,0,4.06,0,1.45,0,0,0,0,0,0,0,0,0,0,0,0,0,0,0,0
9286.61,0,0,0,0,0,40.38,1.22,1.66,0,0,0,1.42,8.33,0,0.35,0,4.01,5.97,8.17,14.19,0,0,0,11.25,7.19,51.42,7.54,9.68,4.65,28.66,14.55
9301.18,0,0.41,0,0,1.43,0,0,0,0,0.73,0,0,0,0,0,13.54,3.13,3.12,6.48,0,5.4,30.24,13.41,0,0,0,0,0,4.44,0,0
9402.39,0,0,0,0,0,0.7,0,0,0,0,0,0,0,0,0,0,0,0,0,0,0,0,0,0,0,0,0,0,0,0,0
9456.6,0,0,0,0,0,0,0,0,0,0,0,0,0,0,0,34.03,41.61,40.9,40.49,42.14,25.21,0,38.87,27.17,13.04,57.09,10.64,23.71,33.13,46.02,26.12
9472.44,0,0,0,0,0,0,0,0,0,0,0,0,0,0,0,0,0,0,0,0,0,70.67,0,0,0,0,0,0,0,0,0
9719.5,0.04,0,0.93,0,0,0,0,0,0.26,0,0,0,0,0,0,0,0,0,0,0,0,0,0,0,0,0,0,0,0,0,0
9730.64,0,1.79,0,0,8.03,12.1,1.66,2.33,0,4.35,0,3.73,9.21,1.99,4.43,0,0,0,0,0,0,0,0,0,0,0,0,0,0,0,0
9854.63,0,0,1.27,0,0,14.79,1.38,0,0,0,0,1.42,0,0,0.47,0,0,0.63,0.44,0,0,0,0,0.78,0.4,5.78,0,0,0.61,0,0.63
9867.22,0,0.35,0,0,9.66,0,0,0,0,0,0,0,0,0,0,0.4,0,0,0,1.69,0,1.56,0.78,0,0,0,0,0.2,0,2.36,0
9894.57,0,0,0,0,0,0,0,3.47,0,0,0,0,0,0,0,0,0.17,0,0,0,0,0,0,0,0,0,0,0,0,0,0
9905.73,0,0.59,1.16,0.87,0,12.34,0.57,0,0,2.52,0,2.87,15.84,0.68,0.78,0.55,0,0,0,0.52,0.2,2.13,0,0,0,0.73,0,0,0.34,0,0.2
9923.75,0,0,0,0,0,0,0,0,0,0,0,0,0,0,0,0,0,0,0,0,0,0.17,0,0,0,0,0,0,0,0,0
10115.46,0,0,0,0,0,0,0,0,0,0,0,0,0.37,0,0,0,0,0,0,0,0,0,0,0,0,0,0,0,0,0,0
10988.44,0,0,0,0,0,8.75,0,0,0,0,0,0,0,0,0,0,0,0,0,0,0,0,0,0,0,0,0,0,0,0,0
11033.29,0,0,0,0,0,0.83,0,0,0,0,0,0,0,0,0,0,0,0,0,0,0,0,0,0,0,0,0,0,0,0,0
11624.01,0,0,86.13,0,0,617.95,0,0,49.44,0,72.66,187.77,368.38,0,94.19,0,9.83,12.16,15.66,0,0,0,0,0,103.4,434.45,81.9,0,245.19,0,184.66
11636.23,31.95,53.27,0,73.21,174.58,0,66.6,162.81,0,131.86,0,0,0,117.23,0,223.28,12.01,9.1,14.25,11.25,150.08,430.96,291.12,150.77,0,0,0,165.1,0,317.2,0
11735.67,0,0,0,0,0,0,0,0,0,0,0,0,0,0,0,0,7.53,6.92,36,3.95,0,0,3.88,0.55,0,17.41,1.51,1.12,0,4.02,2.32
11754.01,0,0,0,0,0,0,0,0,0,0,0,0,0,0,0,1.15,0,0,0,0,0,4.87,0,0,0,0,0,0,0,0,0
13182.74,0,0,0,0,0,28.49,0,0,0,0,0,0,0,0,0,0,0,0,0,0,0,0,0,0,0,0,0,0,0,0,0
14937.27,0.24,0,8.18,0,0,136.6,0,0,0,0,0,7.64,16.15,0,3.52,0,29.08,20.3,35.89,0,0,0,0,0,10.78,95.83,6.07,16.14,13.05,42.76,22.77
14954.42,1.47,3.29,0,2.77,12.48,0,8.54,7.58,0.49,2.74,0.62,0,0,3.19,0,20.87,0,0,0,22.19,7.32,51.21,22.17,13.21,0,0,0,0,0,0,0
15009.5,0,0,0,0.19,0,0,0,0,0,0,0,0,0,0,0,0,0,0,0,0,0,0,0,0,0,0,0,0,0,0,0
15576.56,0,0,0,0,0,1.03,0,0,0,0,0,0,0,0,0,0,0,0,0,0,0,0,0,0,0,0,0,0,0,0,0
16447.56,0,0,0,0,0,38.73,0,0,0,0,0,0,0.32,0,0,0,0,0,0,0,0,0,0,0,0,0,0,0,0,0,0