"Mass","enterococcus_faecium_s_1054_-_d1","enterococcus_faecium_s_1065_-_d1","enterococcus_faecium_s_1269_-_d1","enterococcus_faecium_s_142_-_d1","enterococcus_faecium_s_1508_-_d1","enterococcus_faecium_s_1514_-_d1","enterococcus_faecium_s_1604_-_d1","enterococcus_faecium_s_1841_-_d1","enterococcus_faecium_s_1856_-_d1","enterococcus_faecium_s_1963_-_d1","enterococcus_faecium_s_2090_-_d1","enterococcus_faecium_s_2217_-_d1","enterococcus_faecium_s_276_-_d1","enterococcus_faecium_s_491_-_d1","enterococcus_faecium_s_974_-_d1","enterococcus_faecium_s_g-13_-_d1","enterococcus_faecium_s_g-19_-_d1","enterococcus_faecium_s_g-1_-_d1","enterococcus_faecium_s_g-20_-_d1","enterococcus_faecium_s_g-3_-_d1","enterococcus_faecium_vanb_1080_-_d1","enterococcus_faecium_vanb_1095_-_d1","enterococcus_faecium_vanb_1144_-_d1","enterococcus_faecium_vanb_1213_-_d1","enterococcus_faecium_vanb_1303_-_d1","enterococcus_faecium_vanb_1791_-_d1","enterococcus_faecium_vanb_2038_-_d1","enterococcus_faecium_vanb_2043_-_d1","enterococcus_faecium_vanb_2119_-_d1","enterococcus_faecium_vanb_2167_-_d1","enterococcus_faecium_vanb_2446_-_d1","enterococcus_faecium_vanb_2745_-_d1","enterococcus_faecium_vanb_2_-_d1","enterococcus_faecium_vanb_313_-_d1","enterococcus_faecium_vanb_342_-_d1","enterococcus_faecium_vanb_468_-_d1","enterococcus_faecium_vanb_736_-_d1","enterococcus_faecium_vanb_775_-_d1","enterococcus_faecium_vanb_834_-_d1","enterococcus_faecium_vanb_887_-_d1"
2016.0929995353,2562.1788517093,577.601658284,5997.3381058061,2297.6570356423,4034.4163649239,4962.3448409015,4901.9984849705,3729.3241431757,2005.5138972383,1777.3578427285,2481.2585504949,1811.1637175317,4214.0337919171,2064.3185316065,3295.8424667636,365.7280474232,1290.5863018628,409.805244866,769.2390754166,5227.3708012845,3154.9111828749,1511.8493091455,8457.5007109442,5764.188493231,1866.3070444845,4516.9219557942,5400.3522782047,2665.338355329,2447.3839780268,9813.2802504915,3305.1205737668,2642.8045132704,2220.5277504927,2143.9194335249,750.8006269084,3074.795144341,1172.7673962062,1330.2290821645,98.3683107194,2325.1056072844
2089.6921407077,751.1759422239,291.8389890982,2617.9408279039,1277.7097373596,1613.1028930956,1529.6379112489,1979.1401788516,1554.8279293254,1344.3526547466,1529.9000198822,1130.2642043172,783.6765668085,2311.753103376,804.1251214186,2077.4897997748,87.6200880251,1036.7827823721,198.1510138761,404.9763050669,2120.1546019658,1367.3552869281,740.2876038068,1610.4513020212,2097.9031603986,714.4970613906,1407.741726709,1788.4258206341,2654.899789884,734.3592902572,3185.3540565045,1348.5361058266,1269.9011083045,1032.4616940311,846.5532494972,413.6592609243,1529.6710563277,636.383300207,717.0991708948,22.7770319092,1149.9650206112
2106.3698652473,446.4544346266,190.5460539849,1382.1908751319,710.4496707722,804.9059682806,667.100901434,960.4722480118,829.4240433128,579.2715244897,761.3828910121,519.0935591671,408.2799075512,1080.9862787475,476.2513371066,896.8017525094,85.7777205736,574.4840595625,99.493053087,247.2782483576,1105.4402726061,794.5804485471,429.2126373518,1562.4566805676,1106.1668394457,375.6696390219,797.0259157539,908.5695443338,1203.6185066702,379.8111184588,1569.3107383559,729.6981254461,642.7621257207,544.9833428554,500.9691571156,231.3111746268,815.0421901677,382.8712691169,428.0878382527,19.9013828766,587.3127884079
2162.0078398994,217.9554989364,103.8647033528,727.242732792,439.8515646817,439.1637681697,345.3620404647,571.690164642,414.4920794808,406.318898343,648.0729677409,292.7650767637,305.1933883376,576.4973382842,226.8303636026,652.8852638289,60.137500592,326.3646537338,67.8399918674,131.6345759625,551.4662781771,383.6551270985,231.6956380274,873.8010834251,538.6409339704,237.3417935631,538.4432108932,438.6946542114,983.411584564,229.1719553831,898.1740962984,499.6954843104,416.0751682266,256.1432951932,203.7834498243,145.8275166642,411.3859982345,203.2885990629,245.6276186763,21.7599013241,327.1454447879
2222.1235922408,678.3117004213,211.7161394035,1188.3007998479,909.4831260272,1087.762643192,938.8020619552,1274.8907852855,946.0089526406,792.2756369352,915.824084579,745.7184552318,640.6976095679,1215.8517905611,597.1274545532,1185.8667602186,150.821395334,441.1628498571,115.7053399587,223.1721108845,1297.130508463,981.5259883281,471.2446881878,1600.3233766341,1705.3762369123,621.5796493498,1385.1063816657,1458.2137093895,1471.9896934792,754.3033662258,2347.6640828825,1162.5865412161,1408.2502617171,608.4870066326,616.082549874,266.0709886608,854.5397648983,523.2502051046,530.5760575483,23.4735889817,701.1617275104
2259.2483721689,160.9244338046,62.0443362725,568.8938599488,210.6448495255,236.0305215137,424.8180892028,325.6494217162,419.2522902607,219.4387242937,219.5727136001,177.9239054461,263.4162227701,292.5029178942,104.5114149827,279.8704164884,51.3015184582,147.0451531061,45.6412739201,66.2062546512,244.0699866267,192.0228702026,90.2851581051,1865.4404574644,270.0516374292,120.7432175409,331.7134787293,274.4865265144,274.9201171724,142.3028279051,385.7247447492,252.9981567989,532.2312215809,115.9716168769,113.6383281515,80.788653788,201.6119180988,137.5544101727,153.1388975314,16.6426071669,181.8170150844
2275.4640452023,117.897649827,63.7879435413,318.1990019482,231.8707746659,142.3106376535,235.8509642439,221.910971403,201.9220217598,156.1491815921,209.3038461887,138.7286953249,201.7008184072,313.3934034789,124.6333193477,274.5949703611,52.2858325359,172.7630954399,53.1626794315,73.344186229,269.33661868,208.0583175839,109.2489446175,596.1973381905,242.4185345945,92.117550955,201.6144141672,209.3845999769,276.900598577,142.2060837958,327.8574518022,171.1574320698,210.5780384898,137.1335712825,99.5326000291,83.5362557354,225.9596306853,140.2279226208,127.1902803801,16.7791479727,183.6942423972
2326.4216517786,294.8570682006,95.8025204676,1074.6821618851,650.9889912581,728.8584799418,617.035121264,853.5179586715,718.2186772152,596.7944451166,836.157830443,450.4936592436,408.1069616646,1072.2782564309,335.6336742319,876.6840835666,41.8605951037,495.6289676998,104.4197475409,204.2934484804,998.6607371203,674.1278523465,392.529338185,1046.1896378788,858.5491351402,334.4398726059,710.3213905655,768.9625501368,1263.7807142193,298.7625866283,1363.4369132494,765.5786314066,866.4892332916,488.3845848475,332.4782421354,237.3861598661,778.7506481047,348.5385934511,406.6861413619,20.3605803733,529.7353799572
2405.3180154882,1035.0790001571,278.7907098329,6239.391612906,2154.8756724115,4154.1208102066,3539.9165054247,4909.7173526179,4034.8485963534,3333.4295580423,4729.4675308982,2397.2851278154,2250.384354183,3653.3838913174,1138.1499265507,5331.0904711153,68.2223519234,1624.649733722,275.200187035,618.7965431167,3421.0249830385,2234.3430725379,1359.2488891934,5689.1963836899,4712.2669863412,1820.7354938258,4287.3481200445,4272.6514669831,7785.9271545043,1645.9061524052,7971.6378300323,4470.6160327977,4097.8311849177,1597.0140975493,1161.0853988388,723.1964327545,2438.2626155303,1106.7548729599,1355.1085910934,18.8378473236,1750.8281890039
2457.0102791846,172.1063584276,58.891790834,516.0204944638,358.6393061746,339.0918901702,278.4154637085,381.2507244214,334.0578296101,279.1640474822,415.502401307,201.557184173,224.5128335254,506.1171433224,188.6092360242,415.760171869,36.6371457164,248.5239522478,51.8742835792,104.5720616936,450.6888965868,341.7069248512,176.0270236991,552.1589553595,425.3453884885,160.1552063732,331.8107655655,388.9146925571,589.3225727066,157.4373808575,618.9335600008,366.8930563459,369.1578085438,222.8276735191,169.4090652724,101.6607644768,354.5151673421,211.7248234315,219.7387619327,15.6212748814,253.3264833938
2553.6254905711,412.803733026,129.4940263546,1877.6165710189,808.8914860004,1373.6144250542,997.4925879068,1384.8669712596,1175.6121304255,953.2899451057,1490.7032727359,803.3137261107,627.8505858687,1369.4999440244,504.6020299993,1496.1585119089,56.7327407394,645.0881364779,114.6069690047,266.4524592357,1370.0005833053,993.8102724576,584.8507844766,1949.4961947102,1563.9480827775,622.2253003205,1333.6026939837,1489.1868438029,2324.1106282348,500.2622895607,2403.2140553775,1391.3642697421,1213.8067895817,717.0116293202,533.886488927,297.9810570728,947.1696629445,502.7639630918,580.8850294234,22.5752081437,655.3214107977
2596.4033464019,158.0039659818,43.2972225556,412.0708177162,201.341305702,272.3733519609,243.4114190568,294.0928093528,226.9813664433,214.6498176803,273.294235232,176.5556246093,132.8091933755,399.2566285599,151.0779801277,367.6929783132,46.6619683595,134.5469286816,48.7628155808,87.8580117059,459.7159249184,324.2576017283,126.8669711632,403.701306792,404.9255728835,124.4715500273,304.3153698534,351.2669320886,370.3675928982,136.3878712332,614.2055373731,296.2563499661,262.6056648339,207.58923812,167.1375442789,86.0346111565,251.8219560706,140.3059387717,168.1859528439,17.4422998738,175.92899866
2674.4102249487,1039.417782352,309.8438777611,1745.667922037,1897.9901322234,1985.5515105496,972.2793936563,1528.4003741303,1639.181417254,2150.4974211091,1445.4495146878,1178.7259070558,1960.702017385,1543.4824610061,852.0694646476,1857.6547519082,188.3197533998,1715.161791564,303.926897981,773.116464293,1410.7648775485,1218.4206140482,747.8236347702,5517.5766675952,497.5225506273,1100.6001603046,3246.568062608,1269.7003296528,4097.1324858931,914.2690387408,1771.707000627,1858.9945858313,5625.1446210104,577.7119238275,711.4602398522,435.9406884857,1380.6186915761,1464.2561376666,890.2164327829,34.0861621224,1623.2931591776
2731.5909294674,67.4744217226,38.0063795433,204.4857966385,111.0945782124,161.7305198493,93.60965698,132.3994362662,132.3769471604,127.0842574124,161.1036058174,88.731523883,293.122596973,185.7359495023,67.8978270104,166.6437990064,25.9662349205,67.8589743393,28.4122751876,50.7970297568,158.3097899456,133.4384445376,65.5252052051,340.4806177868,258.6935010924,82.8194393634,183.2780989133,133.3424530285,676.2151333716,55.783675772,261.8690729142,167.1262951811,258.2357244109,92.0476858136,58.9437016885,41.0935057545,107.3878874858,87.4769055845,90.9473823543,15.7432492258,286.8594003991
3023.8168266222,633.1215575081,200.8065904619,703.4182395426,1081.1211556262,678.1268192422,532.8279867018,985.8167672587,1174.6773047258,951.5929157086,1073.4312968544,676.2182432787,1040.0727124375,740.9596790456,488.7966321056,1194.9750801293,106.3604793333,674.4167585426,149.4730264786,344.1886475131,793.0833560618,793.6836531989,404.3453313437,2332.413141216,420.3520773996,477.3192688109,1246.6911404608,796.5269374215,1668.4196580742,430.9880607403,1177.5796944613,1008.9551218069,312.6761549603,366.8706591131,509.2955892223,233.2834866123,746.9275121622,708.0811592052,706.5027649485,23.2447305223,822.2170486744
3162.3722970755,95.8137648185,48.2439731577,114.1767625604,91.4969441343,44.8866533349,90.6212753767,82.8624216818,81.4885995045,130.2724708614,91.3204778686,101.8554122796,115.9192513235,81.3980946202,71.6142953185,179.8987941874,35.7999633974,412.0986445446,46.9192623144,161.0228802699,64.6591460375,69.5989515432,517.4113133375,216.7584709071,31.7578536062,50.5196010573,142.7375766829,58.1750949887,145.3130746932,74.9055445669,62.6968657942,65.231653272,120.3218702418,43.2091360753,70.9030203538,35.6707802685,128.2454991887,62.4289123284,91.1894877617,11.5625177769,83.379082191
3169.5986502752,300.9422642942,110.2221616802,355.147813118,676.4339845472,299.2206947153,354.7214441797,518.3290859721,661.3920091092,471.1914538923,1002.0078866727,365.236255253,646.3049017247,551.6602613854,353.1234493794,844.7609906236,50.8187428778,240.4101065645,54.0894868021,95.487050135,396.2198427595,434.7747699175,282.5787589301,1666.0504474273,304.5793064768,256.3402945389,1186.9220705571,550.4637135208,1545.1595726953,290.328803088,834.1492951985,851.9857709745,777.5322877512,189.5906052896,282.1568415051,151.5795431377,549.0743910158,441.581603013,577.3260857551,13.2916058723,392.3004041154
3247.907921832,131.1403959257,75.7326042783,512.8435024606,363.8074545323,370.1582744564,379.9033603327,391.1471004491,416.3725115775,684.2604182737,269.2657407596,319.8934340161,497.7588688257,337.926686063,198.3695353052,581.4878895097,64.596531519,541.3519426948,128.8345920576,168.450059886,281.2447651323,227.6952514963,198.478730624,1571.0545871833,218.6707810511,198.0344506808,444.3933051115,307.2956476009,586.4813753288,254.9097636682,493.8322520915,295.9365686231,156.6717678074,149.3434329269,209.9508760188,84.6815416575,367.9640861924,281.7750580029,216.9588826732,23.0436540416,325.5906269315
3254.5652532869,280.4289111245,124.868461614,1220.0657048396,1550.0153358378,1138.8117282609,755.6945909754,1250.3920875994,1549.9292225853,1801.3656336416,1286.8234027746,1002.4074145117,1679.0440019124,1091.7017874562,715.3339416504,1541.3955034566,137.4102775385,1320.4486553528,215.7231559013,557.4991746494,1025.1022010779,756.1075961026,495.2174228724,2572.0506784199,399.9026866772,573.012754047,1606.3915671375,810.4938019563,2519.1139939752,743.4067194657,1173.7259273026,1088.1662052488,125.9806504533,406.5095315812,628.572534327,319.0498685552,1072.5743080122,1186.9982152204,738.9188094648,24.9527388326,1277.5809615827
3300.0162794394,673.7797444879,189.8294538238,368.7489781586,1079.6605850251,517.4136373324,388.4416824495,1138.0671717007,1206.3185635972,1220.63889733,844.6983418969,736.8420253373,1093.0571903991,155.7081055145,726.8478881951,1238.3863341072,128.2269606131,156.9705852941,144.1254891411,69.9508342813,84.6906258448,617.7784793473,329.9144947092,854.2620992833,294.8775532539,380.0151304375,891.6573707274,673.8548989354,1774.0501625315,545.5522008961,979.7974938933,950.3885523589,109.6518845511,173.0806835053,594.9228871956,282.6464900253,831.0318523336,846.642068832,731.8608822777,21.1115322989,909.5969005665
3314.9206577366,162.3090385866,73.3715607446,801.0498663502,263.3384401303,171.2484377923,152.3004889285,278.2746953449,270.8574008193,292.4450058655,200.6368574365,189.1897346517,258.8158881174,692.9776038932,187.5141399507,330.2321565912,59.7010441597,139.7100820008,54.9712224491,56.0190164307,67.1443394536,168.3344081332,69.2397029919,709.6193095176,106.5048572002,107.3746568611,249.2323979732,177.06571196,408.1429773306,141.8766856954,236.1640252675,210.2095165816,151.5241800853,48.7866394604,157.1071446208,70.557499004,202.6444163698,209.2108425122,170.138432443,17.1950686452,234.8634662608
3428.6863072056,340.2922260128,151.3212453268,559.3598095091,543.1926152098,462.0312114032,273.8166818285,512.3978279247,513.3089584842,648.2882048,392.4243488777,429.5959913929,496.9957404326,385.6069748582,287.3285233393,469.8562980181,106.8172141687,542.8127170501,116.3936623045,238.1535311518,482.4962864487,256.1956316108,120.8349887303,914.4611426797,137.490749648,207.9053228718,462.3672206181,298.5502864283,1362.4586046119,333.0788043102,396.8342735241,352.6484010173,3114.1045119421,156.9280837341,304.6553228693,98.6689480075,357.5077125479,360.727025119,248.158597049,29.7282823615,462.4791202991
3443.7442737307,1300.2930578389,488.3659039591,1762.4420597017,1971.7725989346,1571.6658661662,1011.659507099,1956.8897660272,2225.4075881283,2613.2809578538,1662.379215653,1599.1133643282,2232.798619504,1465.1094064008,952.6552056479,1908.9956088265,300.2250201852,1878.5058635882,373.6004173804,917.3624847797,1535.4131933456,1018.3480719153,562.5149076163,3411.5977342271,519.8937601232,769.4595105125,1824.9337564738,1022.6908015314,3359.0648852239,1046.8108512462,1500.6516763404,1506.3566600454,903.3894241337,588.5958270652,967.9365755249,439.0602328155,1444.1366053949,1620.967516568,1121.3030972268,52.9519939022,1681.9788336131
3496.0171594856,274.7457583025,122.1815427447,448.9645416487,469.4409008165,325.0630599511,206.23617106,433.0835247257,480.376639843,505.9880240711,471.6824585378,332.052641767,544.4084313099,311.5672987024,219.3306361493,360.7756037216,92.545502265,375.0885584287,77.7648475465,178.1981175025,330.8506395977,168.8980837491,96.7624438786,699.3840028794,127.8838714474,145.363318224,341.1149000545,201.5527157859,494.3671309316,325.2383158338,308.4673523179,1056.1572317403,556.6206861999,129.0361100439,222.3332288271,82.1310424207,263.7861077954,306.9887734641,236.8421651581,15.9009102938,391.1371627484
3515.3750805388,886.2704323357,368.348900797,1254.782779886,1425.8816822675,856.8888899397,550.7651790365,1483.0456532325,1618.3985148994,1514.0162494375,1265.2555342242,1111.1709929912,1535.3265059401,966.7011658672,657.6720080282,1171.9733590389,266.2068697544,1003.2237118912,195.3391989597,499.6666500776,1051.6057746165,630.0367344116,313.8145887575,2070.4461919995,361.5016073516,402.6849669905,1206.3506985746,750.5460244631,1772.5413738863,847.9436078366,1134.2336824452,1020.0747601734,2233.6650713385,386.4862360779,708.9575220846,260.3675860471,860.4718007152,915.6485665745,667.2377760997,21.5629245728,1073.8510567883
3562.6102147955,147.570390855,83.2863376885,288.5165908811,210.5515647587,143.6158505598,136.1972681515,233.0342676191,233.9601869513,239.5556273326,154.6526768794,171.9823474773,186.4937218924,149.8214209747,123.3005085889,217.7986966038,55.0264107008,211.8390399065,44.1295182252,84.253486043,134.5002369705,100.4452471677,37.730619972,474.0821640195,76.2599432632,89.3902473803,153.9419555465,123.7614223972,247.7544852086,130.3632206745,189.1041175653,152.2513265036,183.3563426532,63.6654554946,134.6719595633,44.4881964543,166.0546115231,125.5263531519,123.7952934655,14.8030892496,180.3108017176
3586.3462756632,199.4295135455,114.576058036,382.0877731025,360.6656430859,199.3706747419,177.7370457439,359.7062719069,314.5876464343,373.7852043098,271.9340375707,223.8240387981,265.1921551631,250.9699604508,171.1298660115,343.2483153521,44.8405404255,262.4566540387,54.4998814953,100.5492434397,164.240942845,165.715404669,73.8411178737,586.5839972999,89.5515351426,136.1855915462,263.5430764907,187.6508584303,446.0519695185,165.7028493643,284.7224493498,305.4388645704,144.8692114749,76.5615567162,202.6014159047,77.0853165114,230.0289754015,177.8413454106,212.4844919256,17.7480585333,273.5411541019
3642.6556352824,5774.9282063771,2244.3557546155,11747.1909645024,10779.5532896574,4775.8796580498,3615.0135416919,11723.2308374333,12300.7561364459,11549.6328697508,8189.4278335348,6669.2016661542,10851.4869976234,6101.7107086992,4201.1850785053,9567.1879681511,553.8416071615,4172.6678635355,587.9237864418,997.0824358567,3579.4933203894,3693.7241448939,2146.2108793116,2511.9339990588,2379.6966039154,5158.0552736402,5344.9910338183,4632.553805305,13350.7514685224,4711.3132595677,8057.7765496474,9371.9490712696,392.0214979455,1528.0693689771,4659.3920537414,2371.236698494,6379.3800073401,6425.5393215524,5261.0163504477,88.2755657641,7813.7836012075
3693.4264778937,620.8231335716,213.1796255307,972.9163198045,1167.3768536347,485.6367584129,442.7719612132,1043.3690103251,981.0488242679,897.672671031,1014.2644882291,687.6637897995,850.34572729,843.8623354148,614.7860226597,1048.93457639,144.6096958652,1396.5895930606,101.781951987,502.2776090132,639.2343089576,495.8559572528,161.5072295046,623.1038254334,277.2346966176,385.1868993427,838.2164909362,574.6333453866,1408.5791008679,467.9427978466,855.2662720466,677.7456996381,247.0189552807,203.792173511,591.6900970731,213.7106709315,805.8969359783,664.7151027854,554.093727098,22.7991290529,692.8093010206
3822.2741405271,221.8514453304,114.5655083442,534.0105690322,188.4388224929,271.8251881369,156.9751472095,284.4855224218,301.7457381486,455.1647281408,192.544207261,292.3640627648,248.2350977282,199.3276872903,174.3057861079,275.1660640719,98.4772983595,365.8176863887,100.3547611191,184.6533547922,288.2171931517,102.926670526,86.559105881,358.8925474207,95.5177028813,114.3610247963,300.8400151941,144.8311186821,358.8760168448,245.3247726966,190.545825002,214.7167160044,214.8761784779,77.4606331765,188.0507852518,58.5294687299,237.338600207,227.8356022797,144.6197855882,27.7901592772,311.3636841921
3877.3414141743,405.8081910118,203.0862875044,416.9198481354,242.1171357372,418.6222080026,476.5913526157,983.3170197847,949.1351859603,1564.0798765271,598.1570342391,1005.7622603409,444.2999753507,538.8094434671,759.0699709152,1184.1123399324,1089.9852351383,295.0080512932,192.9022117717,145.8317352476,522.897104522,317.6385431537,160.2523199294,981.1863690619,472.4928050825,386.7892094087,418.3437099926,1091.2391719626,607.6610677808,642.3175464243,724.42833895,657.5371986109,122.0934190881,239.9847076447,471.3434912891,192.7808809509,539.095656639,283.1902496943,216.5013953851,194.1108671855,338.376019364
4412.413773898,1499.8439948107,887.1188272714,2130.9487105484,1516.7765885164,1378.4226525517,1681.9745359219,2156.8542839996,1892.8223081221,2492.7885109369,972.3307854232,2471.221917658,1059.221773661,2274.4914051445,1518.4038571141,2331.4072625511,407.3052619555,2416.6385643384,618.5059523869,1041.8431924467,2240.8151123304,1656.1838328377,714.7213093006,1660.2552966169,1260.9875212889,926.4638216121,1208.0069373716,1934.1219141278,2494.111122358,913.0115713742,2086.4421996927,1016.556198804,13945.4748323163,1453.0471761825,2357.9620464166,380.6991465976,2148.0819330567,1018.385665829,932.1133652836,118.8597257567,1583.0158811599
4427.9444397481,12494.2583038316,6648.3566501875,18581.8959062393,11945.8013138059,11453.7774145455,13292.4231634408,18816.5295512992,18166.3868006839,20698.6310177871,9303.8555061026,19947.8012648946,10463.9231510384,17179.0891416101,11550.4196241452,19487.3276360069,3411.2981747594,16838.4830104599,4511.4664448589,8222.4367026301,16029.3134500437,14305.9381239238,6183.5824181638,16032.917874974,11311.3283304639,8073.3334123026,12318.865821972,16590.3320976877,23788.2505438007,7249.322067532,19854.131051679,10330.7455638199,13246.2428254579,10832.4383516231,16761.949732599,3990.0842993662,17021.0555605681,9447.313858994,8040.0559666909,822.9038963644,13130.581965345
4531.132963398,1187.7146730041,374.0072670824,1972.3060803729,1828.3606942504,1880.0911245619,1163.5368848195,1977.4139587987,2511.6841691072,2726.7432495147,1824.4361945723,1780.8178496748,2298.8886387735,1619.8772948161,984.5305609193,2018.8589648989,207.5399302451,2124.9568382868,406.9959924589,905.848242535,1647.0074782322,841.11712377,799.0570230823,2466.5094040757,573.212059302,780.6110862538,1333.1863480585,900.2043356645,3328.1579765194,1015.6479514381,1537.7973163283,1433.9338962074,866.5666025445,648.2209421162,955.1184537207,436.6716008601,1511.4152154913,1555.9722049894,1044.1391466287,40.6828397663,1709.2524646804
4615.0718878377,490.6481489493,198.4588854984,811.7497675824,770.4407820902,779.7069570454,452.816991318,768.7719311439,937.3221861869,1022.4021675949,825.3684336984,633.3079681224,932.9813208087,665.0120118389,369.7971451483,793.5652130727,167.3688283597,946.34507223,189.1876380405,442.8656045137,715.099609678,401.1506310835,329.1007768826,1036.5808956064,221.7053359875,297.697755546,585.357968935,375.0500809181,1417.5440557872,406.3334109736,623.6886898372,672.4219457834,215.61877179,270.7666238235,422.7265091209,141.6324570577,598.0074710009,714.6035148564,505.7447561319,19.5246537096,752.4985785409
4765.2453658622,259.1783607198,85.7649700016,304.7710331884,339.5804940686,250.4831747008,234.6016143916,386.0662885031,465.2987452586,363.7456068865,564.4647735118,290.2984433666,356.4137646638,408.9914073966,276.5421789401,437.1490020783,60.7805940586,415.9326196459,63.8174889473,236.7741118448,369.8526566826,279.1463684869,493.3343958773,607.4229528746,154.5398061744,134.8551804934,322.5015486559,250.1203476272,530.5326769926,208.3259712791,372.433386884,464.4650417434,5509.307477798,170.3613169225,226.2093457352,65.9989753208,379.7741721052,284.5939672756,337.8548337047,9.2084927886,374.2550958315
4776.5410635805,948.0204089265,248.5250568639,884.1944189842,1295.7016349107,965.1329756611,763.39650623,1309.9917829186,2021.6782288438,1264.435546197,2602.9037082456,928.0401805493,1647.3281803529,1247.1365444763,919.1354486501,1499.2875519989,154.3832180772,1332.5324710978,150.7931568028,681.6418704495,1087.4725410184,900.0368906252,1106.1029918674,2838.5955166011,484.6432267791,525.0497868474,1453.111884678,831.4778209183,2507.6279116439,760.947155714,1540.6754163244,2309.1680828414,1108.271389044,467.4171624288,672.0916669734,295.0019121875,1276.7669047825,1235.0869854222,1334.9865954422,14.5585547023,1445.3420161505
4937.7304237436,102.3861401662,34.5407079962,178.2590241805,75.8896259605,54.1458520741,72.6562912095,156.2556337376,102.2227762364,147.4716007964,603.9349800366,784.9409672779,53.1785229054,92.1451231927,55.5779409766,869.0479222365,20.7206319191,117.884136342,36.4787695696,188.3975059471,114.4767085746,339.1964325863,113.4861889587,2255.8866795134,1308.075490942,449.520701107,429.9749801694,1347.1218176407,68.5539582049,270.5278848986,1319.5611510959,1146.6517718872,304.8613053003,242.2651952005,652.7208479834,65.2215592384,391.5393870753,244.1334157775,188.4264158941,20.3410372643,86.7477068331
5043.3611972508,243.8745759682,49.9957305859,211.4578584338,335.2516154035,549.7413971826,147.7822148072,480.1395634893,1613.3915994842,589.2214308769,304.038457801,416.0013712771,543.735083025,492.0364266701,239.629852558,516.2851168842,136.6035708149,532.619993098,90.2194922351,323.8633839422,585.7521971963,217.0248864362,157.3644829236,290.9592769404,267.9279554605,181.8150439056,225.6736227027,317.2459607608,498.5583987223,88.1369612866,435.3170962396,529.7077386894,167.2173072712,214.4836627718,381.2946469986,75.533557376,395.1649996785,304.9579797475,232.8021954941,16.4085428595,355.8234444603
5094.9291436358,408.0630383847,149.9085811663,156.0612669457,97.8908081872,103.4833093758,73.0433069333,173.03629446,188.2118803522,153.5373106653,4268.5033261251,5714.6168332773,121.2581227568,124.1673341552,88.830145099,4801.1543476469,47.0696182984,137.5785331477,32.3104200915,93.0439366698,275.0646723334,2911.5578189941,2098.2972617398,7513.6028398933,5525.9557607368,2345.6359951846,2849.3600208414,5868.0944729989,201.139800415,1027.9451553037,6559.830925376,5481.1382597757,439.7092003702,2429.1468734357,7699.7907497426,916.7667824938,4765.2912741996,2925.0981092263,2382.3578134912,143.3685308591,110.0672157253
5103.2711895465,197.3728492346,60.477950676,164.6969151401,148.0681466652,102.730676598,105.4635489827,190.062071241,267.9311416246,253.0369442775,2204.5210608817,1738.3118178417,178.5489694034,136.7431699271,131.5134092066,1267.7487777506,65.4525167026,169.4323099643,34.891267305,107.7161518564,256.6769643774,1311.0789099388,1468.8022586831,2956.6940090867,2912.294599601,919.7020367552,984.033754815,3436.958353517,235.087755957,281.3411970234,4424.1194153552,3312.4879612437,876.2715248653,769.7218623629,3486.9046278481,367.4408836416,1534.9612770865,1439.8124266339,1116.660820278,36.3200269076,156.8726263623
5246.1330253826,684.9450159373,287.8019905915,1137.7529998481,742.6523655804,762.9168225528,392.5641918988,1149.8765225408,1442.803913232,1549.4322629871,1121.1240058612,1117.7810667776,1285.704979775,699.6088878799,510.3016934019,638.6335149563,283.9942580837,1112.1531017756,283.9510866519,545.6623353344,1008.5976538699,352.2588400981,224.1727902428,864.2197058643,356.3473407192,252.4737382469,492.580804315,444.946837959,1062.6725772734,951.5504207728,610.6861371808,738.5821062153,585.7253025437,309.8181070378,554.2620291593,185.0973760336,608.2377052193,770.2353330281,519.0921745428,19.0871834699,1122.4178505296
5270.1225019517,352.6701420151,184.4100605188,507.5185135576,356.3204159925,354.2713587239,337.9116080781,715.0172297336,588.1060617211,718.7145920887,300.7200935282,741.8942424673,355.9952310252,412.8485532744,341.9333565973,787.5383729544,146.9254642464,454.067608363,150.0141439183,218.75752229,478.635852218,326.2484046331,121.1350918295,356.8135728973,367.910616627,370.9184411833,296.4956793448,474.7356551583,881.5080142153,341.2523847041,749.4717090281,303.0791288838,702.959787952,323.0216971095,672.4620671079,100.2330632228,667.3945142736,403.7378664274,211.6850287903,26.0610110226,556.1932107746
5353.7436993868,5623.163141971,2883.8197375611,9810.6459072063,5268.2354210151,9281.8892317778,5229.1522912285,6712.8723598585,6813.1999397672,11747.1288135047,3339.1782610039,8127.5572390769,5677.8760459848,7728.5528885644,4913.7382962592,7094.5973393492,1975.5360302831,10619.5024395257,2702.6417478557,5117.8102696097,7258.9026847919,5102.0427068597,2496.5083112294,13569.3960791255,1813.7474617171,4044.9589942504,7809.3475617701,5244.3992253134,12919.2301985957,4296.7515241196,6195.5023986317,3642.0759645929,14806.253286056,3278.8869126378,6099.9162967128,1690.9057338843,8099.2081982621,5714.9523433807,2696.5576129265,381.5636882938,7466.185040136
5409.2850778982,350.8516516442,144.4781026043,634.8895543793,352.8900759254,547.7699119021,342.9174109783,419.2423759757,354.6123172471,620.7962263909,172.233418709,514.6237072966,290.1168898797,573.2930841357,336.1531885873,449.3436565825,127.3636095224,742.0794741731,210.5875778828,334.087303962,652.2334832129,314.302230634,270.7427592525,604.7730612606,151.9092958927,208.6837887511,350.2227071644,323.1049564167,721.2750092058,270.4212255085,411.9276579838,170.7481556128,875.4010252844,236.0736153453,437.2701049917,78.1109400261,517.0838563657,306.2121313969,157.2995423303,27.4132216492,499.4741687735
5417.0218982989,282.0975728059,126.1668303973,522.64322384,279.5530869891,471.1692452688,305.8853649167,361.8074117391,302.6028510281,549.6157271909,135.6928845481,423.0617643576,257.7748107637,438.5063055778,277.0506406112,421.2880118505,104.6955192442,587.1789768161,187.005605014,280.6034657386,529.4897143531,276.4775141361,247.9891001856,487.9137506319,153.9714137014,175.9386443035,299.3795935623,258.2528004661,580.4100956444,235.1005898106,294.3355273273,125.049160604,769.9599099396,199.8637650141,354.4260015366,65.124671271,439.5771668648,251.7161726169,132.0284555574,29.0152638362,409.198548112
5527.5359460131,151.7449370137,58.8408847334,407.7213806917,170.9371530902,179.2942991265,168.7438497223,274.877896156,243.9019437109,320.8457303215,132.517297052,245.8105806503,181.0429331654,205.9507112072,132.6913079873,233.3234674461,42.6574033925,247.3718354454,67.2819202111,128.249633358,268.9529173468,136.1718862492,51.5214037666,283.9774006723,173.7185479298,96.0546854983,132.9897110505,154.7032116368,352.0729554218,140.7789158693,202.5591637857,154.1687513599,626.2371703912,99.520089981,161.0858562125,39.784165991,204.5815369726,149.2529281937,98.7604890781,17.2707993465,259.5684119708
5873.6633961273,146.9194950286,75.0140272356,246.3257647613,50.6199041797,57.460874821,173.5503908777,137.7600518726,86.9236280379,204.1660764102,34.505624331,146.1147765056,71.4532630097,151.4491347888,129.6633578204,194.4422542771,51.4859806926,197.7583059813,54.7915977964,86.7098384883,167.5270689112,118.1461871249,40.3044420872,421.4186114588,77.750126596,53.104948551,75.8969301163,121.5115597812,929.9718866039,87.8587024342,85.352910125,15.8737756161,74.8178258534,53.4026763294,163.0812561039,25.9292266782,177.4506489967,88.4574468575,64.5309457823,17.0709185601,118.7903226091
5892.9971149116,307.7125304927,129.1227089606,580.7429103348,188.5556504441,278.3171239362,343.5038502115,408.8783476397,357.1604802558,617.5159442225,80.6539426895,432.1223315673,190.0108630559,410.7262675514,300.7231147227,503.813332793,79.2509950863,491.223601926,153.2423647004,251.6282956698,348.3527657112,248.873599018,79.6061355535,423.1108170312,145.0045383828,142.0597080323,216.4695617616,309.4931337157,527.1100815971,214.2208552648,344.4433276726,87.1696769234,320.7683888049,124.4795874013,334.7081828157,68.9588258967,461.4019088342,230.3961189166,107.0117743384,19.8502656818,337.5685280712
5948.0256061234,491.3239557806,226.2836150637,902.0933250525,348.0646426827,205.5925944757,362.2195908883,935.1549433629,654.1289187046,916.8316142518,329.5121080647,689.6017737918,340.8660874245,647.9770439936,446.3785654584,505.4333362644,199.055338393,1441.1455627953,157.7591449913,765.3921428068,611.4069839307,394.245885647,94.0505798894,1082.7183551776,329.2161366152,170.0717004239,335.3554505673,589.9946689957,1101.6300072963,464.5085451178,492.8569061673,436.8764432038,61.2074006102,218.2786393814,480.45549861,64.5935622479,442.5535622977,256.1115753181,231.315596705,32.261291732,487.7297171918
5998.4222661515,683.7848655399,422.348404794,977.8228648007,553.3190830998,582.968831874,705.4357447021,902.8793351654,792.5330746092,1257.7234376298,400.7728352135,1075.3547521252,515.9577420572,952.683342115,723.4027806034,1088.3466901394,269.2707933689,1324.1908079165,303.965826387,586.5069202969,1065.861095453,580.3654422305,193.7468277763,726.2546474757,393.0140891393,301.4517541258,538.4681923875,706.250857194,1134.0781014371,523.7948207398,707.6344156636,391.3091099481,227.6204636132,503.5201458396,923.8769706606,111.3151126923,970.6915202118,492.1481361181,361.296262356,63.0366713405,717.9891243226
6052.304722926,2388.9402336386,1460.0973048706,3200.4081402301,2230.098241033,2466.6754312338,2288.7307252067,3689.3135455496,4022.0976107398,4068.2240574147,2018.8128556952,3693.2592530671,2206.3484396484,3274.3168307836,2321.8482819339,3920.7115402036,790.6246125164,3047.8455786511,926.5933914831,1755.1413051379,3501.6221220772,2822.8433727337,1072.2123192027,4431.1516474986,1714.0786905916,1414.1434194889,2415.8155715251,2823.4876368118,4289.686924468,1570.531006567,3853.9468572508,1767.7644532397,783.1200268937,1722.7694439529,3282.3638598881,713.3372126935,3508.1048475223,2063.8486115208,1690.0937302961,155.7864920773,3029.0152809656
6104.7852358146,463.1104558828,270.4144180171,630.5834350056,404.6457997275,446.6596084645,454.1001015196,690.5730267438,551.4278410436,763.3637548403,239.0665534735,694.4273159466,298.7083164976,729.4237901717,468.8141565495,733.2911493972,183.7925002611,658.2499598932,209.2778567341,320.2396339096,837.2058592258,483.3614268009,115.9316756106,532.2084596692,287.7217638689,226.6986579735,314.0677719965,517.4718830644,754.6707099009,295.689271671,626.9894506283,204.3691204068,781.2788012072,353.5129200508,664.5689900202,94.6463980185,660.4637841535,330.8765657727,248.2060488392,44.3494738893,665.9840351377
6160.7979202273,251.3326237286,135.7046565874,408.0615258672,187.7982715186,253.1447121561,248.8618851482,370.6150890245,292.1144372543,462.0120008984,105.0682563688,375.3422651067,148.4702878504,391.8395839892,237.6076002277,422.1971597335,83.8962551708,435.2594456216,138.5807259339,203.5835269386,401.6771656965,236.5829239978,68.6155163525,224.4666471691,149.0219266289,116.2782819278,180.1198365969,258.3681096749,310.438082672,191.5528007609,309.9059972915,105.3994666401,560.5413912815,176.8006519714,308.6601970328,49.1407507656,380.1184173521,198.0147396363,116.7818807187,26.3917639223,352.1898020608
6316.9805473803,349.0562909978,216.360310645,448.2964979632,373.4194334337,282.1468901394,336.918958727,519.0714888676,499.1483433144,633.8060735112,288.6120576375,536.9837975949,311.9447415095,627.5208275651,433.0472160071,599.2957475617,112.6098402705,1325.4762024531,105.1798934597,391.7951685114,452.1428642116,325.913472862,1396.6332833958,350.1767220051,206.2976372954,177.3761611622,277.0809315002,363.5584665859,610.8254645787,296.9401624597,428.6147924435,201.361175668,254.7391408566,256.8396299894,535.8955701642,78.0388433593,618.735637172,279.3420332457,257.5802789866,19.6578935093,478.3879541947
6327.0164525203,404.875607656,238.3671799867,450.50692461,465.7398433455,344.5817224734,409.9099385246,557.3500423347,596.7073193419,710.3235158295,402.4583805956,626.8315865923,377.0882627965,767.0050895744,535.0268000993,725.5116263862,138.9180775341,3224.7919241108,112.2374466219,1368.2979816789,604.0288221059,423.0916201522,598.3236963905,528.0665350267,281.2900044175,207.4754188312,372.4182309643,475.3805708766,862.7913237235,350.4387554739,564.6798243926,277.7946062267,277.4151136702,323.8978288807,631.2218826208,106.2376643697,718.0279198912,325.0924578341,346.7212520127,26.4658868589,572.0223266693
6400.8388786357,1387.6286468762,588.5344175112,646.103398425,1277.7776084193,1189.0954923597,619.0834227363,1124.8694175656,1206.2112031653,1443.5030679774,928.5430264808,1072.0081875659,675.4508860835,1991.5715454202,1457.3169770887,1027.8486882254,300.9632240853,2269.1736048221,317.7261903424,832.5529606899,487.3230827443,1201.2873529922,494.1385745415,352.9292832651,364.1603890336,478.9519817308,435.8345471788,670.5939130844,2110.450374056,688.0626383191,885.1781987705,328.8916886536,5354.5815606645,926.181333922,1782.42744579,398.0730988389,1511.0393685329,904.0608125866,814.6108772594,34.1890271458,5632.7203621926
6510.6982400418,1281.5497252427,785.7589201216,6717.1899534656,4033.5397597146,5524.2886251872,4497.157663315,6015.2787617103,6489.8747707693,9466.3632065505,2875.048393318,7370.9254730485,4526.472551268,5966.8989884398,4521.8192035007,6011.6652844228,1819.7640967242,7962.8939492596,2331.9664619388,4136.4442661335,5786.1570170635,3764.9496711884,1624.7787765714,5405.5928155703,2157.5259073183,2240.0603203419,3615.9156524224,3642.4381342576,7210.4502435557,3390.4372825141,4536.9181459661,2105.4558150026,230.8495855544,3035.5749861748,5992.6704888414,1363.0841899654,6914.6768982047,4562.5894702851,2336.9861966156,304.7885893396,5806.7798676242
6602.679195256,3756.3705818312,2289.476946683,1089.8971344058,3196.541863535,2870.7076441793,2616.3122823626,5771.0406281989,5434.9633190644,7084.4168176833,2076.4771533523,5907.5195325995,3259.2037325858,1143.0942807159,5102.4858279256,5195.4753675618,1758.2768041195,1062.1552259448,1855.0758117589,490.9948186359,699.8532438183,3160.0063975688,1186.6395647402,1777.493735556,1709.8752294178,1595.4698498876,2145.9634945004,3219.7150445247,5497.4400119969,2891.39024797,3951.6529204949,1971.1435941045,191.8331782763,1470.5813869957,6269.7740231825,1302.1166676589,5995.5849073366,3557.7731681972,2594.9710485294,326.6342052389,4714.5174757953
6628.3845304686,721.5450598688,380.9262680964,3662.3306835718,639.9242310578,670.7573223884,580.6529581313,1124.7763925081,914.1638956775,1118.9550565458,396.7233656347,1056.1797230139,505.1887509398,3835.7629157487,885.465671021,1095.4771298111,317.533539668,810.8771255128,323.6306925245,331.827261321,574.3243750247,570.1908932928,136.9811016438,352.2827415809,339.4928087362,316.006859677,359.1699738859,649.6282938719,1134.1113865585,516.8744948763,835.3386419561,311.8976021926,426.9234525258,350.9694168528,1118.0987213226,180.4767147585,1056.0340809248,647.2435554072,401.0842496904,84.2413744071,912.6232459507
6659.2516790063,541.5232733969,323.4868633025,1109.3996927828,545.0538720306,544.7246643672,507.9607004582,882.1038205923,768.0036790345,1056.4064169325,464.0433729189,881.9969527403,471.5133619813,886.6763390656,766.0348824324,933.0175867208,295.9109283276,1099.7820335329,306.6234937806,473.999515446,1848.9555052115,468.6351239744,133.9744385308,409.3078115683,245.5829441753,238.9106500687,296.1767329322,461.9198858053,1073.6463040554,463.9051593796,556.2813577627,221.3440756016,723.9933734855,315.6568556695,947.6551406949,152.7645138711,935.8232900712,510.1796906774,321.6472083783,69.4046456479,759.8370314172
6685.0292694349,468.7503651838,273.195189537,794.5332228424,449.5840270913,432.3053068058,411.6947503584,738.0997769125,678.938853056,854.1170820718,948.9288492551,746.9544351241,368.0428755942,764.7926580736,577.5092489446,753.8626442289,226.385693912,4412.4785357319,255.2300015376,2236.2978690246,801.8683268502,357.8300393824,106.6522459235,392.0965334762,218.1831554081,186.8806584919,253.0476721713,378.696491689,3296.3409797333,376.1381789416,458.0175464627,209.2934612293,1134.6583250665,262.7198824898,700.1392478762,124.8276941882,738.574720608,394.3805324961,256.3672381445,45.5167934912,603.5417133022
6826.7698245796,2148.3362338689,1635.385575344,4117.4639363451,2424.0338607127,3369.9276124323,1908.6316439887,3418.9569873504,3388.5281054713,5365.8515073996,1623.3198731425,4069.0154252566,2725.5010269505,3012.011176206,2048.863318459,2439.3468620406,1318.9343840208,4742.5631447672,1386.0336050523,2322.2882650466,3417.5423559958,1344.6140375086,764.1778719154,3391.6912238902,694.4815852593,1002.4768531978,1726.2693636312,1516.2522257927,4776.238404263,2103.103026529,1875.413116167,1134.2485413295,1591.6212817723,1143.1402072921,2626.8794131256,643.264935507,2784.6267670354,2299.3664417167,1187.2523179752,204.5089940415,3042.0794388058
6858.0934732479,1178.1655679144,924.4457443562,1722.4445327616,1113.4762366754,1437.6368828196,1189.4886858077,1680.8179625206,1575.9776261979,2600.0928572546,612.5969064005,2130.567229886,1052.7666290042,1764.3800323379,1224.5608658027,1522.9217243082,708.8326934995,2404.3295741701,800.3616774123,1204.4024397539,1956.2980371815,809.7191446913,434.0427805552,1197.3302719918,437.301771825,515.6741641734,678.4804103553,850.8296086623,1940.986887326,1181.3478917278,980.7273639271,469.8945062553,5182.4078112831,780.6109493269,1703.0926939761,282.6119512916,1720.5718164466,1004.6193438409,578.217527466,163.0473679476,1522.3450069159
6887.7429713412,3721.145275705,2841.1221029336,5619.2912267779,3471.3003300154,4621.6151148356,3600.0017689108,5506.2019407642,5877.5348701341,8237.2380921454,2747.7082739487,6644.6785899242,4095.4413637132,4918.434208155,3601.3932209281,4838.4225847489,1907.9902385323,6675.6780118329,2160.7579286744,3620.7096394962,5328.9922986654,2950.390804157,1231.6551063676,4969.03346499,1724.1312823992,1810.0385641299,2753.0805725023,2844.4897317503,6445.1845034328,3051.2416599265,3610.5900124933,2095.474907908,1032.0629660284,2431.1594624468,4975.1313676466,1153.1534287191,5500.2349272387,3909.4770761427,2204.6896351781,366.4592598577,4856.6962858204
6942.0471998402,755.7671435183,574.3506983003,1080.1296921018,735.097176936,857.13908089,724.592769501,1113.2346907734,979.2306552771,1495.2785532425,386.7872697324,1283.0713570579,624.921791348,1130.6475285053,817.3531149998,1011.6501014457,431.2540406679,1395.5903742873,480.8595432477,697.8539437726,1273.304114223,540.1630321731,186.4817621305,680.1397344955,334.4220746863,308.8100980689,399.6094562096,579.2465450387,1045.2070366991,676.7639705839,727.7580854823,382.2607896303,722.6791141412,508.4291514491,1119.3364079548,175.9083838171,1094.6627060494,648.5855421196,373.4051988001,96.9483056038,1022.465770141
7031.6594370877,2344.4201913306,1872.9280721961,3696.6773367895,2299.2787468559,2265.168162813,1846.0534956422,3817.7425345715,3953.3914950763,4594.3924919723,1848.9507956872,4259.6441714561,2553.9079866891,2937.6181320457,2299.8810736282,2721.6406591914,1318.9311406991,3389.3987862893,935.5681241,1855.1378321685,3219.3027492763,1654.8162064213,625.7033167161,2638.7290781282,1024.89206986,863.7068014212,1670.3665731454,1714.3885355075,3139.3618246768,2222.1433627012,2309.9064030467,1366.1396405699,2826.083954682,1465.4643039264,3226.824146147,591.5818777874,2980.5459790505,2028.7806171657,1253.8574552408,141.0158062121,2919.5947454424
7070.5251926624,712.3158336022,517.0614765563,947.8480026653,647.4439149199,603.7705263653,556.8904206791,999.8556223364,884.6678848983,1141.9314368325,316.7646126281,1070.4080551759,498.3319357286,917.3555855718,696.1902978916,827.9581474163,403.325618886,1011.5478844346,295.4841487327,515.0287355732,969.4476886308,429.1667777619,123.8862117493,459.6393291319,262.1885899552,242.7483910371,315.1667240423,453.7387752624,677.8196114439,597.0504360662,588.927255305,303.5772460327,670.4166936118,394.113500114,975.2394412743,140.3929774838,860.265859528,496.8026882215,314.8947448032,60.2941079067,837.3629867283
7086.5437142774,605.8873788545,525.2542802166,946.6887223467,619.482028708,587.5408704258,533.1019448011,997.4335799142,865.6163443162,1160.3457896574,338.7925855186,1064.5827758695,492.2587381915,889.9300002913,679.2940908937,819.7345676972,349.0853852743,1057.1220537951,283.8959937877,514.9826798397,917.56778356,397.7539887495,108.0968326523,439.721658542,247.4206205329,251.1627863224,290.3394495069,443.443015273,690.4575388201,551.9345989261,553.4030804597,293.7880066663,515.4225085647,392.0586297799,958.1050309343,132.1024114925,849.621746951,485.5406778055,309.0805407197,55.0412787633,806.7504701063
7171.7228030309,801.3033537926,631.0650163324,1195.9907549976,977.3725117138,858.1829084883,753.1978069486,1257.0818643449,1106.0363434584,1473.6727169992,665.1481675521,1172.4012291524,649.3465873737,1429.9328463119,1003.0285228323,1194.7590193664,308.0832719382,1315.3590142292,282.3389801729,526.9767723138,941.7716230671,862.3563335672,238.6139160857,1539.983238011,508.365844293,459.3866395201,658.1639676063,781.9319329647,1428.2998141804,611.9824928954,1093.5027630386,690.890530634,250.4751336694,508.1794794757,1535.5055702015,267.1470287013,1258.0132441085,688.0499119702,680.7487960333,63.9165493391,1199.8178715998
7187.7673277266,791.1361683056,744.0962041211,1405.1197564405,891.5922943678,703.4798446881,694.6856461573,1340.5589855565,1104.5644743246,1667.2749584394,485.2489150799,1329.5333489151,633.5278663649,1259.788070023,907.1631333313,1158.6817967416,300.3397782586,1459.7948929608,277.9441990129,541.9940289881,858.8049694035,564.7020979381,153.6251138316,860.2989431682,373.4661335345,425.3881680451,383.9746264913,632.2566390033,1135.3038969066,666.7277323054,888.9249522801,476.6416874601,477.7032571038,445.0758552671,1450.2951382596,192.9807225264,1201.7769754034,606.7461636306,476.7831075012,60.5910598101,1064.0535481
7286.318403215,16405.6263483509,15332.4324156679,37241.9683097415,17767.2101849889,15148.3025389085,14075.2283864467,31677.8872901546,30569.7115457845,34795.1402441754,12933.8397704046,27721.3016967369,18917.2747714,20887.0649025144,15949.4132801872,23864.075512283,4902.0706194755,12281.8784667514,4167.6685161571,4965.5301256546,12984.197714305,11729.1534236449,4718.1769249094,3740.2510094184,9007.2686998029,12315.0856662456,8413.19455314,13496.5719211092,24217.7921436931,13207.4711094462,19889.3129512783,12555.397819559,969.7828968463,7608.5060974957,25329.8746712886,6394.253356324,24596.9107780508,15409.9386632226,10837.8415810602,1127.0804626854,21784.9050201735
7342.1056610884,5334.5880876363,4338.8733934957,9405.8020410177,5666.0711213458,4471.738159272,4550.9294607491,8664.520227356,8321.7660939708,9676.8798591834,3803.3506753002,8210.1374244474,5046.1594095517,7552.5048930787,6417.4479797284,7102.3512759186,2351.1365645693,11520.103409418,1757.7117466379,5204.6632483635,6239.3851537871,4224.8690373616,1390.1505227094,3976.7977028534,2999.5258233635,2862.6223594298,3383.7563658382,4253.733351817,6427.9410108623,4400.8136572531,5987.5845388535,3298.1509939866,2115.133914908,3575.7943196847,8468.356540254,1692.6755811226,7619.9395642731,4243.4676391833,3296.8833604982,415.4745654438,6732.9100234009
7398.1064576481,1902.7585662777,1239.1018503204,3634.2649783087,1924.9636269193,1507.0982282773,1505.5346056024,3252.3520466608,2740.5066069074,3057.0081132703,1165.0685385364,2760.5883485787,1384.4026756132,2760.2786548414,2159.7359875042,2786.5924241715,650.8991734419,4723.6665659625,530.7805832648,2129.000368589,2134.5278314742,1413.3826697908,346.5068053462,600.8859777218,1038.1895294545,980.0112257079,913.9392227114,1639.5754708987,2259.2660111607,1375.2123256388,2447.980314919,1044.1522018391,460.3058760462,986.7373161903,3108.6786296071,512.7556044946,2752.708313675,1497.5846816349,1025.2986521377,140.3794549651,2365.1062488381
7446.9262566289,1118.3947423774,700.4215332599,2235.7648804105,1161.840523231,1036.4252363582,1076.5138276809,1973.2599406543,1853.6568026595,2044.6655837314,807.7414917452,1709.4825923591,971.6504608278,1805.1002415856,1317.6341207391,2091.7168607258,437.1513979785,2678.2667958497,356.7724095462,1128.3984527897,1217.2353282301,912.6923912567,241.3619834815,388.9300157562,694.3779017186,647.5539437848,606.0751294273,1011.7273253756,1462.5114176709,925.2498711385,1568.0179583476,647.3660337509,277.9366429141,550.1355531922,1881.9048604683,330.7455101896,1827.213030492,868.3665906894,662.8076282693,75.6034203577,1290.9685964002
7541.7837058542,542.0851464043,322.6863074975,934.9456460067,652.8487377987,628.2212200135,427.6191128664,980.460354541,1078.9531011067,1179.6402004979,765.8586495147,974.4702252297,738.0259493228,715.9454926866,538.5558891127,829.2341083186,296.5087061176,1152.0259724069,205.6131805931,505.6033222997,712.6053748432,370.2635281332,112.1589012831,471.8959152108,259.5941185788,242.1905264952,360.3247346513,401.3446314445,1197.0243214823,625.6183910671,615.3320045378,439.663566937,1042.1740434201,280.2192020093,715.9980448958,131.0056984171,780.4554074619,507.0466127958,375.9984354531,32.7458049539,823.3451280882
7556.2684510053,477.6281755986,256.8697886982,900.7365033872,558.4144816915,496.9111795205,365.0459905134,878.8209383834,871.6091658175,944.3736129809,597.8518500093,815.0974954177,499.1819819719,655.3819151116,494.0356004716,717.1389851454,239.7339890404,1037.4807070449,176.9030981259,468.8721814432,777.5148019759,315.2386348987,69.0118105427,371.6356933802,224.7728350481,209.7243513799,271.250211989,366.3687140483,1839.2003678528,472.7085123279,596.2433581966,372.1441020696,1481.764883472,240.0696158569,661.4124054841,117.2452819296,684.7657678282,440.3879520001,320.3082769556,29.5966554046,731.7350370828
7683.0005844661,1402.0661583458,1143.7181133492,4564.5751402774,895.5722443936,2716.3742150538,804.6984204797,2203.1541524658,2459.2622508109,4438.5777840976,978.4878331651,3447.1862497426,2050.0593027556,1629.4226145108,1181.2648893656,1285.2416781884,1467.7561858762,3888.5615880704,1395.9373681499,2586.6850875606,2698.9395756483,522.8110241918,359.4653015853,793.6145793358,230.1866218477,574.7875169552,622.8235786045,490.9489669997,1176.1868959783,1966.6112480491,757.6535726157,851.4701949816,238.3011463035,553.9010860983,1319.416608969,357.2911129245,1547.807636566,1525.8384565681,819.2942601619,102.4303340637,2374.1740410204
7740.4474220883,393.5770945548,270.3316263122,1041.8902730498,341.4875384001,537.1768876866,567.7085574605,699.5429745161,689.9644972291,970.4495249694,296.9909727759,780.2382124046,400.8891857301,557.3050184707,504.0043125695,1010.8638448046,306.2867321137,920.0680943735,276.1991581881,513.1812934589,703.8548256583,373.8867052163,133.2452134688,878.0275592631,231.7389996069,263.0082076824,281.1187829155,384.3852651106,510.1271391818,498.5999359367,519.5670580024,273.2320967819,136.3407531105,187.0382170819,779.7575619233,134.2746651256,934.053917518,536.33732854,331.0288465586,54.9728938919,606.8071996266
7801.6673188085,338.391362388,209.0079886924,821.4633946617,276.449119841,290.921466826,312.3911580573,630.0931506211,553.0627015815,755.2007088436,154.9212573065,602.474280298,285.6369646833,449.4783832087,368.6345412783,596.2097193305,157.1892724841,686.183848128,145.0794544427,338.1045004922,479.341909462,211.4705753071,55.4267377453,231.8255169014,159.9324737785,146.4410160035,118.3035663393,262.3611258316,356.758048501,308.5676482612,402.0235883686,149.3002946274,111.7435528704,140.6623315707,519.8350088771,83.5155189573,563.4350041414,303.3894457865,178.2279747067,20.6067893282,440.4190232095
8107.3948887154,243.8721567644,122.2799529168,732.8363086313,189.0197509394,212.0483143335,283.0111515061,511.4021686266,468.7894720784,537.2606419624,121.2857790408,434.0473932462,197.4983791337,392.9299615888,241.3268055834,561.5152107019,69.2701020333,559.2828383107,141.6589548618,265.4341152964,319.2515639504,162.221604135,62.4544417879,207.8952267706,172.0664872954,105.8756260036,93.7673976763,249.0553243459,570.4932072265,186.1178916658,389.6490681825,123.0956242972,675.10302515,130.5001087338,392.2487758788,64.6561055851,416.7570549374,217.1443264794,124.391857344,12.96705772,349.4477908857
8118.7676744144,365.7504848824,185.3714553064,789.8562236034,329.4294230945,408.5549603762,419.2856798629,617.8088131293,652.4086727329,807.8741747418,332.3385564449,670.0987512326,394.8006069756,594.875121647,381.7984138952,824.2639478569,80.234382197,839.1561864556,212.1400763931,411.2672968151,579.5277643645,349.8463215391,178.0576211931,651.7640942452,276.0489543591,206.0171633086,307.0335934672,394.4650573228,972.1358244179,279.7593221699,680.1278379267,270.1216291671,419.7234009981,281.0772843252,590.0897402914,112.4778985974,691.2489358087,429.8083013997,288.3427046752,18.1789946536,508.1050572424
8324.84585291,545.882749051,311.9478710458,871.4339408947,491.1726728768,721.1835418738,565.3421959344,643.1056135194,851.3662855161,1185.2561690276,421.9870378695,751.0209986114,602.8071979232,1126.474498432,791.8979600388,897.9149074006,251.0752770592,63.0403147566,375.2087301819,42.0842359556,544.7136647634,485.7445478569,216.0066758951,85.8726058233,222.81546888,266.0581257376,314.2002582052,343.287838218,1301.1762163781,437.1596902019,628.1865265985,412.9476439961,3.307377685,352.7542448123,843.5051866458,170.1293474638,1032.8952142812,687.8787074205,468.3825085272,21.8061353403,681.4223089124
8954.6518001869,260.6338950087,177.3074476512,402.5485540241,260.1676827571,354.2508901711,244.8744685164,487.2526468279,535.932767714,831.6829605943,200.4103892514,687.6018126,353.8699662506,416.21669482,358.8627291742,296.6189724219,204.0299538088,616.0329837757,155.9086371473,289.4976350323,464.6284009055,133.3429279742,118.755847816,202.8864361862,87.5106385738,74.9437374033,95.0356597608,132.0652166078,315.110288865,312.7199574828,165.0402741227,78.9605284026,2793.1898689393,216.3245380888,309.9248912413,48.0495025056,424.8685855655,209.4272008419,109.1162733524,14.224488417,438.9432668505
8976.9117246896,590.114283878,421.8645761618,967.2238737703,437.3692169361,647.5542318216,522.6258779871,890.9731809782,1167.6937349134,1539.8024923749,501.4876450019,1256.5677082964,834.7432580579,863.5528810488,774.8872694879,673.3115444391,571.0342390366,1273.2609330762,311.6100765274,658.4209798299,969.8803690094,324.3370529807,246.731297523,627.292527515,129.0632613389,173.6370687306,330.7790174801,271.1656076796,771.7558138005,659.3684828217,402.1630780222,288.3994042394,1489.1862328423,400.4041747781,653.8451316703,119.6105420762,906.0069450547,536.6714734476,315.9240792098,25.9593280838,752.0241436954
9038.4997631875,504.491077442,296.8469824276,949.0160176077,515.722511582,843.5200875232,623.7770961911,859.5279229604,944.1840231759,1587.7587615817,342.2185729107,1177.527497048,657.0126863739,929.4351249127,610.1069291889,825.4983161682,229.8897382984,1401.9623931347,399.7498086795,635.913708664,989.2724070642,306.9835866203,334.2729938482,546.4928725991,155.9687318769,203.440319891,252.4274537066,303.360357,822.2207856934,536.863931063,455.0339374103,214.6194060036,693.5986000917,374.1165859805,663.5816295114,116.8430440245,937.8619403692,560.0779924463,292.7726237809,22.0525836405,787.8286147865
9058.5213744115,1310.6711961725,771.3564042007,2543.6682326671,1513.6275960199,2341.7172587891,1537.762061422,2274.1381656699,2760.2625938048,4047.1154451938,1289.726274087,2899.3794823234,2097.0129842941,2237.3643787892,1453.1017615161,2114.3903201055,468.1931893754,3409.633230007,963.6872809566,1593.5873265102,2275.1386098939,913.9766485525,1420.3225606033,1814.6158604584,486.6668599862,637.977859825,951.7891202271,818.4271883537,2494.2330951901,1301.624979418,1365.7607875242,804.1062257594,681.465371902,925.7610263521,1631.3521307169,477.1213896312,2355.8973232902,1778.4181354324,958.8045778029,45.5423011399,2133.1912134493
9124.7504530878,327.831678182,183.8734056174,572.3184673238,337.7534885928,527.7140680969,366.4085349808,523.1317162536,509.2445515402,917.0954590327,174.1130075905,691.4937759288,344.6632182891,621.254836172,386.878727889,495.6141440865,143.9795676791,867.3301740853,272.5027815978,395.5705015199,694.7837234944,189.1375937322,184.2084390005,278.1376558772,116.06364496,119.4544802308,125.7806793284,198.6741641283,672.0325923126,314.6591724071,309.2185686334,115.4214940492,584.5705667431,247.8243750491,458.4681486527,73.7458368979,582.6040012892,352.5048170543,177.7210943435,20.7919287101,535.1282404616
9225.935552756,318.3463652148,246.5802007779,670.2300146137,336.4217648404,602.6986027472,448.9386992263,536.4700043457,626.641658033,1035.7987891503,252.1940767997,662.3978351185,482.5501690774,636.0197631729,337.8399930615,607.0298913718,226.4851880107,974.0665639551,318.5503435571,454.1498930718,641.1949502941,205.3633811112,296.8738448702,395.9160600456,101.0878456336,137.7830752174,197.0306191729,212.882669813,1095.867897938,329.5524890453,334.4021698224,182.1821713596,177.0218029373,238.7895894387,419.2779857535,76.2831136654,584.5409874126,367.2633512483,215.0243586792,22.3465416264,528.3023817132
9233.6476448802,496.1340364203,361.0914363951,1005.4825635433,565.4873384635,923.0138279101,569.5191492987,857.5690450641,1023.20231703,1459.8850605318,516.5468253606,1003.4833479025,789.5146018389,879.6420022092,508.5868460181,814.0802896166,311.285794222,1464.7049658405,390.1405506241,704.0398672868,889.1938357791,353.0277006805,276.1494438183,729.0216268337,169.1055532759,237.8566835556,362.2572638682,318.5953779172,1199.7784038062,473.4277615405,514.0036768952,353.734244273,166.0542969586,344.1712444496,626.7049970731,129.0751638292,861.2975769963,671.7699384944,408.5253913168,23.2962437473,847.6096078616
9304.9647583058,158.7080207403,103.4137073262,310.2023025571,202.8077411357,284.3740636852,245.3299474433,276.6580041347,278.9639707725,391.8127035404,158.7479069886,296.29599361,187.0348736632,384.1595502399,203.9370094259,346.9082251453,86.6389757331,423.1456931748,112.6760740101,193.1145385492,356.1984385515,121.5345523443,116.3082722708,281.6919493685,93.0854694373,70.3810361765,154.5442565837,144.8743955167,437.2869829751,147.7610330717,220.0003953929,129.6638427025,185.9288566872,146.8418252777,234.8171857916,43.2492202379,332.3705339609,176.6780804422,119.2236194564,13.898475778,259.1690556373
9312.6988973723,174.2081346699,106.018232904,361.6476705735,323.8604618375,317.0970473011,269.1142610813,334.2169209356,368.7026449456,415.9252732395,372.2519187831,302.3951045326,219.1871672691,456.0617528744,251.1348373427,385.01539043,83.1932828594,437.7590341687,112.9074754776,195.811204188,425.2975506983,173.8363553421,125.9154582306,509.9431434931,177.1155219478,95.7841428159,256.4842980655,227.8948313064,633.7243671438,165.5589008333,363.1063822472,323.8819706572,209.1163048605,200.2932255134,262.855139214,57.9142289698,386.4808510186,213.6028026738,205.1606213022,14.5025019317,302.5659024501
9527.2105027511,478.081804582,345.4414457564,658.083766681,458.7179834863,620.6711519792,605.6982074029,781.8888462427,1000.7063594489,957.1062050044,616.1870772482,900.68620602,545.1895837783,1002.7949156493,758.9719277646,823.0348911286,224.5948147293,1189.4307105723,246.8999296658,555.7801402024,911.5181849647,429.1414683362,642.5618717534,708.2882161765,262.3768027905,217.6671366494,349.6533797928,440.5074232577,873.7762337729,464.0069119151,631.3738692739,452.1412316505,5306.8655500494,428.6919064731,720.4008756257,103.7653152387,1060.9126369135,505.8799246372,434.6357536932,22.9428032602,836.5208743919
9549.8250447412,1422.4296212664,985.6807423662,1667.1701423099,1399.5770186881,1775.67514845,1679.8852688885,2185.6338155116,3119.5989880402,2551.1831629847,2311.4952387746,2346.9811914577,1916.2494299476,2503.7175340034,2059.6676364814,2233.2112732354,659.7254791811,3108.6163218366,683.2823494996,1477.8140651891,2218.4027242755,1385.0806848203,1235.1211500616,2605.5065901222,872.1755416689,727.8370517462,1390.1900568687,1192.4702751527,2608.2388994698,1277.1454596088,1828.9847048755,1783.2905277183,1096.1211200294,1181.3956842993,1883.1669414,439.9450115542,2904.6843800159,1706.0541491393,1608.8609465937,48.8796155944,2399.90689254
9615.7658309227,291.5357810782,194.4174491204,426.4258347908,272.3484726198,350.7491816263,350.431836824,461.6177173976,519.020192673,554.0530034718,276.1627322678,511.5995995882,266.2060309507,602.6791326016,444.9402563284,492.8513156307,132.7656245846,669.2424264092,148.2576685079,302.0657418982,563.9351463206,236.4067274531,221.8076539532,301.1241575745,169.8684513048,122.1539372831,158.1109450859,269.3971136593,829.1749358808,253.1299917637,395.7421723311,204.1718177027,1121.1804941633,248.1910578156,441.150509403,62.2485458904,618.8689233929,294.5908108041,216.6124162282,17.8173813821,493.9768315189
9759.1902680754,166.5162693345,135.7891621178,330.4519304803,162.0847556688,198.8460314775,197.7214168668,312.1799780873,306.7458161263,440.7494336139,97.1521736479,343.3375950272,170.728269729,354.3730897935,220.519156654,273.3587662004,120.3320116633,350.6938700561,97.2801916188,142.4581155423,285.6797719435,122.5023058705,399.9235614749,110.5841016138,79.527399672,63.3185651196,76.4020036798,133.9893876315,323.6250167189,170.2673774002,184.0715197334,62.4174975806,197.7837337611,124.5750996817,270.4567674452,34.7629395175,326.4839033779,143.2065206707,91.1280553822,13.4913614839,249.6514284495
10069.4550690171,419.8702327585,241.4178826677,188.5562397533,352.3955737122,1227.6707636761,276.1235660386,876.4656123835,2853.3538472685,1405.5051103329,119.8493109082,855.0622658462,666.2002720282,1212.1711755511,601.9117557433,610.7926287647,1020.324676426,1511.5296125935,406.3901362959,695.6748327417,1657.2810070802,220.0109513888,111.8018239712,152.0606386582,149.1546429504,149.8992328804,164.7756963295,296.13284205,636.8143023459,92.5375626904,354.5871242059,353.900076911,147.3319219947,441.6186146389,612.4298761051,90.1015075687,726.7934710506,390.3603220977,228.5103819956,15.266686174,633.0175071906
10220.0290575781,302.8730966793,227.8308476655,493.8272392331,262.8577868358,380.0986511797,264.6756591017,551.7144179428,759.7496843246,815.2405928797,278.8594544375,677.9508978488,427.9117590775,548.3101729253,434.437195068,369.2444810667,309.8168858353,676.309774306,122.4726871386,302.8295598445,842.0841723044,194.5829213652,80.9739881752,300.3077582748,99.474044082,104.2730511001,160.15942256,185.6841896783,495.8087599501,315.4297314305,234.0089499967,151.408041674,305.0416631191,242.3636721872,385.5647054994,66.5381456382,507.4835401809,254.0776804371,148.6667366775,16.4051673857,422.5537193282
10298.9420337074,184.3551350328,151.7468073425,318.6576082558,176.9799445198,212.0012537415,175.6027767578,341.550333328,375.9332442524,455.0260947543,123.1676548827,413.5837895583,179.1831613862,356.1423107535,285.1719024888,225.225188521,172.9920624896,429.6217008068,92.0773513885,186.3366469771,501.3973049469,132.010651491,105.7299469731,121.550773469,74.17479626,66.913662302,79.868334637,140.3654243243,271.4992704965,200.6610994774,152.2328352057,63.1888293362,216.3005776674,144.2294927373,297.0226054508,34.8259848209,321.6218004439,156.3252273379,97.4526965087,14.881713517,288.9617628862
10386.7421729921,318.7128364525,276.4533442014,727.6937416087,329.8710871709,401.7470607848,265.6906813091,771.5707496164,851.248293744,983.3571867007,331.4111323618,893.8905466856,496.5305988697,560.4563750292,426.9346573097,385.1266720464,264.5274758641,753.0991415703,156.3215765563,342.4962885743,730.4680041207,209.9590795063,76.7721575661,299.4891270832,119.9172626987,105.3869416867,142.2312088099,214.3702473262,527.8778915847,417.0311506922,268.049591251,159.0702921525,251.506599569,229.9939896015,460.0524807586,66.0352751056,529.1186070607,314.183711042,179.9955431078,16.786141415,588.7103276405
10485.695210585,463.938894707,397.3663231998,1056.2720369194,407.8253076618,623.4743459037,328.311413684,942.3970042894,1163.781211863,1566.2425485114,480.8053961345,1244.9010247763,769.671960017,727.7162633132,504.0193213349,431.5611405942,428.0279637093,1237.497485956,340.4713811979,565.2594699814,944.7928005125,222.7909059109,105.3146789562,356.7455666733,100.3253296908,136.7475902584,189.9588595767,217.7579725549,532.0189804028,791.1461282636,294.4832354412,243.7812039707,407.1140878234,257.1563437608,550.570714473,102.0973676736,608.6671885404,453.3724492072,269.3460338428,17.1474796772,852.4577514708
10934.6131366834,265.9475783955,223.2496331304,919.0250106636,385.797634033,531.227853734,348.1544073174,808.9093323561,878.406940442,1093.6516680369,314.2678593146,944.6069589709,533.2117620953,525.3967384883,263.6743077945,523.7865066483,111.0838691419,829.8936830963,197.7770212586,411.1341458983,683.9959332042,223.8926014216,88.0534058423,425.9859029667,143.035130477,158.7855851059,178.8116292001,253.1542704513,627.1769508888,330.7833128326,373.1221299732,229.8097458595,85.4126987548,222.5627939865,431.0579948387,76.4496578398,558.9717787072,336.4157972039,270.465618149,14.7700711941,683.386219815
12693.9543071496,136.813260428,118.245969077,266.8933219305,141.9440983812,167.0543024729,112.7100225016,264.0448553763,264.9618027069,462.7518862609,71.0690025333,298.5370564757,155.2936239529,237.7398699854,143.0236455162,214.4865572352,96.1190544351,345.7899209114,90.3174586365,112.0733494469,122.5580283702,102.8669016997,24.5560133695,30.1734112203,37.6555706028,67.9328060997,43.8556177509,94.6636383645,310.0018169627,138.4265147923,118.4970470837,49.4894825568,47.8962572301,68.9495373626,231.8541702013,32.4612331306,237.8904038863,125.4157099779,84.0075482741,15.108761155,196.555891102